freq[Hz],db:Trc2_S21,ang:Trc2_S21
1.100000000000000E+011,-7.23E+00,-3.16E+01
1.100200066688896E+011,-7.40E+00,-7.18E+01
1.100400133377793E+011,-7.36E+00,-1.13E+02
1.100600200066689E+011,-7.46E+00,-1.54E+02
1.100800266755585E+011,-7.39E+00,1.661314114782806E+002
1.101000333444482E+011,-7.27E+00,1.243331899785119E+002
1.101200400133378E+011,-7.26E+00,8.278009842090668E+001
1.101400466822274E+011,-7.32E+00,4.057022869011076E+001
1.101600533511170E+011,-7.51E+00,-6.99E-01
1.101800600200067E+011,-7.53E+00,-4.13E+01
1.102000666888963E+011,-7.52E+00,-8.24E+01
1.102200733577859E+011,-7.46E+00,-1.25E+02
1.102400800266756E+011,-7.61E+00,-1.67E+02
1.102600866955652E+011,-7.91E+00,1.521257913127049E+002
1.102800933644548E+011,-7.98E+00,1.128271303014499E+002
1.103001000333445E+011,-7.78E+00,7.280707733130788E+001
1.103201067022341E+011,-7.67E+00,3.029524072125383E+001
1.103401133711237E+011,-7.86E+00,-1.17E+01
1.103601200400133E+011,-8.11E+00,-5.19E+01
1.103801267089030E+011,-8.16E+00,-9.14E+01
1.104001333777926E+011,-8.09E+00,-1.31E+02
1.104201400466822E+011,-7.97E+00,-1.71E+02
1.104401467155719E+011,-7.93E+00,1.475775572017832E+002
1.104601533844615E+011,-8.01E+00,1.072150606553288E+002
1.104801600533511E+011,-8.15E+00,6.757678732497465E+001
1.105001667222408E+011,-8.13E+00,3.000867082701974E+001
1.105201733911304E+011,-7.72E+00,-8.32E+00
1.105401800600200E+011,-7.18E+00,-4.96E+01
1.105601867289096E+011,-7.13E+00,-9.23E+01
1.105801933977993E+011,-7.35E+00,-1.32E+02
1.106002000666889E+011,-7.07E+00,-1.70E+02
1.106202067355785E+011,-6.51E+00,1.491453697835151E+002
1.106402134044682E+011,-6.41E+00,1.054926336168030E+002
1.106602200733578E+011,-6.80E+00,6.436925924256053E+001
1.106802267422474E+011,-6.90E+00,2.634861213154364E+001
1.107002334111370E+011,-6.58E+00,-1.24E+01
1.107202400800267E+011,-6.21E+00,-5.36E+01
1.107402467489163E+011,-6.11E+00,-9.61E+01
1.107602534178059E+011,-6.34E+00,-1.38E+02
1.107802600866956E+011,-6.58E+00,-1.76E+02
1.108002667555852E+011,-6.29E+00,1.444217473975035E+002
1.108202734244748E+011,-5.94E+00,1.031930100044336E+002
1.108402800933645E+011,-5.78E+00,6.063967889326666E+001
1.108602867622541E+011,-5.94E+00,1.832253201146322E+001
1.108802934311437E+011,-5.91E+00,-2.16E+01
1.109003001000333E+011,-5.74E+00,-6.32E+01
1.109203067689230E+011,-5.63E+00,-1.06E+02
1.109403134378126E+011,-5.62E+00,-1.48E+02
1.109603201067022E+011,-5.83E+00,1.694401087534610E+002
1.109803267755919E+011,-5.95E+00,1.283389673782586E+002
1.110003334444815E+011,-5.95E+00,8.785250057587028E+001
1.110203401133711E+011,-5.81E+00,4.640715463571595E+001
1.110403467822608E+011,-5.84E+00,3.521601249653179E+000
1.110603534511504E+011,-6.02E+00,-3.80E+01
1.110803601200400E+011,-6.20E+00,-7.91E+01
1.111003667889296E+011,-6.20E+00,-1.19E+02
1.111203734578193E+011,-6.04E+00,-1.60E+02
1.111403801267089E+011,-5.96E+00,1.583356498266453E+002
1.111603867955985E+011,-6.04E+00,1.168531741599437E+002
1.111803934644882E+011,-6.06E+00,7.551056313070417E+001
1.112004001333778E+011,-6.10E+00,3.436189388922882E+001
1.112204068022674E+011,-6.07E+00,-6.74E+00
1.112404134711571E+011,-6.21E+00,-4.87E+01
1.112604201400467E+011,-6.25E+00,-8.83E+01
1.112804268089363E+011,-6.27E+00,-1.29E+02
1.113004334778259E+011,-6.35E+00,-1.70E+02
1.113204401467156E+011,-6.42E+00,1.495404493573562E+002
1.113404468156052E+011,-6.66E+00,1.096965623288430E+002
1.113604534844948E+011,-6.52E+00,7.158756971851173E+001
1.113804601533845E+011,-6.38E+00,3.115807193503468E+001
1.114004668222741E+011,-6.34E+00,-8.99E+00
1.114204734911637E+011,-6.26E+00,-4.97E+01
1.114404801600533E+011,-6.51E+00,-8.97E+01
1.114604868289430E+011,-6.31E+00,-1.28E+02
1.114804934978326E+011,-6.16E+00,-1.69E+02
1.115005001667222E+011,-6.12E+00,1.503893649019850E+002
1.115205068356119E+011,-6.15E+00,1.098324951213315E+002
1.115405135045015E+011,-6.16E+00,7.034736622805198E+001
1.115605201733911E+011,-5.94E+00,3.075996780830393E+001
1.115805268422808E+011,-5.65E+00,-1.06E+01
1.116005335111704E+011,-5.57E+00,-5.26E+01
1.116205401800600E+011,-5.73E+00,-9.41E+01
1.116405468489497E+011,-5.64E+00,-1.33E+02
1.116605535178393E+011,-5.45E+00,-1.74E+02
1.116805601867289E+011,-5.15E+00,1.448069095383258E+002
1.117005668556186E+011,-5.03E+00,1.021004026739990E+002
1.117205735245082E+011,-5.17E+00,5.970128487434054E+001
1.117405801933978E+011,-5.10E+00,1.933125488025671E+001
1.117605868622874E+011,-5.01E+00,-2.20E+01
1.117805935311771E+011,-4.84E+00,-6.39E+01
1.118006002000667E+011,-4.79E+00,-1.07E+02
1.118206068689563E+011,-5.05E+00,-1.49E+02
1.118406135378460E+011,-5.07E+00,1.696056400366519E+002
1.118606202067356E+011,-5.17E+00,1.285995010430108E+002
1.118806268756252E+011,-5.21E+00,8.815688664577561E+001
1.119006335445148E+011,-5.09E+00,4.711458633671905E+001
1.119206402134045E+011,-5.07E+00,5.674255493617299E+000
1.119406468822941E+011,-5.01E+00,-3.63E+01
1.119606535511837E+011,-5.13E+00,-7.84E+01
1.119806602200734E+011,-5.29E+00,-1.19E+02
1.120006668889630E+011,-5.29E+00,-1.60E+02
1.120206735578526E+011,-5.24E+00,1.590036290721295E+002
1.120406802267423E+011,-5.35E+00,1.169391999084952E+002
1.120606868956319E+011,-5.58E+00,7.597352934157867E+001
1.120806935645215E+011,-5.71E+00,3.608835770345927E+001
1.121007002334111E+011,-5.84E+00,-4.14E+00
1.121207069023008E+011,-5.73E+00,-4.41E+01
1.121407135711904E+011,-5.75E+00,-8.56E+01
1.121607202400800E+011,-5.94E+00,-1.26E+02
1.121807269089697E+011,-6.09E+00,-1.66E+02
1.122007335778593E+011,-6.35E+00,1.558213785830840E+002
1.122207402467489E+011,-5.98E+00,1.163347374876895E+002
1.122407469156386E+011,-5.97E+00,7.438333567144117E+001
1.122607535845282E+011,-6.26E+00,3.412313150500815E+001
1.122807602534178E+011,-6.52E+00,-4.83E+00
1.123007669223074E+011,-6.37E+00,-4.11E+01
1.123207735911971E+011,-5.88E+00,-8.22E+01
1.123407802600867E+011,-5.86E+00,-1.25E+02
1.123607869289763E+011,-6.13E+00,-1.66E+02
1.123807935978660E+011,-6.77E+00,1.543501582345226E+002
1.124008002667556E+011,-6.35E+00,1.193406878252276E+002
1.124208069356452E+011,-5.86E+00,7.724471255888167E+001
1.124408136045349E+011,-5.90E+00,3.372818907335105E+001
1.124608202734245E+011,-6.37E+00,-8.24E+00
1.124808269423141E+011,-6.92E+00,-4.53E+01
1.125008336112037E+011,-6.40E+00,-8.37E+01
1.125208402800934E+011,-6.12E+00,-1.26E+02
1.125408469489830E+011,-6.23E+00,-1.69E+02
1.125608536178726E+011,-6.67E+00,1.487141535602597E+002
1.125808602867623E+011,-6.88E+00,1.106927144242068E+002
1.126008669556519E+011,-6.72E+00,7.003023580335545E+001
1.126208736245415E+011,-6.76E+00,2.753531381898051E+001
1.126408802934311E+011,-7.15E+00,-1.41E+01
1.126608869623208E+011,-7.68E+00,-5.19E+01
1.126808936312104E+011,-7.34E+00,-8.91E+01
1.127009003001000E+011,-6.88E+00,-1.29E+02
1.127209069689897E+011,-6.63E+00,-1.72E+02
1.127409136378793E+011,-6.80E+00,1.454099657113762E+002
1.127609203067689E+011,-6.65E+00,1.065988447627361E+002
1.127809269756586E+011,-6.43E+00,6.396663074559783E+001
1.128009336445482E+011,-6.42E+00,2.221928922364701E+001
1.128209403134378E+011,-6.47E+00,-1.94E+01
1.128409469823274E+011,-6.53E+00,-5.96E+01
1.128609536512171E+011,-6.19E+00,-1.01E+02
1.128809603201067E+011,-6.16E+00,-1.43E+02
1.129009669889963E+011,-6.34E+00,1.745705743483028E+002
1.129209736578860E+011,-6.55E+00,1.345630633602065E+002
1.129409803267756E+011,-6.41E+00,9.583985630817723E+001
1.129609869956652E+011,-6.24E+00,5.359838620094833E+001
1.129809936645549E+011,-6.27E+00,1.288975225343523E+001
1.130010003334445E+011,-6.37E+00,-2.79E+01
1.130210070023341E+011,-6.63E+00,-6.71E+01
1.130410136712237E+011,-6.42E+00,-1.05E+02
1.130610203401134E+011,-6.50E+00,-1.45E+02
1.130810270090030E+011,-6.47E+00,1.768479375752049E+002
1.131010336778926E+011,-6.29E+00,1.377593295569345E+002
1.131210403467823E+011,-6.28E+00,9.829508199411373E+001
1.131410470156719E+011,-6.35E+00,5.945658677353655E+001
1.131610536845615E+011,-6.21E+00,2.203756569337541E+001
1.131810603534512E+011,-5.82E+00,-1.74E+01
1.132010670223408E+011,-5.67E+00,-5.88E+01
1.132210736912304E+011,-5.84E+00,-9.95E+01
1.132410803601200E+011,-5.99E+00,-1.38E+02
1.132610870290097E+011,-5.65E+00,-1.77E+02
1.132810936978993E+011,-5.38E+00,1.417021761846252E+002
1.133011003667889E+011,-5.33E+00,9.948599402175472E+001
1.133211070356786E+011,-5.43E+00,5.775841309210753E+001
1.133411137045682E+011,-5.62E+00,1.670993849057035E+001
1.133611203734578E+011,-5.65E+00,-2.33E+01
1.133811270423474E+011,-5.53E+00,-6.41E+01
1.134011337112371E+011,-5.44E+00,-1.06E+02
1.134211403801267E+011,-5.50E+00,-1.49E+02
1.134411470490163E+011,-5.82E+00,1.686393833827984E+002
1.134611537179060E+011,-6.00E+00,1.289568528943243E+002
1.134811603867956E+011,-5.84E+00,8.860783009535105E+001
1.135011670556852E+011,-5.62E+00,4.615397223696355E+001
1.135211737245749E+011,-5.70E+00,1.827957101743400E+000
1.135411803934645E+011,-6.23E+00,-4.04E+01
1.135611870623541E+011,-6.52E+00,-7.88E+01
1.135811937312437E+011,-6.09E+00,-1.18E+02
1.136012004001334E+011,-5.80E+00,-1.62E+02
1.136212070690230E+011,-5.81E+00,1.538203577934677E+002
1.136412137379126E+011,-6.25E+00,1.110727516600137E+002
1.136612204068023E+011,-6.53E+00,7.188537519543468E+001
1.136812270756919E+011,-6.23E+00,3.147421442504837E+001
1.137012337445815E+011,-6.25E+00,-1.19E+01
1.137212404134712E+011,-6.56E+00,-5.38E+01
1.137412470823608E+011,-6.86E+00,-9.34E+01
1.137612537512504E+011,-6.82E+00,-1.32E+02
1.137812604201401E+011,-6.58E+00,-1.73E+02
1.138012670890297E+011,-6.66E+00,1.442112491261269E+002
1.138212737579193E+011,-7.02E+00,1.033372200355082E+002
1.138412804268089E+011,-7.29E+00,6.485157308430938E+001
1.138612870956986E+011,-7.18E+00,2.628832414810925E+001
1.138812937645882E+011,-7.16E+00,-1.49E+01
1.139013004334778E+011,-7.30E+00,-5.57E+01
1.139213071023675E+011,-7.67E+00,-9.65E+01
1.139413137712571E+011,-8.18E+00,-1.34E+02
1.139613204401467E+011,-7.98E+00,-1.70E+02
1.139813271090364E+011,-7.61E+00,1.490074589424216E+002
1.140013337779260E+011,-7.64E+00,1.058833302010473E+002
1.140213404468156E+011,-8.34E+00,6.410731993751651E+001
1.140413471157052E+011,-8.85E+00,2.964215853711317E+001
1.140613537845949E+011,-8.31E+00,-7.84E+00
1.140813604534845E+011,-7.99E+00,-4.90E+01
1.141013671223741E+011,-8.03E+00,-9.16E+01
1.141213737912638E+011,-8.64E+00,-1.32E+02
1.141413804601534E+011,-8.58E+00,-1.67E+02
1.141613871290430E+011,-8.17E+00,1.540306182429727E+002
1.141813937979327E+011,-7.63E+00,1.129638324477099E+002
1.142014004668223E+011,-7.48E+00,6.901546445546150E+001
1.142214071357119E+011,-7.85E+00,2.804182204371440E+001
1.142414138046015E+011,-7.80E+00,-1.10E+01
1.142614204734912E+011,-7.65E+00,-5.05E+01
1.142814271423808E+011,-7.26E+00,-9.25E+01
1.143014338112704E+011,-7.51E+00,-1.36E+02
1.143214404801601E+011,-8.02E+00,-1.73E+02
1.143414471490497E+011,-7.59E+00,1.487036628331973E+002
1.143614538179393E+011,-7.25E+00,1.083018210199521E+002
1.143814604868290E+011,-7.17E+00,6.631672803698800E+001
1.144014671557186E+011,-7.30E+00,2.736806010821165E+001
1.144214738246082E+011,-6.88E+00,-1.16E+01
1.144414804934978E+011,-6.58E+00,-5.26E+01
1.144614871623875E+011,-6.33E+00,-9.42E+01
1.144814938312771E+011,-6.36E+00,-1.36E+02
1.145015005001667E+011,-6.45E+00,-1.76E+02
1.145215071690564E+011,-6.31E+00,1.439410476995525E+002
1.145415138379460E+011,-6.21E+00,1.036107652557319E+002
1.145615205068356E+011,-6.13E+00,6.289727378073543E+001
1.145815271757252E+011,-6.11E+00,2.236686667460834E+001
1.146015338446149E+011,-6.15E+00,-1.83E+01
1.146215405135045E+011,-6.24E+00,-5.80E+01
1.146415471823941E+011,-6.16E+00,-9.72E+01
1.146615538512838E+011,-5.91E+00,-1.38E+02
1.146815605201734E+011,-5.98E+00,1.795393322205261E+002
1.147015671890630E+011,-6.43E+00,1.398811576554236E+002
1.147215738579527E+011,-6.40E+00,1.016300050788643E+002
1.147415805268423E+011,-6.22E+00,6.120758093564108E+001
1.147615871957319E+011,-6.22E+00,1.979517859526189E+001
1.147815938646215E+011,-6.55E+00,-2.19E+01
1.148016005335112E+011,-6.74E+00,-5.95E+01
1.148216072024008E+011,-6.62E+00,-9.91E+01
1.148416138712904E+011,-6.50E+00,-1.39E+02
1.148616205401801E+011,-6.35E+00,1.795129345311123E+002
1.148816272090697E+011,-6.58E+00,1.380877177312279E+002
1.149016338779593E+011,-6.55E+00,9.887685869350709E+001
1.149216405468490E+011,-6.53E+00,5.749177456772404E+001
1.149416472157386E+011,-6.57E+00,1.691823388427472E+001
1.149616538846282E+011,-6.58E+00,-2.49E+01
1.149816605535178E+011,-6.94E+00,-6.51E+01
1.150016672224075E+011,-6.74E+00,-1.04E+02
1.150216738912971E+011,-6.70E+00,-1.46E+02
1.150416805601867E+011,-6.75E+00,1.723501142103495E+002
1.150616872290764E+011,-6.96E+00,1.313864898551786E+002
1.150816938979660E+011,-6.96E+00,9.222070050531261E+001
1.151017005668556E+011,-6.80E+00,5.031135943586912E+001
1.151217072357453E+011,-6.86E+00,8.779829750536747E+000
1.151417139046349E+011,-6.98E+00,-3.32E+01
1.151617205735245E+011,-7.34E+00,-7.33E+01
1.151817272424141E+011,-7.27E+00,-1.13E+02
1.152017339113038E+011,-7.35E+00,-1.53E+02
1.152217405801934E+011,-7.16E+00,1.677940127336364E+002
1.152417472490830E+011,-6.92E+00,1.255005151006682E+002
1.152617539179727E+011,-7.13E+00,8.334224426989488E+001
1.152817605868623E+011,-7.29E+00,4.314169319943348E+001
1.153017672557519E+011,-7.37E+00,3.391133943020245E+000
1.153217739246415E+011,-7.15E+00,-3.60E+01
1.153417805935312E+011,-6.98E+00,-7.84E+01
1.153617872624208E+011,-7.21E+00,-1.20E+02
1.153817939313104E+011,-7.31E+00,-1.60E+02
1.154018006002001E+011,-7.35E+00,1.609404380210150E+002
1.154218072690897E+011,-7.13E+00,1.213676191762146E+002
1.154418139379793E+011,-6.93E+00,8.026395977618590E+001
1.154618206068690E+011,-6.88E+00,3.880321966010593E+001
1.154818272757586E+011,-6.99E+00,-2.66E+00
1.155018339446482E+011,-7.14E+00,-4.25E+01
1.155218406135378E+011,-7.03E+00,-8.24E+01
1.155418472824275E+011,-6.98E+00,-1.24E+02
1.155618539513171E+011,-7.22E+00,-1.66E+02
1.155818606202067E+011,-7.41E+00,1.540460739586000E+002
1.156018672890964E+011,-7.56E+00,1.142654022304782E+002
1.156218739579860E+011,-7.62E+00,7.390517881913782E+001
1.156418806268756E+011,-7.84E+00,3.201713385306730E+001
1.156618872957653E+011,-8.28E+00,-7.04E+00
1.156818939646549E+011,-8.49E+00,-4.56E+01
1.157019006335445E+011,-8.53E+00,-8.36E+01
1.157219073024341E+011,-8.38E+00,-1.23E+02
1.157419139713238E+011,-8.57E+00,-1.63E+02
1.157619206402134E+011,-8.57E+00,1.582460643841535E+002
1.157819273091030E+011,-8.37E+00,1.183527770454473E+002
1.158019339779927E+011,-8.27E+00,7.699014841268644E+001
1.158219406468823E+011,-8.43E+00,3.487350474910312E+001
1.158419473157719E+011,-8.88E+00,-4.10E+00
1.158619539846616E+011,-8.66E+00,-4.29E+01
1.158819606535512E+011,-8.64E+00,-8.46E+01
1.159019673224408E+011,-8.87E+00,-1.26E+02
1.159219739913304E+011,-9.16E+00,-1.65E+02
1.159419806602201E+011,-8.95E+00,1.565231323827810E+002
1.159619873291097E+011,-8.92E+00,1.140880574066020E+002
1.159819939979993E+011,-9.55E+00,7.354022943030481E+001
1.160020006668890E+011,-9.85E+00,3.818339676543623E+001
1.160220073357786E+011,-9.37E+00,2.298015833120777E+000
1.160420140046682E+011,-8.59E+00,-3.98E+01
1.160620206735579E+011,-8.91E+00,-8.43E+01
1.160820273424475E+011,-9.61E+00,-1.21E+02
1.161020340113371E+011,-9.19E+00,-1.56E+02
1.161220406802268E+011,-8.23E+00,1.653818266741164E+002
1.161420473491164E+011,-7.71E+00,1.206440607353986E+002
1.161620540180060E+011,-8.04E+00,7.809170557628296E+001
1.161820606868956E+011,-8.11E+00,4.035969951002574E+001
1.162020673557853E+011,-7.60E+00,1.535360866752379E+000
1.162220740246749E+011,-7.01E+00,-4.07E+01
1.162420806935645E+011,-6.95E+00,-8.43E+01
1.162620873624542E+011,-7.13E+00,-1.25E+02
1.162820940313438E+011,-7.16E+00,-1.65E+02
1.163021007002334E+011,-6.87E+00,1.550500029530340E+002
1.163221073691231E+011,-6.75E+00,1.130252117285189E+002
1.163421140380127E+011,-6.75E+00,7.246753401428970E+001
1.163621207069023E+011,-6.69E+00,3.163343702261692E+001
1.163821273757919E+011,-6.67E+00,-8.51E+00
1.164021340446816E+011,-6.51E+00,-4.87E+01
1.164221407135712E+011,-6.24E+00,-8.97E+01
1.164421473824608E+011,-6.12E+00,-1.32E+02
1.164621540513505E+011,-6.44E+00,-1.74E+02
1.164821607202401E+011,-6.73E+00,1.478300379094812E+002
1.165021673891297E+011,-6.32E+00,1.090676360340302E+002
1.165221740580194E+011,-5.97E+00,6.769662111706415E+001
1.165421807269090E+011,-5.87E+00,2.518887602548887E+001
1.165621873957986E+011,-6.13E+00,-1.62E+01
1.165821940646882E+011,-6.24E+00,-5.44E+01
1.166022007335779E+011,-5.87E+00,-9.45E+01
1.166222074024675E+011,-5.68E+00,-1.37E+02
1.166422140713571E+011,-5.71E+00,-1.79E+02
1.166622207402468E+011,-5.95E+00,1.402925736960717E+002
1.166822274091364E+011,-5.99E+00,1.016601605594509E+002
1.167022340780260E+011,-5.78E+00,6.057463944569805E+001
1.167222407469156E+011,-5.78E+00,1.867491322747039E+001
1.167422474158053E+011,-6.02E+00,-2.29E+01
1.167622540846949E+011,-6.34E+00,-6.23E+01
1.167822607535845E+011,-6.23E+00,-1.02E+02
1.168022674224742E+011,-6.10E+00,-1.42E+02
1.168222740913638E+011,-6.05E+00,1.759823954762327E+002
1.168422807602534E+011,-6.29E+00,1.342083900913947E+002
1.168622874291431E+011,-6.70E+00,9.413390311626735E+001
1.168822940980327E+011,-7.02E+00,5.597790893565368E+001
1.169023007669223E+011,-6.84E+00,1.915488640133316E+001
1.169223074358119E+011,-6.39E+00,-2.15E+01
1.169423141047016E+011,-6.37E+00,-6.40E+01
1.169623207735912E+011,-6.53E+00,-1.04E+02
1.169823274424808E+011,-6.67E+00,-1.44E+02
1.170023341113705E+011,-6.56E+00,1.771583073569060E+002
1.170223407802601E+011,-6.23E+00,1.362186472479011E+002
1.170423474491497E+011,-6.28E+00,9.341000474622189E+001
1.170623541180394E+011,-6.57E+00,5.346605133715473E+001
1.170823607869290E+011,-6.62E+00,1.427519655072876E+001
1.171023674558186E+011,-6.48E+00,-2.52E+01
1.171223741247082E+011,-6.15E+00,-6.61E+01
1.171423807935979E+011,-6.12E+00,-1.09E+02
1.171623874624875E+011,-6.33E+00,-1.51E+02
1.171823941313771E+011,-6.45E+00,1.693870186912729E+002
1.172024008002668E+011,-6.37E+00,1.287992309170752E+002
1.172224074691564E+011,-6.26E+00,8.730711525462769E+001
1.172424141380460E+011,-6.45E+00,4.511323861775116E+001
1.172624208069356E+011,-6.79E+00,4.607048039883146E+000
1.172824274758253E+011,-7.01E+00,-3.49E+01
1.173024341447149E+011,-7.13E+00,-7.38E+01
1.173224408136045E+011,-6.99E+00,-1.13E+02
1.173424474824942E+011,-6.87E+00,-1.55E+02
1.173624541513838E+011,-7.17E+00,1.650653181566577E+002
1.173824608202734E+011,-7.22E+00,1.258566788712664E+002
1.174024674891631E+011,-7.37E+00,8.625453007082125E+001
1.174224741580527E+011,-7.32E+00,4.883034457227116E+001
1.174424808269423E+011,-7.10E+00,8.849959868344596E+000
1.174624874958319E+011,-7.11E+00,-3.00E+01
1.174824941647216E+011,-6.78E+00,-6.90E+01
1.175025008336112E+011,-6.58E+00,-1.10E+02
1.175225075025008E+011,-6.31E+00,-1.50E+02
1.175425141713905E+011,-6.28E+00,1.674670735360661E+002
1.175625208402801E+011,-6.56E+00,1.270159399153134E+002
1.175825275091697E+011,-6.64E+00,8.897484049095877E+001
1.176025341780594E+011,-6.23E+00,4.984537416016449E+001
1.176225408469490E+011,-5.93E+00,8.357900386651885E+000
1.176425475158386E+011,-6.06E+00,-3.44E+01
1.176625541847282E+011,-6.42E+00,-7.33E+01
1.176825608536179E+011,-6.13E+00,-1.12E+02
1.177025675225075E+011,-6.02E+00,-1.53E+02
1.177225741913971E+011,-6.01E+00,1.668390235643765E+002
1.177425808602868E+011,-6.12E+00,1.261449189020889E+002
1.177625875291764E+011,-6.18E+00,8.904091805104153E+001
1.177825941980660E+011,-5.58E+00,4.778456079404374E+001
1.178026008669557E+011,-5.59E+00,4.255279453850433E+000
1.178226075358453E+011,-5.98E+00,-3.72E+01
1.178426142047349E+011,-6.31E+00,-7.65E+01
1.178626208736245E+011,-6.21E+00,-1.14E+02
1.178826275425142E+011,-5.98E+00,-1.56E+02
1.179026342114038E+011,-6.28E+00,1.617739968657728E+002
1.179226408802934E+011,-6.59E+00,1.217412048736595E+002
1.179426475491831E+011,-6.78E+00,8.316553359795513E+001
1.179626542180727E+011,-6.53E+00,4.343629569869828E+001
1.179826608869623E+011,-6.55E+00,1.792821725815379E+000
1.180026675558520E+011,-6.66E+00,-3.96E+01
1.180226742247416E+011,-7.07E+00,-8.01E+01
1.180426808936312E+011,-7.23E+00,-1.17E+02
1.180626875625208E+011,-6.85E+00,-1.55E+02
1.180826942314105E+011,-6.37E+00,1.635318063798934E+002
1.181027009003001E+011,-6.39E+00,1.205171629955403E+002
1.181227075691897E+011,-6.67E+00,8.161874274412254E+001
1.181427142380794E+011,-6.31E+00,4.245489839454768E+001
1.181627209069690E+011,-5.97E+00,1.803257854674876E+000
1.181827275758586E+011,-5.75E+00,-4.09E+01
1.182027342447483E+011,-5.94E+00,-8.32E+01
1.182227409136379E+011,-5.98E+00,-1.23E+02
1.182427475825275E+011,-5.78E+00,-1.64E+02
1.182627542514171E+011,-5.77E+00,1.550594646241344E+002
1.182827609203068E+011,-5.83E+00,1.140523724051254E+002
1.183027675891964E+011,-5.91E+00,7.399879900574263E+001
1.183227742580860E+011,-5.75E+00,3.426079378963139E+001
1.183427809269757E+011,-5.58E+00,-7.44E+00
1.183627875958653E+011,-5.65E+00,-4.97E+01
1.183827942647549E+011,-6.07E+00,-8.92E+01
1.184028009336446E+011,-5.86E+00,-1.27E+02
1.184228076025342E+011,-5.48E+00,-1.68E+02
1.184428142714238E+011,-5.47E+00,1.498544155480954E+002
1.184628209403135E+011,-5.78E+00,1.081666147161123E+002
1.184828276092031E+011,-6.19E+00,7.124800158920716E+001
1.185028342780927E+011,-5.70E+00,3.387453933136774E+001
1.185228409469823E+011,-5.37E+00,-8.31E+00
1.185428476158720E+011,-5.51E+00,-5.03E+01
1.185628542847616E+011,-5.81E+00,-9.08E+01
1.185828609536512E+011,-5.94E+00,-1.29E+02
1.186028676225409E+011,-5.72E+00,-1.69E+02
1.186228742914305E+011,-5.72E+00,1.501600563039674E+002
1.186428809603201E+011,-5.64E+00,1.098239241755352E+002
1.186628876292097E+011,-5.64E+00,6.815719387452863E+001
1.186828942980994E+011,-5.75E+00,2.733366906879237E+001
1.187029009669890E+011,-5.67E+00,-1.35E+01
1.187229076358786E+011,-5.76E+00,-5.43E+01
1.187429143047683E+011,-5.57E+00,-9.46E+01
1.187629209736579E+011,-5.40E+00,-1.37E+02
1.187829276425475E+011,-5.66E+00,-1.80E+02
1.188029343114372E+011,-5.71E+00,1.393252668924885E+002
1.188229409803268E+011,-5.82E+00,9.840576806438342E+001
1.188429476492164E+011,-5.72E+00,5.764047146188071E+001
1.188629543181060E+011,-5.75E+00,1.448310433353397E+001
1.188829609869957E+011,-6.19E+00,-2.65E+01
1.189029676558853E+011,-6.37E+00,-6.69E+01
1.189229743247749E+011,-6.56E+00,-1.06E+02
1.189429809936646E+011,-6.48E+00,-1.46E+02
1.189629876625542E+011,-6.46E+00,1.733186632428729E+002
1.189829943314438E+011,-6.60E+00,1.328270119032082E+002
1.190030010003335E+011,-6.87E+00,9.323770945263229E+001
1.190230076692231E+011,-6.88E+00,5.611571992754241E+001
1.190430143381127E+011,-6.53E+00,1.697642907205091E+001
1.190630210070023E+011,-6.42E+00,-2.26E+01
1.190830276758920E+011,-6.10E+00,-6.28E+01
1.191030343447816E+011,-6.16E+00,-1.04E+02
1.191230410136712E+011,-6.24E+00,-1.43E+02
1.191430476825609E+011,-6.20E+00,1.777155765433436E+002
1.191630543514505E+011,-5.90E+00,1.386241822650068E+002
1.191830610203401E+011,-5.92E+00,9.720434677327614E+001
1.192030676892297E+011,-6.07E+00,5.847915132390955E+001
1.192230743581194E+011,-6.00E+00,1.969413904171323E+001
1.192430810270090E+011,-6.02E+00,-1.83E+01
1.192630876958986E+011,-5.61E+00,-5.82E+01
1.192830943647883E+011,-5.77E+00,-9.90E+01
1.193031010336779E+011,-5.88E+00,-1.37E+02
1.193231077025675E+011,-5.60E+00,-1.75E+02
1.193431143714572E+011,-5.38E+00,1.462214338942780E+002
1.193631210403468E+011,-4.91E+00,1.048154003251150E+002
1.193831277092364E+011,-5.02E+00,6.226236539154940E+001
1.194031343781260E+011,-5.32E+00,2.209981761476283E+001
1.194231410470157E+011,-5.42E+00,-1.68E+01
1.194431477159053E+011,-5.12E+00,-5.44E+01
1.194631543847949E+011,-4.73E+00,-9.73E+01
1.194831610536846E+011,-4.89E+00,-1.41E+02
1.195031677225742E+011,-5.41E+00,1.774769217091905E+002
1.195231743914638E+011,-5.91E+00,1.397667417095150E+002
1.195431810603535E+011,-5.34E+00,1.029569026614295E+002
1.195631877292431E+011,-4.92E+00,5.932592068897874E+001
1.195831943981327E+011,-5.12E+00,1.549776534597980E+001
1.196032010670223E+011,-5.65E+00,-2.67E+01
1.196232077359120E+011,-6.31E+00,-6.36E+01
1.196432144048016E+011,-5.83E+00,-1.01E+02
1.196632210736912E+011,-5.46E+00,-1.44E+02
1.196832277425809E+011,-5.73E+00,1.731784627850122E+002
1.197032344114705E+011,-6.27E+00,1.331502939143049E+002
1.197232410803601E+011,-6.37E+00,9.555117336474497E+001
1.197432477492498E+011,-6.29E+00,5.729245105656171E+001
1.197632544181394E+011,-5.95E+00,1.697108135262055E+001
1.197832610870290E+011,-5.95E+00,-2.46E+01
1.198032677559186E+011,-6.03E+00,-6.45E+01
1.198232744248083E+011,-5.97E+00,-1.05E+02
1.198432810936979E+011,-6.10E+00,-1.45E+02
1.198632877625875E+011,-6.02E+00,1.762478846025756E+002
1.198832944314772E+011,-5.69E+00,1.361894052990145E+002
1.199033011003668E+011,-5.50E+00,9.383125024681391E+001
1.199233077692564E+011,-5.81E+00,5.142494096748450E+001
1.199433144381461E+011,-6.26E+00,1.226032831248441E+001
1.199633211070357E+011,-6.30E+00,-2.45E+01
1.199833277759253E+011,-5.99E+00,-6.32E+01
1.200033344448149E+011,-5.78E+00,-1.05E+02
1.200233411137046E+011,-5.90E+00,-1.46E+02
1.200433477825942E+011,-6.08E+00,1.754091113194355E+002
1.200633544514838E+011,-6.08E+00,1.368956951640667E+002
1.200833611203735E+011,-5.90E+00,9.786768696289610E+001
1.201033677892631E+011,-5.76E+00,5.775308881341699E+001
1.201233744581527E+011,-5.76E+00,1.742773470664844E+001
1.201433811270423E+011,-5.88E+00,-2.26E+01
1.201633877959320E+011,-5.98E+00,-6.14E+01
1.201833944648216E+011,-5.83E+00,-1.00E+02
1.202034011337112E+011,-5.63E+00,-1.40E+02
1.202234078026009E+011,-5.73E+00,1.775973063184427E+002
1.202434144714905E+011,-6.08E+00,1.378180126705180E+002
1.202634211403801E+011,-6.26E+00,9.992951351833679E+001
1.202834278092698E+011,-6.04E+00,6.213299736696778E+001
1.203034344781594E+011,-5.67E+00,2.119105324040656E+001
1.203234411470490E+011,-5.64E+00,-2.11E+01
1.203434478159386E+011,-5.88E+00,-6.18E+01
1.203634544848283E+011,-6.01E+00,-1.01E+02
1.203834611537179E+011,-5.61E+00,-1.40E+02
1.204034678226075E+011,-5.31E+00,1.773514933723054E+002
1.204234744914972E+011,-5.38E+00,1.337400167065275E+002
1.204434811603868E+011,-5.79E+00,9.234305152457263E+001
1.204634878292764E+011,-5.90E+00,5.441827499857084E+001
1.204834944981661E+011,-5.48E+00,1.433501929497908E+001
1.205035011670557E+011,-5.14E+00,-2.85E+01
1.205235078359453E+011,-5.20E+00,-7.27E+01
1.205435145048350E+011,-5.72E+00,-1.14E+02
1.205635211737246E+011,-5.70E+00,-1.52E+02
1.205835278426142E+011,-5.31E+00,1.677720705320315E+002
1.206035345115038E+011,-5.03E+00,1.252792856495450E+002
1.206235411803935E+011,-5.09E+00,8.224451423203462E+001
1.206435478492831E+011,-5.30E+00,4.099986379075505E+001
1.206635545181727E+011,-5.36E+00,1.242043382688910E+000
1.206835611870624E+011,-5.20E+00,-3.88E+01
1.207035678559520E+011,-5.06E+00,-8.01E+01
1.207235745248416E+011,-5.08E+00,-1.21E+02
1.207435811937313E+011,-5.18E+00,-1.62E+02
1.207635878626209E+011,-5.31E+00,1.580774264531716E+002
1.207835945315105E+011,-5.21E+00,1.189407911299671E+002
1.208036012004001E+011,-5.11E+00,7.833698621002959E+001
1.208236078692898E+011,-5.13E+00,3.834799275558925E+001
1.208436145381794E+011,-5.17E+00,-1.73E+00
1.208636212070690E+011,-5.27E+00,-4.07E+01
1.208836278759587E+011,-5.25E+00,-7.96E+01
1.209036345448483E+011,-5.32E+00,-1.19E+02
1.209236412137379E+011,-5.32E+00,-1.57E+02
1.209436478826276E+011,-5.25E+00,1.642575712840494E+002
1.209636545515172E+011,-5.14E+00,1.248394439671819E+002
1.209836612204068E+011,-5.15E+00,8.474665667363186E+001
1.210036678892964E+011,-5.52E+00,4.577598559471848E+001
1.210236745581861E+011,-5.46E+00,8.678088934219970E+000
1.210436812270757E+011,-5.27E+00,-2.97E+01
1.210636878959653E+011,-5.05E+00,-6.93E+01
1.210836945648550E+011,-5.06E+00,-1.10E+02
1.211037012337446E+011,-5.31E+00,-1.50E+02
1.211237079026342E+011,-5.27E+00,1.716687381529743E+002
1.211437145715238E+011,-5.08E+00,1.325037571609810E+002
1.211637212404135E+011,-4.82E+00,9.156635878877631E+001
1.211837279093031E+011,-4.95E+00,5.033693545323839E+001
1.212037345781927E+011,-4.81E+00,1.009954718157658E+001
1.212237412470824E+011,-4.83E+00,-3.09E+01
1.212437479159720E+011,-4.79E+00,-7.16E+01
1.212637545848616E+011,-4.79E+00,-1.13E+02
1.212837612537513E+011,-5.01E+00,-1.53E+02
1.213037679226409E+011,-4.90E+00,1.665932971610017E+002
1.213237745915305E+011,-4.87E+00,1.256960136924440E+002
1.213437812604201E+011,-4.89E+00,8.473196391369656E+001
1.213637879293098E+011,-4.92E+00,4.487272897066613E+001
1.213837945981994E+011,-4.63E+00,4.438753633927756E+000
1.214038012670890E+011,-4.62E+00,-3.82E+01
1.214238079359787E+011,-4.77E+00,-7.93E+01
1.214438146048683E+011,-4.89E+00,-1.19E+02
1.214638212737579E+011,-4.76E+00,-1.59E+02
1.214838279426476E+011,-4.63E+00,1.590724840023097E+002
1.215038346115372E+011,-4.86E+00,1.173878554716152E+002
1.215238412804268E+011,-5.03E+00,7.847815299812733E+001
1.215438479493164E+011,-4.97E+00,3.921485008585246E+001
1.215638546182061E+011,-4.76E+00,-3.78E-01
1.215838612870957E+011,-4.58E+00,-4.19E+01
1.216038679559853E+011,-4.73E+00,-8.41E+01
1.216238746248750E+011,-5.03E+00,-1.24E+02
1.216438812937646E+011,-5.02E+00,-1.63E+02
1.216638879626542E+011,-5.06E+00,1.583867519352547E+002
1.216838946315439E+011,-4.89E+00,1.189357800434435E+002
1.217039013004335E+011,-4.85E+00,7.836567519478818E+001
1.217239079693231E+011,-4.82E+00,3.902019828801932E+001
1.217439146382127E+011,-4.79E+00,-1.91E+00
1.217639213071024E+011,-4.87E+00,-4.14E+01
1.217839279759920E+011,-4.84E+00,-8.17E+01
1.218039346448816E+011,-4.95E+00,-1.22E+02
1.218239413137713E+011,-4.88E+00,-1.62E+02
1.218439479826609E+011,-4.97E+00,1.569628118073816E+002
1.218639546515505E+011,-5.15E+00,1.166794883785683E+002
1.218839613204402E+011,-5.32E+00,7.643282481567717E+001
1.219039679893298E+011,-5.46E+00,3.724088847856038E+001
1.219239746582194E+011,-5.38E+00,-3.18E+00
1.219439813271090E+011,-5.53E+00,-4.42E+01
1.219639879959987E+011,-5.71E+00,-8.42E+01
1.219839946648883E+011,-5.87E+00,-1.24E+02
1.220040013337779E+011,-5.78E+00,-1.62E+02
1.220240080026676E+011,-5.59E+00,1.568213508751656E+002
1.220440146715572E+011,-5.65E+00,1.157166366668960E+002
1.220640213404468E+011,-5.69E+00,7.527265069722860E+001
1.220840280093364E+011,-5.78E+00,3.485304515928386E+001
1.221040346782261E+011,-5.72E+00,-4.45E+00
1.221240413471157E+011,-5.62E+00,-4.49E+01
1.221440480160053E+011,-5.51E+00,-8.54E+01
1.221640546848950E+011,-5.40E+00,-1.27E+02
1.221840613537846E+011,-5.55E+00,-1.68E+02
1.222040680226742E+011,-5.36E+00,1.533120749306258E+002
1.222240746915639E+011,-5.10E+00,1.123733421508276E+002
1.222440813604535E+011,-4.84E+00,7.029923829984358E+001
1.222640880293431E+011,-4.91E+00,2.725527906308413E+001
1.222840946982327E+011,-5.15E+00,-1.27E+01
1.223041013671224E+011,-5.12E+00,-5.30E+01
1.223241080360120E+011,-5.07E+00,-9.29E+01
1.223441147049016E+011,-4.86E+00,-1.34E+02
1.223641213737913E+011,-4.98E+00,-1.75E+02
1.223841280426809E+011,-4.84E+00,1.446568973361811E+002
1.224041347115705E+011,-4.89E+00,1.036413040067636E+002
1.224241413804602E+011,-4.97E+00,6.381678467387979E+001
1.224441480493498E+011,-4.92E+00,2.382393176332121E+001
1.224641547182394E+011,-4.94E+00,-1.49E+01
1.224841613871290E+011,-4.70E+00,-5.57E+01
1.225041680560187E+011,-4.73E+00,-9.61E+01
1.225241747249083E+011,-4.77E+00,-1.36E+02
1.225441813937979E+011,-4.83E+00,-1.75E+02
1.225641880626876E+011,-4.57E+00,1.459012936170412E+002
1.225841947315772E+011,-4.54E+00,1.053906817107168E+002
1.226042014004668E+011,-4.63E+00,6.549872898232182E+001
1.226242080693565E+011,-4.75E+00,2.625673759363676E+001
1.226442147382461E+011,-4.66E+00,-1.09E+01
1.226642214071357E+011,-4.34E+00,-5.16E+01
1.226842280760253E+011,-4.39E+00,-9.27E+01
1.227042347449150E+011,-4.52E+00,-1.33E+02
1.227242414138046E+011,-4.67E+00,-1.71E+02
1.227442480826942E+011,-4.36E+00,1.499392168110717E+002
1.227642547515839E+011,-4.20E+00,1.084974969628591E+002
1.227842614204735E+011,-4.26E+00,6.759581969834829E+001
1.228042680893631E+011,-4.42E+00,2.712213724898501E+001
1.228242747582528E+011,-4.46E+00,-1.15E+01
1.228442814271424E+011,-4.15E+00,-5.22E+01
1.228642880960320E+011,-4.08E+00,-9.39E+01
1.228842947649217E+011,-4.19E+00,-1.36E+02
1.229043014338113E+011,-4.41E+00,-1.76E+02
1.229243081027009E+011,-4.39E+00,1.447195385363908E+002
1.229443147715905E+011,-4.28E+00,1.039146474565702E+002
1.229643214404802E+011,-4.29E+00,6.228007909928213E+001
1.229843281093698E+011,-4.46E+00,2.086466287216826E+001
1.230043347782594E+011,-4.65E+00,-1.83E+01
1.230243414471491E+011,-4.54E+00,-5.86E+01
1.230443481160387E+011,-4.50E+00,-9.93E+01
1.230643547849283E+011,-4.47E+00,-1.41E+02
1.230843614538179E+011,-4.67E+00,1.778877471228566E+002
1.231043681227076E+011,-4.78E+00,1.386863869602262E+002
1.231243747915972E+011,-4.83E+00,9.818059304065022E+001
1.231443814604868E+011,-4.86E+00,5.915161710399093E+001
1.231643881293765E+011,-4.69E+00,1.889665919524539E+001
1.231843947982661E+011,-4.87E+00,-2.19E+01
1.232044014671557E+011,-4.79E+00,-6.11E+01
1.232244081360454E+011,-4.88E+00,-1.01E+02
1.232444148049350E+011,-4.90E+00,-1.40E+02
1.232644214738246E+011,-4.68E+00,-1.80E+02
1.232844281427142E+011,-4.62E+00,1.401898381515528E+002
1.233044348116039E+011,-4.61E+00,9.920667780573051E+001
1.233244414804935E+011,-4.86E+00,5.823212454475599E+001
1.233444481493831E+011,-5.22E+00,1.987266603005740E+001
1.233644548182728E+011,-5.23E+00,-1.75E+01
1.233844614871624E+011,-4.87E+00,-5.65E+01
1.234044681560520E+011,-4.74E+00,-9.84E+01
1.234244748249417E+011,-4.98E+00,-1.40E+02
1.234444814938313E+011,-5.36E+00,-1.80E+02
1.234644881627209E+011,-5.54E+00,1.427563458107500E+002
1.234844948316105E+011,-5.28E+00,1.033680677880126E+002
1.235045015005002E+011,-5.21E+00,6.199351824673415E+001
1.235245081693898E+011,-5.50E+00,1.977832110072380E+001
1.235445148382794E+011,-6.04E+00,-1.88E+01
1.235645215071691E+011,-5.83E+00,-5.52E+01
1.235845281760587E+011,-5.56E+00,-9.59E+01
1.236045348449483E+011,-5.35E+00,-1.37E+02
1.236245415138380E+011,-5.43E+00,1.798426302440724E+002
1.236445481827276E+011,-5.86E+00,1.390758569601699E+002
1.236645548516172E+011,-5.88E+00,9.998577269687959E+001
1.236845615205068E+011,-5.85E+00,5.943642005615850E+001
1.237045681893965E+011,-5.80E+00,1.801393339966624E+001
1.237245748582861E+011,-5.99E+00,-2.35E+01
1.237445815271757E+011,-6.21E+00,-6.29E+01
1.237645881960654E+011,-6.21E+00,-1.03E+02
1.237845948649550E+011,-6.23E+00,-1.43E+02
1.238046015338446E+011,-6.18E+00,1.759501047702390E+002
1.238246082027343E+011,-6.30E+00,1.348054976432312E+002
1.238446148716239E+011,-6.41E+00,9.484903378270776E+001
1.238646215405135E+011,-6.52E+00,5.618897957344100E+001
1.238846282094031E+011,-6.32E+00,1.768972021925476E+001
1.239046348782928E+011,-6.07E+00,-2.35E+01
1.239246415471824E+011,-6.20E+00,-6.33E+01
1.239446482160720E+011,-5.91E+00,-1.03E+02
1.239646548849617E+011,-5.79E+00,-1.44E+02
1.239846615538513E+011,-5.68E+00,1.758210979331838E+002
1.240046682227409E+011,-5.68E+00,1.346860599893224E+002
1.240246748916305E+011,-5.63E+00,9.604918006826706E+001
1.240446815605202E+011,-5.48E+00,5.491416870090863E+001
1.240646882294098E+011,-5.46E+00,1.478426667080381E+001
1.240846948982994E+011,-5.42E+00,-2.51E+01
1.241047015671891E+011,-5.32E+00,-6.47E+01
1.241247082360787E+011,-5.04E+00,-1.05E+02
1.241447149049683E+011,-4.93E+00,-1.47E+02
1.241647215738580E+011,-4.98E+00,1.719192423182186E+002
1.241847282427476E+011,-5.12E+00,1.307676882101677E+002
1.242047349116372E+011,-5.30E+00,9.143152500988597E+001
1.242247415805268E+011,-5.14E+00,5.212667408575017E+001
1.242447482494165E+011,-5.08E+00,1.101367946277193E+001
1.242647549183061E+011,-5.20E+00,-2.94E+01
1.242847615871957E+011,-5.23E+00,-6.98E+01
1.243047682560854E+011,-5.46E+00,-1.09E+02
1.243247749249750E+011,-5.31E+00,-1.47E+02
1.243447815938646E+011,-5.09E+00,1.722813699135824E+002
1.243647882627543E+011,-5.00E+00,1.319778710601752E+002
1.243847949316439E+011,-4.83E+00,9.060253476065167E+001
1.244048016005335E+011,-4.94E+00,4.934850913371789E+001
1.244248082694231E+011,-5.02E+00,9.488275244428735E+000
1.244448149383128E+011,-5.04E+00,-3.10E+01
1.244648216072024E+011,-5.02E+00,-7.01E+01
1.244848282760920E+011,-4.80E+00,-1.12E+02
1.245048349449817E+011,-4.94E+00,-1.53E+02
1.245248416138713E+011,-5.19E+00,1.664923886941341E+002
1.245448482827609E+011,-5.40E+00,1.280043716442633E+002
1.245648549516505E+011,-5.01E+00,8.984785825932879E+001
1.245848616205402E+011,-4.76E+00,4.763098179359002E+001
1.246048682894298E+011,-4.91E+00,5.501165180955534E+000
1.246248749583194E+011,-5.27E+00,-3.43E+01
1.246448816272091E+011,-5.25E+00,-7.14E+01
1.246648882960987E+011,-4.85E+00,-1.12E+02
1.246848949649883E+011,-4.69E+00,-1.54E+02
1.247049016338780E+011,-4.83E+00,1.642071256203015E+002
1.247249083027676E+011,-5.32E+00,1.243002467077344E+002
1.247449149716572E+011,-5.24E+00,8.663900846140658E+001
1.247649216405468E+011,-5.06E+00,4.700716657670162E+001
1.247849283094365E+011,-4.90E+00,6.205091928584745E+000
1.248049349783261E+011,-4.93E+00,-3.54E+01
1.248249416472157E+011,-5.26E+00,-7.51E+01
1.248449483161054E+011,-5.17E+00,-1.14E+02
1.248649549849950E+011,-5.09E+00,-1.54E+02
1.248849616538846E+011,-5.03E+00,1.652528680717951E+002
1.249049683227743E+011,-5.26E+00,1.241982261510834E+002
1.249249749916639E+011,-5.27E+00,8.682798458215009E+001
1.249449816605535E+011,-5.03E+00,4.639581361286732E+001
1.249649883294432E+011,-5.00E+00,5.230560861594769E+000
1.249849949983328E+011,-5.17E+00,-3.56E+01
1.250050016672224E+011,-5.50E+00,-7.36E+01
1.250250083361120E+011,-5.01E+00,-1.11E+02
1.250450150050017E+011,-4.70E+00,-1.53E+02
1.250650216738913E+011,-4.68E+00,1.645167666850203E+002
1.250850283427809E+011,-5.16E+00,1.232397786394244E+002
1.251050350116706E+011,-5.16E+00,8.726873534551820E+001
1.251250416805602E+011,-4.80E+00,4.650226577584400E+001
1.251450483494498E+011,-4.69E+00,5.287070549235977E+000
1.251650550183395E+011,-4.80E+00,-3.66E+01
1.251850616872291E+011,-5.22E+00,-7.59E+01
1.252050683561187E+011,-5.08E+00,-1.15E+02
1.252250750250083E+011,-4.99E+00,-1.55E+02
1.252450816938980E+011,-4.96E+00,1.645345068862220E+002
1.252650883627876E+011,-5.13E+00,1.233587056976946E+002
1.252850950316772E+011,-5.31E+00,8.483393714734918E+001
1.253051017005669E+011,-5.20E+00,4.508329440230111E+001
1.253251083694565E+011,-5.22E+00,4.612598949530044E+000
1.253451150383461E+011,-5.28E+00,-3.53E+01
1.253651217072358E+011,-5.41E+00,-7.54E+01
1.253851283761254E+011,-5.44E+00,-1.14E+02
1.254051350450150E+011,-5.34E+00,-1.54E+02
1.254251417139046E+011,-5.30E+00,1.658541198238889E+002
1.254451483827943E+011,-5.30E+00,1.258145078354047E+002
1.254651550516839E+011,-5.25E+00,8.554935802538969E+001
1.254851617205735E+011,-5.23E+00,4.489482587320965E+001
1.255051683894632E+011,-5.26E+00,4.321881303687090E+000
1.255251750583528E+011,-5.38E+00,-3.65E+01
1.255451817272424E+011,-5.50E+00,-7.59E+01
1.255651883961321E+011,-5.53E+00,-1.16E+02
1.255851950650217E+011,-5.52E+00,-1.56E+02
1.256052017339113E+011,-5.47E+00,1.637520317155581E+002
1.256252084028009E+011,-5.48E+00,1.227833598920409E+002
1.256452150716906E+011,-5.66E+00,8.199456867654598E+001
1.256652217405802E+011,-5.80E+00,4.310875078221117E+001
1.256852284094698E+011,-5.64E+00,3.536607757509843E+000
1.257052350783595E+011,-5.47E+00,-3.69E+01
1.257252417472491E+011,-5.36E+00,-7.88E+01
1.257452484161387E+011,-5.57E+00,-1.21E+02
1.257652550850284E+011,-5.77E+00,-1.60E+02
1.257852617539180E+011,-5.64E+00,1.608990262628242E+002
1.258052684228076E+011,-5.43E+00,1.204397291422687E+002
1.258252750916972E+011,-5.31E+00,7.845921267917716E+001
1.258452817605869E+011,-5.41E+00,3.701064992903259E+001
1.258652884294765E+011,-5.56E+00,-3.31E+00
1.258852950983661E+011,-5.55E+00,-4.29E+01
1.259053017672558E+011,-5.44E+00,-8.34E+01
1.259253084361454E+011,-5.43E+00,-1.24E+02
1.259453151050350E+011,-5.36E+00,-1.65E+02
1.259653217739246E+011,-5.44E+00,1.547754239106471E+002
1.259853284428143E+011,-5.36E+00,1.145101963709191E+002
1.260053351117039E+011,-5.36E+00,7.357388422180176E+001
1.260253417805935E+011,-5.20E+00,3.323600949150197E+001
1.260453484494832E+011,-5.23E+00,-8.84E+00
1.260653551183728E+011,-5.41E+00,-4.96E+01
1.260853617872624E+011,-5.50E+00,-8.97E+01
1.261053684561521E+011,-5.71E+00,-1.30E+02
1.261253751250417E+011,-5.63E+00,-1.68E+02
1.261453817939313E+011,-5.50E+00,1.512637974513155E+002
1.261653884628209E+011,-5.59E+00,1.107857789886317E+002
1.261853951317106E+011,-5.68E+00,7.115812894185777E+001
1.262054018006002E+011,-5.64E+00,3.223841120847392E+001
1.262254084694898E+011,-5.52E+00,-8.11E+00
1.262454151383795E+011,-5.58E+00,-4.89E+01
1.262654218072691E+011,-5.70E+00,-8.85E+01
1.262854284761587E+011,-5.76E+00,-1.27E+02
1.263054351450484E+011,-5.56E+00,-1.66E+02
1.263254418139380E+011,-5.38E+00,1.535237846862951E+002
1.263454484828276E+011,-5.34E+00,1.127146381365336E+002
1.263654551517172E+011,-5.47E+00,7.205529296001026E+001
1.263854618206069E+011,-5.43E+00,3.328465373981639E+001
1.264054684894965E+011,-5.37E+00,-7.34E+00
1.264254751583861E+011,-5.36E+00,-4.74E+01
1.264454818272758E+011,-5.41E+00,-8.79E+01
1.264654884961654E+011,-5.53E+00,-1.27E+02
1.264854951650550E+011,-5.36E+00,-1.67E+02
1.265055018339446E+011,-5.22E+00,1.527778259905238E+002
1.265255085028343E+011,-5.17E+00,1.116659953336675E+002
1.265455151717239E+011,-5.25E+00,7.177542423944870E+001
1.265655218406135E+011,-5.08E+00,3.176192062931289E+001
1.265855285095032E+011,-5.01E+00,-9.47E+00
1.266055351783928E+011,-5.01E+00,-5.03E+01
1.266255418472824E+011,-5.05E+00,-9.13E+01
1.266455485161721E+011,-5.15E+00,-1.31E+02
1.266655551850617E+011,-4.99E+00,-1.71E+02
1.266855618539513E+011,-4.90E+00,1.482892486023613E+002
1.267055685228409E+011,-4.96E+00,1.072251789958560E+002
1.267255751917306E+011,-5.03E+00,6.705843149007654E+001
1.267455818606202E+011,-5.01E+00,2.689623999019203E+001
1.267655885295098E+011,-5.02E+00,-1.34E+01
1.267855951983995E+011,-5.04E+00,-5.40E+01
1.268056018672891E+011,-5.17E+00,-9.44E+01
1.268256085361787E+011,-5.17E+00,-1.33E+02
1.268456152050684E+011,-5.03E+00,-1.73E+02
1.268656218739580E+011,-4.99E+00,1.458867085768313E+002
1.268856285428476E+011,-5.01E+00,1.046543066827953E+002
1.269056352117372E+011,-5.19E+00,6.424454036801815E+001
1.269256418806269E+011,-5.20E+00,2.488694351136347E+001
1.269456485495165E+011,-5.25E+00,-1.54E+01
1.269656552184061E+011,-5.25E+00,-5.57E+01
1.269856618872958E+011,-5.33E+00,-9.63E+01
1.270056685561854E+011,-5.57E+00,-1.35E+02
1.270256752250750E+011,-5.35E+00,-1.74E+02
1.270456818939647E+011,-5.29E+00,1.456088670515892E+002
1.270656885628543E+011,-5.21E+00,1.054658551756932E+002
1.270856952317439E+011,-5.23E+00,6.460806859773882E+001
1.271057019006335E+011,-5.31E+00,2.551295666738718E+001
1.271257085695232E+011,-5.15E+00,-1.43E+01
1.271457152384128E+011,-5.08E+00,-5.50E+01
1.271657219073024E+011,-5.09E+00,-9.59E+01
1.271857285761921E+011,-5.23E+00,-1.36E+02
1.272057352450817E+011,-5.24E+00,-1.75E+02
1.272257419139713E+011,-5.26E+00,1.445346259698797E+002
1.272457485828610E+011,-5.31E+00,1.050050149174565E+002
1.272657552517506E+011,-5.29E+00,6.613734854785800E+001
1.272857619206402E+011,-5.06E+00,2.681810150723138E+001
1.273057685895299E+011,-4.81E+00,-1.46E+01
1.273257752584195E+011,-4.93E+00,-5.66E+01
1.273457819273091E+011,-5.15E+00,-9.60E+01
1.273657885961987E+011,-5.12E+00,-1.35E+02
1.273857952650884E+011,-4.75E+00,-1.75E+02
1.274058019339780E+011,-4.61E+00,1.429684766039874E+002
1.274258086028676E+011,-4.76E+00,1.010041611547215E+002
1.274458152717573E+011,-4.94E+00,6.045385429735539E+001
1.274658219406469E+011,-5.00E+00,2.081232982550712E+001
1.274858286095365E+011,-4.80E+00,-1.96E+01
1.275058352784262E+011,-4.72E+00,-6.18E+01
1.275258419473158E+011,-4.86E+00,-1.04E+02
1.275458486162054E+011,-5.10E+00,-1.45E+02
1.275658552850950E+011,-5.22E+00,1.761175213291395E+002
1.275858619539847E+011,-5.04E+00,1.357348869475880E+002
1.276058686228743E+011,-4.96E+00,9.355911608381757E+001
1.276258752917639E+011,-5.18E+00,5.171451509230375E+001
1.276458819606536E+011,-5.47E+00,1.160821256246407E+001
1.276658886295432E+011,-5.45E+00,-2.77E+01
1.276858952984328E+011,-5.42E+00,-6.87E+01
1.277059019673225E+011,-5.53E+00,-1.10E+02
1.277259086362121E+011,-5.75E+00,-1.50E+02
1.277459153051017E+011,-5.69E+00,1.719339231316423E+002
1.277659219739913E+011,-5.47E+00,1.310212041758891E+002
1.277859286428810E+011,-5.56E+00,8.972481529620382E+001
1.278059353117706E+011,-5.71E+00,4.913385816717698E+001
1.278259419806602E+011,-5.96E+00,9.696173236686224E+000
1.278459486495499E+011,-5.87E+00,-2.90E+01
1.278659553184395E+011,-5.69E+00,-6.96E+01
1.278859619873291E+011,-5.91E+00,-1.12E+02
1.279059686562188E+011,-6.50E+00,-1.50E+02
1.279259753251084E+011,-6.47E+00,1.741428242502520E+002
1.279459819939980E+011,-6.17E+00,1.355391961727633E+002
1.279659886628876E+011,-5.95E+00,9.518431258396912E+001
1.279859953317773E+011,-6.11E+00,5.449915996351026E+001
1.280060020006669E+011,-6.26E+00,1.623121432818877E+001
1.280260086695565E+011,-6.10E+00,-2.23E+01
1.280460153384462E+011,-5.92E+00,-6.30E+01
1.280660220073358E+011,-6.00E+00,-1.04E+02
1.280860286762254E+011,-6.24E+00,-1.43E+02
1.281060353451150E+011,-6.11E+00,1.773757457499773E+002
1.281260420140047E+011,-5.98E+00,1.361414205897977E+002
1.281460486828943E+011,-6.17E+00,9.446328431155976E+001
1.281660553517839E+011,-6.46E+00,5.550272386311497E+001
1.281860620206736E+011,-6.20E+00,1.759912981621689E+001
1.282060686895632E+011,-5.84E+00,-2.44E+01
1.282260753584528E+011,-5.83E+00,-6.75E+01
1.282460820273425E+011,-6.13E+00,-1.10E+02
1.282660886962321E+011,-6.38E+00,-1.48E+02
1.282860953651217E+011,-6.00E+00,1.723965791614791E+002
1.283061020340113E+011,-5.75E+00,1.298193817946272E+002
1.283261087029010E+011,-5.83E+00,8.731704770677662E+001
1.283461153717906E+011,-6.06E+00,4.615256717324820E+001
1.283661220406802E+011,-6.29E+00,6.890492024869705E+000
1.283861287095699E+011,-6.06E+00,-3.20E+01
1.284061353784595E+011,-5.79E+00,-7.31E+01
1.284261420473491E+011,-5.72E+00,-1.15E+02
1.284461487162387E+011,-5.72E+00,-1.56E+02
1.284661553851284E+011,-5.86E+00,1.633205740553030E+002
1.284861620540180E+011,-5.83E+00,1.239127775628751E+002
1.285061687229076E+011,-5.74E+00,8.395619724049233E+001
1.285261753917973E+011,-5.62E+00,4.328240471662163E+001
1.285461820606869E+011,-5.62E+00,2.729492754130594E+000
1.285661887295765E+011,-5.64E+00,-3.76E+01
1.285861953984662E+011,-5.67E+00,-7.74E+01
1.286062020673558E+011,-5.66E+00,-1.17E+02
1.286262087362454E+011,-5.57E+00,-1.57E+02
1.286462154051350E+011,-5.65E+00,1.615006378150608E+002
1.286662220740247E+011,-6.05E+00,1.220403861740328E+002
1.286862287429143E+011,-6.18E+00,8.519778364135543E+001
1.287062354118039E+011,-6.00E+00,4.703851585612981E+001
1.287262420806936E+011,-5.75E+00,7.462400058751386E+000
1.287462487495832E+011,-5.81E+00,-3.37E+01
1.287662554184728E+011,-6.01E+00,-7.22E+01
1.287862620873625E+011,-5.93E+00,-1.11E+02
1.288062687562521E+011,-5.74E+00,-1.50E+02
1.288262754251417E+011,-5.45E+00,1.690400893076727E+002
1.288462820940313E+011,-5.58E+00,1.271904414800875E+002
1.288662887629210E+011,-5.81E+00,8.739068219323698E+001
1.288862954318106E+011,-6.01E+00,4.780184719770146E+001
1.289063021007002E+011,-5.84E+00,1.168286633319641E+001
1.289263087695899E+011,-5.46E+00,-3.04E+01
1.289463154384795E+011,-5.61E+00,-7.23E+01
1.289663221073691E+011,-5.80E+00,-1.12E+02
1.289863287762588E+011,-5.97E+00,-1.51E+02
1.290063354451484E+011,-5.55E+00,1.708959100681157E+002
1.290263421140380E+011,-5.29E+00,1.286045627643038E+002
1.290463487829276E+011,-5.47E+00,8.635074612786353E+001
1.290663554518173E+011,-5.87E+00,4.670251934896545E+001
1.290863621207069E+011,-5.80E+00,1.059482330319644E+001
1.291063687895965E+011,-5.29E+00,-3.04E+01
1.291263754584862E+011,-5.19E+00,-7.27E+01
1.291463821273758E+011,-5.46E+00,-1.14E+02
1.291663887962654E+011,-5.87E+00,-1.53E+02
1.291863954651551E+011,-5.59E+00,1.711816186354743E+002
1.292064021340447E+011,-5.09E+00,1.301200372368152E+002
1.292264088029343E+011,-5.04E+00,8.731792148777636E+001
1.292464154718239E+011,-5.45E+00,4.610401055889924E+001
1.292664221407136E+011,-5.84E+00,8.369105305261947E+000
1.292864288096032E+011,-5.66E+00,-2.83E+01
1.293064354784928E+011,-5.37E+00,-6.79E+01
1.293264421473825E+011,-5.17E+00,-1.09E+02
1.293464488162721E+011,-5.21E+00,-1.50E+02
1.293664554851617E+011,-5.29E+00,1.704044859473358E+002
1.293864621540514E+011,-5.33E+00,1.303786857980848E+002
1.294064688229410E+011,-5.33E+00,9.073264427968272E+001
1.294264754918306E+011,-5.30E+00,5.051435386725193E+001
1.294464821607203E+011,-5.37E+00,1.038641275062021E+001
1.294664888296099E+011,-5.29E+00,-2.97E+01
1.294864954984995E+011,-5.33E+00,-7.02E+01
1.295065021673891E+011,-5.41E+00,-1.10E+02
1.295265088362788E+011,-5.53E+00,-1.50E+02
1.295465155051684E+011,-5.43E+00,1.712377011262025E+002
1.295665221740580E+011,-5.30E+00,1.308392041216609E+002
1.295865288429477E+011,-5.28E+00,9.009680029855917E+001
1.296065355118373E+011,-5.38E+00,4.956399991528437E+001
1.296265421807269E+011,-5.59E+00,1.062647836124684E+001
1.296465488496166E+011,-5.38E+00,-2.87E+01
1.296665555185062E+011,-5.40E+00,-6.92E+01
1.296865621873958E+011,-5.40E+00,-1.09E+02
1.297065688562854E+011,-5.44E+00,-1.49E+02
1.297265755251751E+011,-5.45E+00,1.718357712907112E+002
1.297465821940647E+011,-5.47E+00,1.319396806201557E+002
1.297665888629543E+011,-5.54E+00,9.183466346257546E+001
1.297865955318440E+011,-5.75E+00,5.145553104929771E+001
1.298066022007336E+011,-6.25E+00,1.388943754602913E+001
1.298266088696232E+011,-5.96E+00,-2.25E+01
1.298466155385129E+011,-5.59E+00,-6.23E+01
1.298666222074025E+011,-5.31E+00,-1.03E+02
1.298866288762921E+011,-5.30E+00,-1.46E+02
1.299066355451817E+011,-5.59E+00,1.736931441209055E+002
1.299266422140714E+011,-5.69E+00,1.347081647277779E+002
1.299466488829610E+011,-5.58E+00,9.502039197086285E+001
1.299666555518506E+011,-5.57E+00,5.385131812332482E+001
1.299866622207403E+011,-5.81E+00,1.320623218048537E+001
1.300066688896299E+011,-5.71E+00,-2.59E+01
1.300266755585195E+011,-5.66E+00,-6.68E+01
1.300466822274091E+011,-5.67E+00,-1.08E+02
1.300666888962988E+011,-5.84E+00,-1.49E+02
1.300866955651884E+011,-5.95E+00,1.719964925149654E+002
1.301067022340780E+011,-5.68E+00,1.310451214366668E+002
1.301267089029677E+011,-5.67E+00,8.941307760007504E+001
1.301467155718573E+011,-5.74E+00,4.722329197656858E+001
1.301667222407469E+011,-6.16E+00,6.869867789475768E+000
1.301867289096366E+011,-6.02E+00,-3.17E+01
1.302067355785262E+011,-5.89E+00,-7.37E+01
1.302267422474158E+011,-6.03E+00,-1.15E+02
1.302467489163054E+011,-6.27E+00,-1.56E+02
1.302667555851951E+011,-6.34E+00,1.648630645756884E+002
1.302867622540847E+011,-6.21E+00,1.249456833162766E+002
1.303067689229743E+011,-6.07E+00,8.337466719815339E+001
1.303267755918640E+011,-6.20E+00,4.061020466373891E+001
1.303467822607536E+011,-6.87E+00,1.527209994101946E-001
1.303667889296432E+011,-6.93E+00,-3.71E+01
1.303867955985328E+011,-6.97E+00,-7.71E+01
1.304068022674225E+011,-7.19E+00,-1.16E+02
1.304268089363121E+011,-7.39E+00,-1.55E+02
1.304468156052017E+011,-7.57E+00,1.674961684786042E+002
1.304668222740914E+011,-7.36E+00,1.286029001535269E+002
1.304868289429810E+011,-7.44E+00,8.832008480822589E+001
1.305068356118706E+011,-7.61E+00,4.868930827409173E+001
1.305268422807603E+011,-8.08E+00,1.046598476115487E+001
1.305468489496499E+011,-8.08E+00,-2.51E+01
1.305668556185395E+011,-7.91E+00,-6.31E+01
1.305868622874291E+011,-7.73E+00,-1.01E+02
1.306068689563188E+011,-7.48E+00,-1.41E+02
1.306268756252084E+011,-7.31E+00,1.789125574730655E+002
1.306468822940980E+011,-7.29E+00,1.383950542763322E+002
1.306668889629877E+011,-7.34E+00,9.824414243268663E+001
1.306868956318773E+011,-7.36E+00,5.882681742644368E+001
1.307069023007669E+011,-7.16E+00,1.938460866151854E+001
1.307269089696566E+011,-7.11E+00,-2.20E+01
1.307469156385462E+011,-7.28E+00,-6.24E+01
1.307669223074358E+011,-7.47E+00,-1.01E+02
1.307869289763254E+011,-7.40E+00,-1.38E+02
1.308069356452151E+011,-6.69E+00,-1.78E+02
1.308269423141047E+011,-6.56E+00,1.376040328439171E+002
1.308469489829943E+011,-6.94E+00,9.540482505485997E+001
1.308669556518840E+011,-7.44E+00,5.647098707318018E+001
1.308869623207736E+011,-7.38E+00,2.124491998412639E+001
1.309069689896632E+011,-6.67E+00,-1.88E+01
1.309269756585529E+011,-6.40E+00,-6.21E+01
1.309469823274425E+011,-6.61E+00,-1.06E+02
1.309669889963321E+011,-7.28E+00,-1.45E+02
1.309869956652217E+011,-7.05E+00,1.796259565116478E+002
1.310070023341114E+011,-6.47E+00,1.388082546933141E+002
1.310270090030010E+011,-6.37E+00,9.509021976493141E+001
1.310470156718906E+011,-6.89E+00,5.316369081707624E+001
1.310670223407803E+011,-7.18E+00,1.758032613752241E+001
1.310870290096699E+011,-6.62E+00,-2.04E+01
1.311070356785595E+011,-6.11E+00,-6.20E+01
1.311270423474492E+011,-6.04E+00,-1.05E+02
1.311470490163388E+011,-6.56E+00,-1.47E+02
1.311670556852284E+011,-6.68E+00,1.765938653175563E+002
1.311870623541180E+011,-6.16E+00,1.375691463223262E+002
1.312070690230077E+011,-5.75E+00,9.526042944435390E+001
1.312270756918973E+011,-5.79E+00,5.132796398071978E+001
1.312470823607869E+011,-6.37E+00,9.662776769880736E+000
1.312670890296766E+011,-6.57E+00,-2.72E+01
1.312870956985662E+011,-6.24E+00,-6.59E+01
1.313071023674558E+011,-5.94E+00,-1.08E+02
1.313271090363455E+011,-6.03E+00,-1.51E+02
1.313471157052351E+011,-6.60E+00,1.691564676307281E+002
1.313671223741247E+011,-6.75E+00,1.323695936031748E+002
1.313871290430143E+011,-6.51E+00,9.450472696403377E+001
1.314071357119040E+011,-6.17E+00,5.436028515261758E+001
1.314271423807936E+011,-6.08E+00,1.284892444795680E+001
1.314471490496832E+011,-6.10E+00,-2.72E+01
1.314671557185729E+011,-6.01E+00,-6.66E+01
1.314871623874625E+011,-5.72E+00,-1.07E+02
1.315071690563521E+011,-5.56E+00,-1.48E+02
1.315271757252417E+011,-5.54E+00,1.701284334556613E+002
1.315471823941314E+011,-5.72E+00,1.292612618699660E+002
1.315671890630210E+011,-5.90E+00,9.005093265416330E+001
1.315871957319106E+011,-5.81E+00,5.191221553502128E+001
1.316072024008003E+011,-5.50E+00,1.228949415658786E+001
1.316272090696899E+011,-5.35E+00,-3.00E+01
1.316472157385795E+011,-5.59E+00,-7.07E+01
1.316672224074692E+011,-5.75E+00,-1.10E+02
1.316872290763588E+011,-5.74E+00,-1.48E+02
1.317072357452484E+011,-5.28E+00,1.726937284927824E+002
1.317272424141381E+011,-5.14E+00,1.297701657216934E+002
1.317472490830277E+011,-5.33E+00,8.835541116772886E+001
1.317672557519173E+011,-5.58E+00,4.796944396037439E+001
1.317872624208070E+011,-5.78E+00,1.015863540047479E+001
1.318072690896966E+011,-5.38E+00,-2.91E+01
1.318272757585862E+011,-5.27E+00,-7.08E+01
1.318472824274758E+011,-5.31E+00,-1.12E+02
1.318672890963655E+011,-5.39E+00,-1.53E+02
1.318872957652551E+011,-5.34E+00,1.676468358573068E+002
1.319073024341447E+011,-5.29E+00,1.265137674432102E+002
1.319273091030344E+011,-5.21E+00,8.551882689991020E+001
1.319473157719240E+011,-5.28E+00,4.401733753882105E+001
1.319673224408136E+011,-5.46E+00,4.659032883365123E+000
1.319873291097032E+011,-5.17E+00,-3.55E+01
1.320073357785929E+011,-5.11E+00,-7.71E+01
1.320273424474825E+011,-5.01E+00,-1.18E+02
1.320473491163721E+011,-5.13E+00,-1.60E+02
1.320673557852618E+011,-5.23E+00,1.606834773458318E+002
1.320873624541514E+011,-5.05E+00,1.190659779008076E+002
1.321073691230410E+011,-5.15E+00,7.758241427189013E+001
1.321273757919307E+011,-5.30E+00,3.710515164139711E+001
1.321473824608203E+011,-5.36E+00,-1.95E+00
1.321673891297099E+011,-5.09E+00,-4.24E+01
1.321873957985995E+011,-5.18E+00,-8.40E+01
1.322074024674892E+011,-5.35E+00,-1.25E+02
1.322274091363788E+011,-5.75E+00,-1.64E+02
1.322474158052684E+011,-5.68E+00,1.597690865088474E+002
1.322674224741581E+011,-5.28E+00,1.193567235709548E+002
1.322874291430477E+011,-5.17E+00,7.794461108856726E+001
1.323074358119373E+011,-5.24E+00,3.688751006960504E+001
1.323274424808269E+011,-5.52E+00,-3.03E+00
1.323474491497166E+011,-5.44E+00,-4.09E+01
1.323674558186062E+011,-5.34E+00,-8.16E+01
1.323874624874958E+011,-5.45E+00,-1.22E+02
1.324074691563855E+011,-5.54E+00,-1.61E+02
1.324274758252751E+011,-5.55E+00,1.598756934271025E+002
1.324474824941647E+011,-5.48E+00,1.194927632246611E+002
1.324674891630544E+011,-5.60E+00,7.935244864218606E+001
1.324874958319440E+011,-5.73E+00,4.006394881312207E+001
1.325075025008336E+011,-5.81E+00,9.983747534079439E-001
1.325275091697232E+011,-5.73E+00,-3.82E+01
1.325475158386129E+011,-5.70E+00,-7.84E+01
1.325675225075025E+011,-5.79E+00,-1.19E+02
1.325875291763921E+011,-6.05E+00,-1.59E+02
1.326075358452818E+011,-6.17E+00,1.631452811251338E+002
1.326275425141714E+011,-6.16E+00,1.244383767914015E+002
1.326475491830610E+011,-6.05E+00,8.597754043100025E+001
1.326675558519507E+011,-5.78E+00,4.631743065576396E+001
1.326875625208403E+011,-5.59E+00,4.948617978618650E+000
1.327075691897299E+011,-5.73E+00,-3.64E+01
1.327275758586195E+011,-5.90E+00,-7.60E+01
1.327475825275092E+011,-5.90E+00,-1.15E+02
1.327675891963988E+011,-5.85E+00,-1.56E+02
1.327875958652884E+011,-5.96E+00,1.633725805652890E+002
1.328076025341781E+011,-6.20E+00,1.237077659445457E+002
1.328276092030677E+011,-6.39E+00,8.500845378097894E+001
1.328476158719573E+011,-6.42E+00,4.698503117886430E+001
1.328676225408470E+011,-6.28E+00,9.243831637209247E+000
1.328876292097366E+011,-5.87E+00,-3.06E+01
1.329076358786262E+011,-5.72E+00,-7.19E+01
1.329276425475158E+011,-5.76E+00,-1.13E+02
1.329476492164055E+011,-5.91E+00,-1.53E+02
1.329676558852951E+011,-5.94E+00,1.690506965529529E+002
1.329876625541847E+011,-5.61E+00,1.296105340398408E+002
1.330076692230744E+011,-5.47E+00,8.754040641807102E+001
1.330276758919640E+011,-5.65E+00,4.584155448575557E+001
1.330476825608536E+011,-6.02E+00,6.779100435410011E+000
1.330676892297433E+011,-5.85E+00,-3.09E+01
1.330876958986329E+011,-5.52E+00,-7.10E+01
1.331077025675225E+011,-5.29E+00,-1.13E+02
1.331277092364121E+011,-5.39E+00,-1.55E+02
1.331477159053018E+011,-5.50E+00,1.660990497471282E+002
1.331677225741914E+011,-5.28E+00,1.258491590968123E+002
1.331877292430810E+011,-5.15E+00,8.444013493805109E+001
1.332077359119707E+011,-5.11E+00,4.264496600012952E+001
1.332277425808603E+011,-5.32E+00,1.094255262342218E+000
1.332477492497499E+011,-5.45E+00,-3.84E+01
1.332677559186396E+011,-5.44E+00,-7.80E+01
1.332877625875292E+011,-5.34E+00,-1.18E+02
1.333077692564188E+011,-5.22E+00,-1.59E+02
1.333277759253084E+011,-5.28E+00,1.600296807719222E+002
1.333477825941981E+011,-5.39E+00,1.196240344248793E+002
1.333677892630877E+011,-5.54E+00,8.048561401793771E+001
1.333877959319773E+011,-5.38E+00,4.198211078863365E+001
1.334078026008670E+011,-5.12E+00,1.676518982314775E+000
1.334278092697566E+011,-5.02E+00,-3.93E+01
1.334478159386462E+011,-5.09E+00,-8.05E+01
1.334678226075358E+011,-5.22E+00,-1.20E+02
1.334878292764255E+011,-5.15E+00,-1.59E+02
1.335078359453151E+011,-4.85E+00,1.609055567966421E+002
1.335278426142047E+011,-4.68E+00,1.186556583316512E+002
1.335478492830944E+011,-4.83E+00,7.723267287714005E+001
1.335678559519840E+011,-5.08E+00,3.676527691436021E+001
1.335878626208736E+011,-5.23E+00,-1.14E+00
1.336078692897633E+011,-4.91E+00,-3.98E+01
1.336278759586529E+011,-4.73E+00,-8.17E+01
1.336478826275425E+011,-4.82E+00,-1.23E+02
1.336678892964321E+011,-5.02E+00,-1.63E+02
1.336878959653218E+011,-5.15E+00,1.578671586584415E+002
1.337079026342114E+011,-4.94E+00,1.186215117117904E+002
1.337279093031010E+011,-4.71E+00,7.708387753487737E+001
1.337479159719907E+011,-4.80E+00,3.515774951928493E+001
1.337679226408803E+011,-5.00E+00,-5.63E+00
1.337879293097699E+011,-5.20E+00,-4.58E+01
1.338079359786596E+011,-5.24E+00,-8.56E+01
1.338279426475492E+011,-5.22E+00,-1.26E+02
1.338479493164388E+011,-5.37E+00,-1.68E+02
1.338679559853285E+011,-5.58E+00,1.512617228269101E+002
1.338879626542181E+011,-5.86E+00,1.120494153580198E+002
1.339079693231077E+011,-5.78E+00,7.268331452257560E+001
1.339279759919973E+011,-5.72E+00,3.176760311768971E+001
1.339479826608870E+011,-5.82E+00,-1.04E+01
1.339679893297766E+011,-6.32E+00,-5.04E+01
1.339879959986662E+011,-6.29E+00,-8.67E+01
1.340080026675559E+011,-5.84E+00,-1.28E+02
1.340280093364455E+011,-6.09E+00,-1.71E+02
1.340480160053351E+011,-6.19E+00,1.483125141622984E+002
1.340680226742248E+011,-6.76E+00,1.077254029925918E+002
1.340880293431144E+011,-6.79E+00,7.200906886631687E+001
1.341080360120040E+011,-6.31E+00,3.076367778348754E+001
1.341280426808936E+011,-6.32E+00,-1.15E+01
1.341480493497833E+011,-6.59E+00,-5.46E+01
1.341680560186729E+011,-7.33E+00,-9.40E+01
1.341880626875625E+011,-7.30E+00,-1.30E+02
1.342080693564522E+011,-7.08E+00,-1.71E+02
1.342280760253418E+011,-6.97E+00,1.476035764603325E+002
1.342480826942314E+011,-7.59E+00,1.044664716729786E+002
1.342680893631210E+011,-8.45E+00,6.959039796590591E+001
1.342880960320107E+011,-7.94E+00,3.500423236571081E+001
1.343081027009003E+011,-7.42E+00,-4.62E+00
1.343281093697899E+011,-7.26E+00,-4.74E+01
1.343481160386796E+011,-7.69E+00,-8.86E+01
1.343681227075692E+011,-7.86E+00,-1.25E+02
1.343881293764588E+011,-7.45E+00,-1.63E+02
1.344081360453485E+011,-7.05E+00,1.558166856194118E+002
1.344281427142381E+011,-6.98E+00,1.132854032924949E+002
1.344481493831277E+011,-7.39E+00,7.174522202512915E+001
1.344681560520173E+011,-7.85E+00,3.629342886542092E+001
1.344881627209070E+011,-7.02E+00,4.889344911698603E-001
1.345081693897966E+011,-6.37E+00,-4.22E+01
1.345281760586862E+011,-6.17E+00,-8.59E+01
1.345481827275759E+011,-6.44E+00,-1.29E+02
1.345681893964655E+011,-6.80E+00,-1.68E+02
1.345881960653551E+011,-6.59E+00,1.516304157518919E+002
1.346082027342448E+011,-6.54E+00,1.100031017721208E+002
1.346282094031344E+011,-6.65E+00,6.672320290050136E+001
1.346482160720240E+011,-7.52E+00,2.392525260740569E+001
1.346682227409136E+011,-8.63E+00,-8.05E+00
1.346882294098033E+011,-7.36E+00,-4.21E+01
1.347082360786929E+011,-6.82E+00,-8.54E+01
1.347282427475825E+011,-6.72E+00,-1.29E+02
1.347482494164722E+011,-7.22E+00,-1.71E+02
1.347682560853618E+011,-7.64E+00,1.534446014744119E+002
1.347882627542514E+011,-6.97E+00,1.145858886841203E+002
1.348082694231411E+011,-6.81E+00,7.238005032390274E+001
1.348282760920307E+011,-7.07E+00,3.004707547811461E+001
1.348482827609203E+011,-7.54E+00,-8.72E+00
1.348682894298099E+011,-7.57E+00,-4.49E+01
1.348882960986996E+011,-7.00E+00,-8.50E+01
1.349083027675892E+011,-7.05E+00,-1.28E+02
1.349283094364788E+011,-7.65E+00,-1.68E+02
1.349483161053685E+011,-7.92E+00,1.562439116694716E+002
1.349683227742581E+011,-7.62E+00,1.198356077708596E+002
1.349883294431477E+011,-7.03E+00,8.061899648661441E+001
1.350083361120374E+011,-6.90E+00,3.870591505590760E+001
1.350283427809270E+011,-6.90E+00,-1.01E+00
1.350483494498166E+011,-6.93E+00,-4.07E+01
1.350683561187062E+011,-6.70E+00,-7.91E+01
1.350883627875959E+011,-6.42E+00,-1.20E+02
1.351083694564855E+011,-6.40E+00,-1.62E+02
1.351283761253751E+011,-6.48E+00,1.573416699656762E+002
1.351483827942648E+011,-6.53E+00,1.177356420103193E+002
1.351683894631544E+011,-6.29E+00,7.736813832149983E+001
1.351883961320440E+011,-6.37E+00,3.461727769708384E+001
1.352084028009337E+011,-6.82E+00,-5.40E+00
1.352284094698233E+011,-7.05E+00,-4.30E+01
1.352484161387129E+011,-6.81E+00,-7.91E+01
1.352684228076025E+011,-6.16E+00,-1.20E+02
1.352884294764922E+011,-6.03E+00,-1.63E+02
1.353084361453818E+011,-6.14E+00,1.558645340463939E+002
1.353284428142714E+011,-6.29E+00,1.152514944517122E+002
1.353484494831611E+011,-6.33E+00,7.641551515151001E+001
1.353684561520507E+011,-6.00E+00,3.590929522137707E+001
1.353884628209403E+011,-5.91E+00,-6.21E+00
1.354084694898299E+011,-6.05E+00,-4.80E+01
1.354284761587196E+011,-6.16E+00,-8.86E+01
1.354484828276092E+011,-6.17E+00,-1.29E+02
1.354684894964988E+011,-6.14E+00,-1.70E+02
1.354884961653885E+011,-6.11E+00,1.488928780693084E+002
1.355085028342781E+011,-6.29E+00,1.077074286651048E+002
1.355285095031677E+011,-6.42E+00,6.772430241514981E+001
1.355485161720574E+011,-6.44E+00,2.787472039130817E+001
1.355685228409470E+011,-6.31E+00,-1.23E+01
1.355885295098366E+011,-6.16E+00,-5.46E+01
1.356085361787262E+011,-6.40E+00,-9.67E+01
1.356285428476159E+011,-6.72E+00,-1.37E+02
1.356485495165055E+011,-6.93E+00,-1.76E+02
1.356685561853951E+011,-6.84E+00,1.454292540767936E+002
1.356885628542848E+011,-6.51E+00,1.043699729083958E+002
1.357085695231744E+011,-6.60E+00,6.126739824810747E+001
1.357285761920640E+011,-6.98E+00,2.046256974270256E+001
1.357485828609536E+011,-7.16E+00,-1.76E+01
1.357685895298433E+011,-6.85E+00,-5.75E+01
1.357885961987329E+011,-6.88E+00,-9.95E+01
1.358086028676225E+011,-7.07E+00,-1.41E+02
1.358286095365122E+011,-7.26E+00,1.793399513069428E+002
1.358486162054018E+011,-7.28E+00,1.394100206433247E+002
1.358686228742914E+011,-7.36E+00,9.899098444112734E+001
1.358886295431811E+011,-7.44E+00,5.820936825748485E+001
1.359086362120707E+011,-7.67E+00,1.920704073095077E+001
1.359286428809603E+011,-7.50E+00,-2.02E+01
1.359486495498500E+011,-7.59E+00,-6.05E+01
1.359686562187396E+011,-7.53E+00,-9.84E+01
1.359886628876292E+011,-7.05E+00,-1.40E+02
1.360086695565188E+011,-7.26E+00,1.772434551597845E+002
1.360286762254085E+011,-7.69E+00,1.366168964957332E+002
1.360486828942981E+011,-8.18E+00,1.003314686729258E+002
1.360686895631877E+011,-7.36E+00,6.444693404163630E+001
1.360886962320774E+011,-6.93E+00,2.037039269940858E+001
1.361087029009670E+011,-7.23E+00,-2.19E+01
1.361287095698566E+011,-7.56E+00,-6.23E+01
1.361487162387463E+011,-7.95E+00,-1.00E+02
1.361687229076359E+011,-7.62E+00,-1.38E+02
1.361887295765255E+011,-7.60E+00,-1.79E+02
1.362087362454152E+011,-7.73E+00,1.412460833910802E+002
1.362287429143048E+011,-8.13E+00,1.030552158557981E+002
1.362487495831944E+011,-8.17E+00,6.722596924544826E+001
1.362687562520840E+011,-7.65E+00,2.973025993825010E+001
1.362887629209737E+011,-7.42E+00,-1.04E+01
1.363087695898633E+011,-7.24E+00,-5.05E+01
1.363287762587529E+011,-7.26E+00,-9.03E+01
1.363487829276426E+011,-7.13E+00,-1.29E+02
1.363687895965322E+011,-7.00E+00,-1.70E+02
1.363887962654218E+011,-6.96E+00,1.504683769237805E+002
1.364088029343114E+011,-6.92E+00,1.108505826397501E+002
1.364288096032011E+011,-6.87E+00,7.118080830425583E+001
1.364488162720907E+011,-6.79E+00,3.073063834496573E+001
1.364688229409803E+011,-6.81E+00,-8.69E+00
1.364888296098700E+011,-6.50E+00,-4.88E+01
1.365088362787596E+011,-6.38E+00,-9.03E+01
1.365288429476492E+011,-6.41E+00,-1.32E+02
1.365488496165389E+011,-6.54E+00,-1.73E+02
1.365688562854285E+011,-6.67E+00,1.478716083251017E+002
1.365888629543181E+011,-6.45E+00,1.084993968357007E+002
1.366088696232077E+011,-6.18E+00,6.725603998175198E+001
1.366288762920974E+011,-5.98E+00,2.395681485089911E+001
1.366488829609870E+011,-6.27E+00,-1.92E+01
1.366688896298766E+011,-6.66E+00,-5.92E+01
1.366888962987663E+011,-6.83E+00,-9.84E+01
1.367089029676559E+011,-6.76E+00,-1.38E+02
1.367289096365455E+011,-6.62E+00,-1.78E+02
1.367489163054352E+011,-6.65E+00,1.406847475255931E+002
1.367689229743248E+011,-6.76E+00,9.987269142493156E+001
1.367889296432144E+011,-6.81E+00,6.058408073662369E+001
1.368089363121040E+011,-6.69E+00,2.020708468484182E+001
1.368289429809937E+011,-6.77E+00,-2.17E+01
1.368489496498833E+011,-7.00E+00,-6.19E+01
1.368689563187729E+011,-7.35E+00,-1.02E+02
1.368889629876626E+011,-7.57E+00,-1.39E+02
1.369089696565522E+011,-7.20E+00,-1.77E+02
1.369289763254418E+011,-6.92E+00,1.425498677353027E+002
1.369489829943315E+011,-6.86E+00,9.947703788207507E+001
1.369689896632211E+011,-7.48E+00,5.864122948105526E+001
1.369889963321107E+011,-7.63E+00,2.267993948925991E+001
1.370090030010003E+011,-7.19E+00,-1.61E+01
1.370290096698900E+011,-7.06E+00,-5.79E+01
1.370490163387796E+011,-7.18E+00,-1.00E+02
1.370690230076692E+011,-7.64E+00,-1.40E+02
1.370890296765589E+011,-7.69E+00,-1.78E+02
1.371090363454485E+011,-7.66E+00,1.415771235731191E+002
1.371290430143381E+011,-8.08E+00,1.024251839117737E+002
1.371490496832278E+011,-7.54E+00,6.500022794282224E+001
1.371690563521174E+011,-7.48E+00,2.139476032075046E+001
1.371890630210070E+011,-7.79E+00,-1.95E+01
1.372090696898966E+011,-7.98E+00,-5.99E+01
1.372290763587863E+011,-8.47E+00,-9.93E+01
1.372490830276759E+011,-8.20E+00,-1.36E+02
1.372690896965655E+011,-8.03E+00,-1.77E+02
1.372890963654552E+011,-8.06E+00,1.418622577890095E+002
1.373091030343448E+011,-8.09E+00,1.016668656669265E+002
1.373291097032344E+011,-8.18E+00,6.110050253343801E+001
1.373491163721240E+011,-8.29E+00,2.122810443493760E+001
1.373691230410137E+011,-8.38E+00,-1.81E+01
1.373891297099033E+011,-8.41E+00,-5.68E+01
1.374091363787929E+011,-8.26E+00,-9.52E+01
1.374291430476826E+011,-7.96E+00,-1.34E+02
1.374491497165722E+011,-7.51E+00,-1.75E+02
1.374691563854618E+011,-7.44E+00,1.435393969964445E+002
1.374891630543514E+011,-7.39E+00,1.038175618897096E+002
1.375091697232411E+011,-7.17E+00,6.329610678463778E+001
1.375291763921307E+011,-7.05E+00,2.224678639248298E+001
1.375491830610204E+011,-7.00E+00,-1.91E+01
1.375691897299100E+011,-7.05E+00,-5.98E+01
1.375891963987996E+011,-7.02E+00,-9.98E+01
1.376092030676892E+011,-7.01E+00,-1.41E+02
1.376292097365789E+011,-7.17E+00,1.794209436637057E+002
1.376492164054685E+011,-7.21E+00,1.406004114445948E+002
1.376692230743581E+011,-7.03E+00,1.017087130852871E+002
1.376892297432477E+011,-6.80E+00,6.125117186570146E+001
1.377092364121374E+011,-6.78E+00,1.990906688849251E+001
1.377292430810270E+011,-6.93E+00,-1.99E+01
1.377492497499166E+011,-6.90E+00,-5.84E+01
1.377692564188063E+011,-6.78E+00,-9.80E+01
1.377892630876959E+011,-6.70E+00,-1.38E+02
1.378092697565855E+011,-6.72E+00,-1.78E+02
1.378292764254752E+011,-6.77E+00,1.422434502303518E+002
1.378492830943648E+011,-6.71E+00,1.036199423581764E+002
1.378692897632544E+011,-6.53E+00,6.348629370998799E+001
1.378892964321440E+011,-6.70E+00,2.288868500812713E+001
1.379093031010337E+011,-6.87E+00,-1.53E+01
1.379293097699233E+011,-6.77E+00,-5.36E+01
1.379493164388129E+011,-6.69E+00,-9.28E+01
1.379693231077026E+011,-6.55E+00,-1.33E+02
1.379893297765922E+011,-6.69E+00,-1.73E+02
1.380093364454818E+011,-6.87E+00,1.483340928954735E+002
1.380293431143715E+011,-6.82E+00,1.107993712767461E+002
1.380493497832611E+011,-6.57E+00,7.203686758349227E+001
1.380693564521507E+011,-6.34E+00,3.142224674815805E+001
1.380893631210403E+011,-6.39E+00,-9.52E+00
1.381093697899300E+011,-6.57E+00,-4.95E+01
1.381293764588196E+011,-6.53E+00,-8.84E+01
1.381493831277092E+011,-6.42E+00,-1.29E+02
1.381693897965989E+011,-6.40E+00,-1.70E+02
1.381893964654885E+011,-6.54E+00,1.487033051930959E+002
1.382094031343781E+011,-6.93E+00,1.102182579341653E+002
1.382294098032678E+011,-6.72E+00,7.253133517235881E+001
1.382494164721574E+011,-6.34E+00,3.203201483535000E+001
1.382694231410470E+011,-6.06E+00,-1.03E+01
1.382894298099367E+011,-6.20E+00,-5.33E+01
1.383094364788263E+011,-6.47E+00,-9.37E+01
1.383294431477159E+011,-6.43E+00,-1.33E+02
1.383494498166055E+011,-6.22E+00,-1.74E+02
1.383694564854952E+011,-6.14E+00,1.425162133493320E+002
1.383894631543848E+011,-6.65E+00,1.003745025753141E+002
1.384094698232744E+011,-6.76E+00,6.257274104100927E+001
1.384294764921641E+011,-6.49E+00,2.222135924884079E+001
1.384494831610537E+011,-6.24E+00,-1.96E+01
1.384694898299433E+011,-6.22E+00,-6.39E+01
1.384894964988330E+011,-6.93E+00,-1.06E+02
1.385095031677226E+011,-7.34E+00,-1.44E+02
1.385295098366122E+011,-7.24E+00,1.789128798576646E+002
1.385495165055018E+011,-6.81E+00,1.391553864934141E+002
1.385695231743915E+011,-6.61E+00,9.556010003410916E+001
1.385895298432811E+011,-7.32E+00,5.415710772426689E+001
1.386095365121707E+011,-7.60E+00,1.663190944032455E+001
1.386295431810604E+011,-7.76E+00,-1.91E+01
1.386495498499500E+011,-7.21E+00,-5.52E+01
1.386695565188396E+011,-6.58E+00,-9.66E+01
1.386895631877293E+011,-6.53E+00,-1.39E+02
1.387095698566189E+011,-7.02E+00,1.789224138910737E+002
1.387295765255085E+011,-7.57E+00,1.425307387802476E+002
1.387495831943981E+011,-7.42E+00,1.073722841138160E+002
1.387695898632878E+011,-6.99E+00,6.882673759624697E+001
1.387895965321774E+011,-6.72E+00,2.845311341047869E+001
1.388096032010670E+011,-6.82E+00,-1.21E+01
1.388296098699567E+011,-6.98E+00,-5.09E+01
1.388496165388463E+011,-6.88E+00,-8.90E+01
1.388696232077359E+011,-6.72E+00,-1.28E+02
1.388896298766256E+011,-6.57E+00,-1.68E+02
1.389096365455152E+011,-6.58E+00,1.511588339244498E+002
1.389296432144048E+011,-6.64E+00,1.110642661140185E+002
1.389496498832944E+011,-6.78E+00,7.257352857280726E+001
1.389696565521841E+011,-6.38E+00,3.383214990643005E+001
1.389896632210737E+011,-6.10E+00,-8.55E+00
1.390096698899633E+011,-6.17E+00,-5.14E+01
1.390296765588530E+011,-6.58E+00,-9.35E+01
1.390496832277426E+011,-6.97E+00,-1.30E+02
1.390696898966322E+011,-6.58E+00,-1.69E+02
1.390896965655219E+011,-6.29E+00,1.489370477427778E+002
1.391097032344115E+011,-6.31E+00,1.056459959333473E+002
1.391297099033011E+011,-6.79E+00,6.390127834644306E+001
1.391497165721907E+011,-6.88E+00,2.534266843407642E+001
1.391697232410804E+011,-6.97E+00,-1.52E+01
1.391897299099700E+011,-6.94E+00,-5.50E+01
1.392097365788596E+011,-7.00E+00,-9.54E+01
1.392297432477493E+011,-7.06E+00,-1.34E+02
1.392497499166389E+011,-6.70E+00,-1.75E+02
1.392697565855285E+011,-6.73E+00,1.442276997920776E+002
1.392897632544182E+011,-6.71E+00,1.044295969246278E+002
1.393097699233078E+011,-6.65E+00,6.363897660112205E+001
1.393297765921974E+011,-6.64E+00,2.341886274028748E+001
1.393497832610870E+011,-6.66E+00,-1.73E+01
1.393697899299767E+011,-6.84E+00,-5.67E+01
1.393897965988663E+011,-6.67E+00,-9.52E+01
1.394098032677559E+011,-6.62E+00,-1.36E+02
1.394298099366455E+011,-6.51E+00,-1.75E+02
1.394498166055352E+011,-6.48E+00,1.451328938479121E+002
1.394698232744248E+011,-6.54E+00,1.058913366673585E+002
1.394898299433145E+011,-6.44E+00,6.703745856346815E+001
1.395098366122041E+011,-6.30E+00,2.787262325016555E+001
1.395298432810937E+011,-6.11E+00,-1.19E+01
1.395498499499833E+011,-6.08E+00,-5.27E+01
1.395698566188730E+011,-6.17E+00,-9.25E+01
1.395898632877626E+011,-6.24E+00,-1.31E+02
1.396098699566522E+011,-6.11E+00,-1.70E+02
1.396298766255418E+011,-5.98E+00,1.492159090884369E+002
1.396498832944315E+011,-6.03E+00,1.087014216194631E+002
1.396698899633211E+011,-6.22E+00,6.841633942024252E+001
1.396898966322108E+011,-6.33E+00,3.053844728938412E+001
1.397099033011004E+011,-6.03E+00,-8.62E+00
1.397299099699900E+011,-6.00E+00,-5.06E+01
1.397499166388796E+011,-6.26E+00,-9.08E+01
1.397699233077693E+011,-6.40E+00,-1.30E+02
1.397899299766589E+011,-6.48E+00,-1.69E+02
1.398099366455485E+011,-6.42E+00,1.511460168462863E+002
1.398299433144381E+011,-6.56E+00,1.112040981226346E+002
1.398499499833278E+011,-6.62E+00,7.237158238045011E+001
1.398699566522174E+011,-6.58E+00,3.265090695007363E+001
1.398899633211070E+011,-6.64E+00,-6.47E+00
1.399099699899967E+011,-6.55E+00,-4.70E+01
1.399299766588863E+011,-6.68E+00,-8.71E+01
1.399499833277759E+011,-6.69E+00,-1.27E+02
1.399699899966656E+011,-6.70E+00,-1.67E+02
1.399899966655552E+011,-6.68E+00,1.531683297719366E+002
1.400100033344448E+011,-6.76E+00,1.126315959292386E+002
1.400300100033344E+011,-6.85E+00,7.339921518789868E+001
1.400500166722241E+011,-6.67E+00,3.349960660606651E+001
1.400700233411137E+011,-6.59E+00,-7.90E+00
1.400900300100033E+011,-6.71E+00,-4.94E+01
1.401100366788930E+011,-7.00E+00,-9.00E+01
1.401300433477826E+011,-7.16E+00,-1.28E+02
1.401500500166722E+011,-6.95E+00,-1.67E+02
1.401700566855619E+011,-6.76E+00,1.525963439185955E+002
1.401900633544515E+011,-6.67E+00,1.112884262761924E+002
1.402100700233411E+011,-6.87E+00,6.961450817463772E+001
1.402300766922307E+011,-7.23E+00,3.056591999492856E+001
1.402500833611204E+011,-7.18E+00,-6.79E+00
1.402700900300100E+011,-6.92E+00,-4.58E+01
1.402900966988996E+011,-6.70E+00,-8.65E+01
1.403101033677893E+011,-6.68E+00,-1.28E+02
1.403301100366789E+011,-6.98E+00,-1.67E+02
1.403501167055685E+011,-6.91E+00,1.554932778951698E+002
1.403701233744582E+011,-6.58E+00,1.166419165723496E+002
1.403901300433478E+011,-6.31E+00,7.595136229475109E+001
1.404101367122374E+011,-6.29E+00,3.433527513425934E+001
1.404301433811270E+011,-6.51E+00,-4.57E+00
1.404501500500167E+011,-6.31E+00,-4.29E+01
1.404701567189063E+011,-6.01E+00,-8.28E+01
1.404901633877959E+011,-5.76E+00,-1.25E+02
1.405101700566856E+011,-5.94E+00,-1.68E+02
1.405301767255752E+011,-6.46E+00,1.531936923373568E+002
1.405501833944648E+011,-6.49E+00,1.161484079929312E+002
1.405701900633545E+011,-6.26E+00,7.766689486769479E+001
1.405901967322441E+011,-5.94E+00,3.746031838316360E+001
1.406102034011337E+011,-5.90E+00,-4.28E+00
1.406302100700234E+011,-6.12E+00,-4.47E+01
1.406502167389130E+011,-6.26E+00,-8.33E+01
1.406702234078026E+011,-6.08E+00,-1.22E+02
1.406902300766922E+011,-6.01E+00,-1.62E+02
1.407102367455819E+011,-5.94E+00,1.573939404251089E+002
1.407302434144715E+011,-5.85E+00,1.177435729228453E+002
1.407502500833611E+011,-5.64E+00,7.671828045168573E+001
1.407702567522508E+011,-5.77E+00,3.509390373258930E+001
1.407902634211404E+011,-5.94E+00,-4.74E+00
1.408102700900300E+011,-5.94E+00,-4.42E+01
1.408302767589197E+011,-5.78E+00,-8.38E+01
1.408502834278093E+011,-5.64E+00,-1.25E+02
1.408702900966989E+011,-5.78E+00,-1.66E+02
1.408902967655885E+011,-5.85E+00,1.536485127183329E+002
1.409103034344782E+011,-5.80E+00,1.136147300277546E+002
1.409303101033678E+011,-5.68E+00,7.297890663256918E+001
1.409503167722574E+011,-5.75E+00,3.192468959343952E+001
1.409703234411471E+011,-5.84E+00,-7.83E+00
1.409903301100367E+011,-5.79E+00,-4.74E+01
1.410103367789263E+011,-5.59E+00,-8.72E+01
1.410303434478160E+011,-5.47E+00,-1.29E+02
1.410503501167056E+011,-5.66E+00,-1.70E+02
1.410703567855952E+011,-5.79E+00,1.498212520388637E+002
1.410903634544848E+011,-5.95E+00,1.106294600104237E+002
1.411103701233745E+011,-5.81E+00,7.296772325217111E+001
1.411303767922641E+011,-5.37E+00,3.244110850906876E+001
1.411503834611537E+011,-5.33E+00,-1.02E+01
1.411703901300433E+011,-5.56E+00,-5.10E+01
1.411903967989330E+011,-5.72E+00,-9.01E+01
1.412104034678226E+011,-5.65E+00,-1.30E+02
1.412304101367123E+011,-5.54E+00,-1.70E+02
1.412504168056019E+011,-5.56E+00,1.495401809317095E+002
1.412704234744915E+011,-5.67E+00,1.095842503217518E+002
1.412904301433811E+011,-5.57E+00,7.013984504351033E+001
1.413104368122708E+011,-5.51E+00,2.898675956580089E+001
1.413304434811604E+011,-5.57E+00,-1.18E+01
1.413504501500500E+011,-5.78E+00,-5.27E+01
1.413704568189396E+011,-6.07E+00,-9.23E+01
1.413904634878293E+011,-6.13E+00,-1.31E+02
1.414104701567189E+011,-6.14E+00,-1.69E+02
1.414304768256086E+011,-5.81E+00,1.511244878708106E+002
1.414504834944982E+011,-5.87E+00,1.094930682091884E+002
1.414704901633878E+011,-6.04E+00,7.024936600837073E+001
1.414904968322774E+011,-6.01E+00,3.044986311887714E+001
1.415105035011671E+011,-5.92E+00,-9.43E+00
1.415305101700567E+011,-5.87E+00,-5.11E+01
1.415505168389463E+011,-6.26E+00,-9.21E+01
1.415705235078359E+011,-6.36E+00,-1.31E+02
1.415905301767256E+011,-6.31E+00,-1.70E+02
1.416105368456152E+011,-6.21E+00,1.505147283886645E+002
1.416305435145048E+011,-6.18E+00,1.087591781064773E+002
1.416505501833945E+011,-6.45E+00,6.826922822661629E+001
1.416705568522841E+011,-6.57E+00,2.904984455252315E+001
1.416905635211737E+011,-6.60E+00,-1.04E+01
1.417105701900634E+011,-6.56E+00,-4.91E+01
1.417305768589530E+011,-6.32E+00,-8.99E+01
1.417505835278426E+011,-6.35E+00,-1.31E+02
1.417705901967322E+011,-6.61E+00,-1.72E+02
1.417905968656219E+011,-6.71E+00,1.490460172712466E+002
1.418106035345115E+011,-6.81E+00,1.102987312189440E+002
1.418306102034011E+011,-6.43E+00,7.193815942525960E+001
1.418506168722908E+011,-6.20E+00,3.029296587938630E+001
1.418706235411804E+011,-6.30E+00,-1.06E+01
1.418906302100700E+011,-6.31E+00,-5.06E+01
1.419106368789597E+011,-6.33E+00,-8.95E+01
1.419306435478493E+011,-5.89E+00,-1.30E+02
1.419506502167389E+011,-5.78E+00,-1.72E+02
1.419706568856285E+011,-5.94E+00,1.461127020789138E+002
1.419906635545182E+011,-6.11E+00,1.061283274717826E+002
1.420106702234078E+011,-6.06E+00,6.702947631426937E+001
1.420306768922974E+011,-5.93E+00,2.654831448359895E+001
1.420506835611871E+011,-5.87E+00,-1.50E+01
1.420706902300767E+011,-6.09E+00,-5.59E+01
1.420906968989663E+011,-6.10E+00,-9.41E+01
1.421107035678560E+011,-5.93E+00,-1.35E+02
1.421307102367456E+011,-5.83E+00,-1.75E+02
1.421507169056352E+011,-5.69E+00,1.435755482324518E+002
1.421707235745248E+011,-5.96E+00,1.024029909132340E+002
1.421907302434145E+011,-5.97E+00,6.358444634324648E+001
1.422107369123041E+011,-5.93E+00,2.362367385743724E+001
1.422307435811937E+011,-5.90E+00,-1.65E+01
1.422507502500834E+011,-5.95E+00,-5.67E+01
1.422707569189730E+011,-5.98E+00,-9.65E+01
1.422907635878626E+011,-6.15E+00,-1.36E+02
1.423107702567523E+011,-6.19E+00,-1.75E+02
1.423307769256419E+011,-6.06E+00,1.466751371275013E+002
1.423507835945315E+011,-5.86E+00,1.076968524700371E+002
1.423707902634211E+011,-5.58E+00,6.663677001956445E+001
1.423907969323108E+011,-5.65E+00,2.544503939619115E+001
1.424108036012004E+011,-5.70E+00,-1.42E+01
1.424308102700900E+011,-5.65E+00,-5.40E+01
1.424508169389797E+011,-5.59E+00,-9.35E+01
1.424708236078693E+011,-5.56E+00,-1.35E+02
1.424908302767589E+011,-5.67E+00,-1.74E+02
1.425108369456486E+011,-5.68E+00,1.462663966318691E+002
1.425308436145382E+011,-5.68E+00,1.065869974866234E+002
1.425508502834278E+011,-5.55E+00,6.695848161661627E+001
1.425708569523174E+011,-5.56E+00,2.673963284116378E+001
1.425908636212071E+011,-5.49E+00,-1.29E+01
1.426108702900967E+011,-5.45E+00,-5.37E+01
1.426308769589863E+011,-5.43E+00,-9.32E+01
1.426508836278760E+011,-5.39E+00,-1.34E+02
1.426708902967656E+011,-5.53E+00,-1.74E+02
1.426908969656552E+011,-5.52E+00,1.464935827370114E+002
1.427109036345449E+011,-5.43E+00,1.067755473233579E+002
1.427309103034345E+011,-5.30E+00,6.599929459914466E+001
1.427509169723241E+011,-5.29E+00,2.470057666800997E+001
1.427709236412138E+011,-5.44E+00,-1.63E+01
1.427909303101034E+011,-5.70E+00,-5.65E+01
1.428109369789930E+011,-5.90E+00,-9.47E+01
1.428309436478826E+011,-5.63E+00,-1.33E+02
1.428509503167723E+011,-5.35E+00,-1.75E+02
1.428709569856619E+011,-5.50E+00,1.431584566913003E+002
1.428909636545515E+011,-5.78E+00,1.032909878322517E+002
1.429109703234412E+011,-5.87E+00,6.466590931432248E+001
1.429309769923308E+011,-5.68E+00,2.590206771893798E+001
1.429509836612204E+011,-5.47E+00,-1.57E+01
1.429709903301101E+011,-5.66E+00,-5.74E+01
1.429909969989997E+011,-5.92E+00,-9.62E+01
1.430110036678893E+011,-5.87E+00,-1.35E+02
1.430310103367789E+011,-5.78E+00,-1.74E+02
1.430510170056686E+011,-5.69E+00,1.460128579159203E+002
1.430710236745582E+011,-5.56E+00,1.063304133434596E+002
1.430910303434478E+011,-5.45E+00,6.552398053941349E+001
1.431110370123375E+011,-5.48E+00,2.481034411544834E+001
1.431310436812271E+011,-5.59E+00,-1.53E+01
1.431510503501167E+011,-5.58E+00,-5.49E+01
1.431710570190064E+011,-5.50E+00,-9.58E+01
1.431910636878960E+011,-5.62E+00,-1.37E+02
1.432110703567856E+011,-5.70E+00,-1.77E+02
1.432310770256752E+011,-5.96E+00,1.421267426124668E+002
1.432510836945649E+011,-6.06E+00,1.035122937924504E+002
1.432710903634545E+011,-5.99E+00,6.288328497909087E+001
1.432910970323441E+011,-6.22E+00,2.305391942355360E+001
1.433111037012337E+011,-6.21E+00,-1.58E+01
1.433311103701234E+011,-6.19E+00,-5.59E+01
1.433511170390130E+011,-6.16E+00,-9.64E+01
1.433711237079027E+011,-6.36E+00,-1.38E+02
1.433911303767923E+011,-6.76E+00,-1.75E+02
1.434111370456819E+011,-6.30E+00,1.466095404026130E+002
1.434311437145715E+011,-6.09E+00,1.049100946563030E+002
1.434511503834612E+011,-6.07E+00,6.335797592992792E+001
1.434711570523508E+011,-6.21E+00,2.180472717720504E+001
1.434911637212404E+011,-6.46E+00,-1.76E+01
1.435111703901300E+011,-6.30E+00,-5.73E+01
1.435311770590197E+011,-6.28E+00,-9.79E+01
1.435511837279093E+011,-6.25E+00,-1.39E+02
1.435711903967990E+011,-6.43E+00,1.797242022900045E+002
1.435911970656886E+011,-6.64E+00,1.412270157673766E+002
1.436112037345782E+011,-6.37E+00,1.017433706185446E+002
1.436312104034678E+011,-6.22E+00,6.046913409522750E+001
1.436512170723575E+011,-6.22E+00,1.871304955955870E+001
1.436712237412471E+011,-6.38E+00,-2.30E+01
1.436912304101367E+011,-6.79E+00,-6.36E+01
1.437112370790263E+011,-7.02E+00,-1.01E+02
1.437312437479160E+011,-6.71E+00,-1.39E+02
1.437512504168056E+011,-6.27E+00,-1.79E+02
1.437712570856952E+011,-6.09E+00,1.387501210192666E+002
1.437912637545849E+011,-6.04E+00,9.716325228895221E+001
1.438112704234745E+011,-6.30E+00,5.543582816813311E+001
1.438312770923641E+011,-6.42E+00,1.674232908685504E+001
1.438512837612538E+011,-6.19E+00,-2.33E+01
1.438712904301434E+011,-6.12E+00,-6.43E+01
1.438912970990330E+011,-6.09E+00,-1.06E+02
1.439113037679226E+011,-6.39E+00,-1.46E+02
1.439313104368123E+011,-6.47E+00,1.751531773026039E+002
1.439513171057019E+011,-6.35E+00,1.355535361952911E+002
1.439713237745915E+011,-6.17E+00,9.587691028310940E+001
1.439913304434812E+011,-5.99E+00,5.403942261870414E+001
1.440113371123708E+011,-6.30E+00,1.224522553818532E+001
1.440313437812604E+011,-6.54E+00,-2.58E+01
1.440513504501501E+011,-6.33E+00,-6.45E+01
1.440713571190397E+011,-6.18E+00,-1.05E+02
1.440913637879293E+011,-6.21E+00,-1.45E+02
1.441113704568189E+011,-6.37E+00,1.739417289765392E+002
1.441313771257086E+011,-6.40E+00,1.361473326063906E+002
1.441513837945982E+011,-6.14E+00,9.629396499266844E+001
1.441713904634878E+011,-6.10E+00,5.598261404804993E+001
1.441913971323775E+011,-6.04E+00,1.571563355576262E+001
1.442114038012671E+011,-6.21E+00,-2.47E+01
1.442314104701567E+011,-6.32E+00,-6.21E+01
1.442514171390464E+011,-5.96E+00,-1.01E+02
1.442714238079360E+011,-5.72E+00,-1.41E+02
1.442914304768256E+011,-5.67E+00,1.780113969126277E+002
1.443114371457152E+011,-5.78E+00,1.375946503108042E+002
1.443314438146049E+011,-5.85E+00,9.915348891395939E+001
1.443514504834945E+011,-5.58E+00,6.015753903266340E+001
1.443714571523841E+011,-5.36E+00,1.901053459088911E+001
1.443914638212737E+011,-5.44E+00,-2.21E+01
1.444114704901634E+011,-5.59E+00,-6.17E+01
1.444314771590530E+011,-5.57E+00,-1.01E+02
1.444514838279427E+011,-5.40E+00,-1.41E+02
1.444714904968323E+011,-5.38E+00,1.776985226232781E+002
1.444914971657219E+011,-5.47E+00,1.378618711549561E+002
1.445115038346115E+011,-5.44E+00,9.814379699199606E+001
1.445315105035012E+011,-5.44E+00,5.785219240236818E+001
1.445515171723908E+011,-5.38E+00,1.821001257866347E+001
1.445715238412804E+011,-5.30E+00,-2.25E+01
1.445915305101700E+011,-5.34E+00,-6.28E+01
1.446115371790597E+011,-5.36E+00,-1.03E+02
1.446315438479493E+011,-5.43E+00,-1.43E+02
1.446515505168390E+011,-5.37E+00,1.775725482959843E+002
1.446715571857286E+011,-5.33E+00,1.368005682659783E+002
1.446915638546182E+011,-5.39E+00,9.687506094943417E+001
1.447115705235078E+011,-5.35E+00,5.680363793203801E+001
1.447315771923975E+011,-5.39E+00,1.669613185710448E+001
1.447515838612871E+011,-5.29E+00,-2.31E+01
1.447715905301767E+011,-5.33E+00,-6.41E+01
1.447915971990664E+011,-5.40E+00,-1.04E+02
1.448116038679560E+011,-5.35E+00,-1.43E+02
1.448316105368456E+011,-5.28E+00,1.774091356884466E+002
1.448516172057352E+011,-4.99E+00,1.377582401996694E+002
1.448716238746249E+011,-4.91E+00,9.557566873451138E+001
1.448916305435145E+011,-5.11E+00,5.456831737918697E+001
1.449116372124041E+011,-5.25E+00,1.564550842628307E+001
1.449316438812938E+011,-5.18E+00,-2.30E+01
1.449516505501834E+011,-4.94E+00,-6.35E+01
1.449716572190730E+011,-4.98E+00,-1.04E+02
1.449916638879627E+011,-5.09E+00,-1.44E+02
1.450116705568523E+011,-5.14E+00,1.764340143589078E+002
1.450316772257419E+011,-5.01E+00,1.370015879961536E+002
1.450516838946315E+011,-4.96E+00,9.587767045295976E+001
1.450716905635212E+011,-5.16E+00,5.505189356114271E+001
1.450916972324108E+011,-5.46E+00,1.521044799430336E+001
1.451117039013005E+011,-5.68E+00,-2.26E+01
1.451317105701901E+011,-5.42E+00,-6.15E+01
1.451517172390797E+011,-5.33E+00,-1.03E+02
1.451717239079693E+011,-5.52E+00,-1.44E+02
1.451917305768590E+011,-5.95E+00,1.762782155544966E+002
1.452117372457486E+011,-6.01E+00,1.392815131602018E+002
1.452317439146382E+011,-5.82E+00,1.000785570103642E+002
1.452517505835278E+011,-5.62E+00,5.907081586835434E+001
1.452717572524175E+011,-5.68E+00,1.661474449704268E+001
1.452917639213071E+011,-6.05E+00,-2.38E+01
1.453117705901967E+011,-6.13E+00,-6.37E+01
1.453317772590864E+011,-6.21E+00,-1.03E+02
1.453517839279760E+011,-5.99E+00,-1.44E+02
1.453717905968656E+011,-5.99E+00,1.739985245839766E+002
1.453917972657553E+011,-6.29E+00,1.321785516434206E+002
1.454118039346449E+011,-6.67E+00,9.277308849745099E+001
1.454318106035345E+011,-6.61E+00,5.418317806852063E+001
1.454518172724241E+011,-6.48E+00,1.368251202352617E+001
1.454718239413138E+011,-6.45E+00,-2.76E+01
1.454918306102034E+011,-6.59E+00,-6.92E+01
1.455118372790930E+011,-6.82E+00,-1.08E+02
1.455318439479827E+011,-6.66E+00,-1.48E+02
1.455518506168723E+011,-6.53E+00,1.718734186415180E+002
1.455718572857619E+011,-6.42E+00,1.298757103489957E+002
1.455918639546516E+011,-6.69E+00,8.811700299595235E+001
1.456118706235412E+011,-6.79E+00,4.836180596267482E+001
1.456318772924308E+011,-6.92E+00,7.948002646432514E+000
1.456518839613204E+011,-7.02E+00,-3.24E+01
1.456718906302101E+011,-7.35E+00,-7.30E+01
1.456918972990997E+011,-7.59E+00,-1.08E+02
1.457119039679893E+011,-7.08E+00,-1.47E+02
1.457319106368790E+011,-6.87E+00,1.718089177255178E+002
1.457519173057686E+011,-6.78E+00,1.308633010877101E+002
1.457719239746582E+011,-6.96E+00,8.950054303492945E+001
1.457919306435479E+011,-7.02E+00,5.125468025981477E+001
1.458119373124375E+011,-7.10E+00,1.090057134117971E+001
1.458319439813271E+011,-7.23E+00,-2.76E+01
1.458519506502167E+011,-7.18E+00,-6.62E+01
1.458719573191064E+011,-7.19E+00,-1.04E+02
1.458919639879960E+011,-6.67E+00,-1.44E+02
1.459119706568856E+011,-6.62E+00,1.743071527453425E+002
1.459319773257753E+011,-6.69E+00,1.337631199030614E+002
1.459519839946649E+011,-6.79E+00,9.299604418840607E+001
1.459719906635545E+011,-7.06E+00,5.522985904680156E+001
1.459919973324442E+011,-6.60E+00,1.530376004044268E+001
1.460120040013338E+011,-6.66E+00,-2.65E+01
1.460320106702234E+011,-6.71E+00,-6.68E+01
1.460520173391130E+011,-6.90E+00,-1.08E+02
1.460720240080027E+011,-7.21E+00,-1.46E+02
1.460920306768923E+011,-6.92E+00,1.753065416950402E+002
1.461120373457819E+011,-6.86E+00,1.347206943880188E+002
1.461320440146716E+011,-6.84E+00,9.526687846074979E+001
1.461520506835612E+011,-6.73E+00,5.525600139154474E+001
1.461720573524508E+011,-6.64E+00,1.544494597682556E+001
1.461920640213405E+011,-6.43E+00,-2.47E+01
1.462120706902301E+011,-6.26E+00,-6.61E+01
1.462320773591197E+011,-6.36E+00,-1.08E+02
1.462520840280093E+011,-6.55E+00,-1.48E+02
1.462720906968990E+011,-6.63E+00,1.725310442331612E+002
1.462920973657886E+011,-6.35E+00,1.339231432106625E+002
1.463121040346782E+011,-6.26E+00,9.088728783600809E+001
1.463321107035679E+011,-6.65E+00,5.106853979748613E+001
1.463521173724575E+011,-6.58E+00,1.224309505919545E+001
1.463721240413471E+011,-6.53E+00,-2.63E+01
1.463921307102368E+011,-5.94E+00,-6.71E+01
1.464121373791264E+011,-5.96E+00,-1.11E+02
1.464321440480160E+011,-6.49E+00,-1.52E+02
1.464521507169056E+011,-6.61E+00,1.692919428898317E+002
1.464721573857953E+011,-6.44E+00,1.322122785897500E+002
1.464921640546849E+011,-5.87E+00,8.981665634516280E+001
1.465121707235745E+011,-6.03E+00,4.599034218589622E+001
1.465321773924642E+011,-6.43E+00,5.650922476394324E+000
1.465521840613538E+011,-6.75E+00,-3.35E+01
1.465721907302434E+011,-6.41E+00,-7.19E+01
1.465921973991331E+011,-6.40E+00,-1.15E+02
1.466122040680227E+011,-6.98E+00,-1.55E+02
1.466322107369123E+011,-7.06E+00,1.680318878347767E+002
1.466522174058019E+011,-6.89E+00,1.312630710514854E+002
1.466722240746916E+011,-6.35E+00,9.069747663187032E+001
1.466922307435812E+011,-6.44E+00,4.786787547599543E+001
1.467122374124708E+011,-6.68E+00,9.855584775348643E+000
1.467322440813605E+011,-6.60E+00,-2.83E+01
1.467522507502501E+011,-6.13E+00,-6.75E+01
1.467722574191397E+011,-5.97E+00,-1.11E+02
1.467922640880294E+011,-6.47E+00,-1.52E+02
1.468122707569190E+011,-6.68E+00,1.710197632369894E+002
1.468322774258086E+011,-6.48E+00,1.341660111997468E+002
1.468522840946982E+011,-6.09E+00,9.393451414174969E+001
1.468722907635879E+011,-6.15E+00,5.266193378106889E+001
1.468922974324775E+011,-6.25E+00,1.452273198399168E+001
1.469123041013671E+011,-6.04E+00,-2.46E+01
1.469323107702567E+011,-5.83E+00,-6.53E+01
1.469523174391464E+011,-5.88E+00,-1.07E+02
1.469723241080360E+011,-6.39E+00,-1.48E+02
1.469923307769257E+011,-6.71E+00,1.753172248331020E+002
1.470123374458153E+011,-6.45E+00,1.380948708644966E+002
1.470323441147049E+011,-6.15E+00,9.688586027456826E+001
1.470523507835945E+011,-6.43E+00,5.465989753793148E+001
1.470723574524842E+011,-6.80E+00,1.630793534816830E+001
1.470923641213738E+011,-6.87E+00,-2.17E+01
1.471123707902634E+011,-6.60E+00,-6.05E+01
1.471323774591531E+011,-6.32E+00,-1.03E+02
1.471523841280427E+011,-6.67E+00,-1.46E+02
1.471723907969323E+011,-7.28E+00,1.743130205296008E+002
1.471923974658220E+011,-7.49E+00,1.371791514862516E+002
1.472124041347116E+011,-7.43E+00,9.872948554639768E+001
1.472324108036012E+011,-7.40E+00,5.968066882385853E+001
1.472524174724908E+011,-7.16E+00,2.038180769621448E+001
1.472724241413805E+011,-7.00E+00,-2.05E+01
1.472924308102701E+011,-6.87E+00,-6.14E+01
1.473124374791597E+011,-6.85E+00,-1.03E+02
1.473324441480494E+011,-7.06E+00,-1.44E+02
1.473524508169390E+011,-7.29E+00,1.756622475507906E+002
1.473724574858286E+011,-7.33E+00,1.381398669190436E+002
1.473924641547182E+011,-7.01E+00,9.830601918168394E+001
1.474124708236079E+011,-6.83E+00,5.759084499983198E+001
1.474324774924975E+011,-6.77E+00,1.593292950302025E+001
1.474524841613872E+011,-7.10E+00,-2.46E+01
1.474724908302768E+011,-7.08E+00,-6.18E+01
1.474924974991664E+011,-6.80E+00,-1.01E+02
1.475125041680560E+011,-6.52E+00,-1.42E+02
1.475325108369457E+011,-6.40E+00,1.762135515795158E+002
1.475525175058353E+011,-6.68E+00,1.341331190558030E+002
1.475725241747249E+011,-7.16E+00,9.688123184035867E+001
1.475925308436145E+011,-6.85E+00,5.924254827053183E+001
1.476125375125042E+011,-6.66E+00,1.941051508013869E+001
1.476325441813938E+011,-6.60E+00,-2.10E+01
1.476525508502835E+011,-6.87E+00,-6.10E+01
1.476725575191731E+011,-6.89E+00,-9.76E+01
1.476925641880627E+011,-6.52E+00,-1.37E+02
1.477125708569523E+011,-6.36E+00,-1.78E+02
1.477325775258420E+011,-6.56E+00,1.406903024449444E+002
1.477525841947316E+011,-6.99E+00,1.026563681221375E+002
1.477725908636212E+011,-6.67E+00,6.553672094876870E+001
1.477925975325108E+011,-6.36E+00,2.461511715810927E+001
1.478126042014005E+011,-6.43E+00,-1.69E+01
1.478326108702901E+011,-6.76E+00,-5.68E+01
1.478526175391797E+011,-6.67E+00,-9.43E+01
1.478726242080694E+011,-6.36E+00,-1.35E+02
1.478926308769590E+011,-6.45E+00,-1.77E+02
1.479126375458486E+011,-6.87E+00,1.430545558770751E+002
1.479326442147383E+011,-6.86E+00,1.067655991698081E+002
1.479526508836279E+011,-6.19E+00,6.674145136510732E+001
1.479726575525175E+011,-6.04E+00,2.305659731700191E+001
1.479926642214071E+011,-6.29E+00,-1.92E+01
1.480126708902968E+011,-6.63E+00,-5.88E+01
1.480326775591864E+011,-6.50E+00,-9.68E+01
1.480526842280760E+011,-6.20E+00,-1.38E+02
1.480726908969657E+011,-6.07E+00,-1.79E+02
1.480926975658553E+011,-6.19E+00,1.385043463376765E+002
1.481127042347449E+011,-6.36E+00,9.880164619474968E+001
1.481327109036346E+011,-6.33E+00,5.831109027403088E+001
1.481527175725242E+011,-6.48E+00,1.777859522036951E+001
1.481727242414138E+011,-6.58E+00,-2.13E+01
1.481927309103034E+011,-6.46E+00,-6.03E+01
1.482127375791931E+011,-6.30E+00,-1.00E+02
1.482327442480827E+011,-6.16E+00,-1.40E+02
1.482527509169723E+011,-5.93E+00,1.788596987903555E+002
1.482727575858619E+011,-5.96E+00,1.368252822089709E+002
1.482927642547516E+011,-6.23E+00,9.637241304675898E+001
1.483127709236412E+011,-6.35E+00,5.792720148244639E+001
1.483327775925309E+011,-6.07E+00,1.925148900586824E+001
1.483527842614205E+011,-5.98E+00,-2.28E+01
1.483727909303101E+011,-6.23E+00,-6.33E+01
1.483927975991997E+011,-6.45E+00,-1.01E+02
1.484128042680894E+011,-6.27E+00,-1.39E+02
1.484328109369790E+011,-5.84E+00,-1.80E+02
1.484528176058686E+011,-5.77E+00,1.381688084953491E+002
1.484728242747582E+011,-6.12E+00,9.671584672928178E+001
1.484928309436479E+011,-6.48E+00,5.952451907293637E+001
1.485128376125375E+011,-6.10E+00,2.145460878167448E+001
1.485328442814272E+011,-5.86E+00,-2.02E+01
1.485528509503168E+011,-6.13E+00,-6.31E+01
1.485728576192064E+011,-7.01E+00,-1.01E+02
1.485928642880960E+011,-6.67E+00,-1.34E+02
1.486128709569857E+011,-6.05E+00,-1.74E+02
1.486328776258753E+011,-5.93E+00,1.438219910399654E+002
1.486528842947649E+011,-6.16E+00,1.026294250995450E+002
1.486728909636545E+011,-6.42E+00,6.624451668653497E+001
1.486928976325442E+011,-5.91E+00,2.745818382180701E+001
1.487129043014338E+011,-5.67E+00,-1.47E+01
1.487329109703234E+011,-5.73E+00,-5.73E+01
1.487529176392131E+011,-6.37E+00,-9.91E+01
1.487729243081027E+011,-6.79E+00,-1.34E+02
1.487929309769923E+011,-6.26E+00,-1.72E+02
1.488129376458820E+011,-6.05E+00,1.467146255409812E+002
1.488329443147716E+011,-6.32E+00,1.046422648807855E+002
1.488529509836612E+011,-6.83E+00,6.828128035222328E+001
1.488729576525508E+011,-6.28E+00,3.126241027876084E+001
1.488929643214405E+011,-5.81E+00,-1.03E+01
1.489129709903301E+011,-5.67E+00,-5.33E+01
1.489329776592197E+011,-6.12E+00,-9.65E+01
1.489529843281094E+011,-6.58E+00,-1.34E+02
1.489729909969990E+011,-6.29E+00,-1.72E+02
1.489929976658886E+011,-6.31E+00,1.466603298777243E+002
1.490130043347783E+011,-6.47E+00,1.064905721665521E+002
1.490330110036679E+011,-6.57E+00,6.806169131124759E+001
1.490530176725575E+011,-6.23E+00,2.930485042318981E+001
1.490730243414471E+011,-5.92E+00,-1.27E+01
1.490930310103368E+011,-6.00E+00,-5.45E+01
1.491130376792264E+011,-6.14E+00,-9.57E+01
1.491330443481160E+011,-6.35E+00,-1.34E+02
1.491530510170057E+011,-6.02E+00,-1.74E+02
1.491730576858953E+011,-5.85E+00,1.441134231353835E+002
1.491930643547849E+011,-6.00E+00,1.029781418674064E+002
1.492130710236746E+011,-6.11E+00,6.139619375502814E+001
1.492330776925642E+011,-6.50E+00,2.197193582374362E+001
1.492530843614538E+011,-6.47E+00,-1.58E+01
1.492730910303434E+011,-6.23E+00,-5.57E+01
1.492930976992331E+011,-6.31E+00,-9.76E+01
1.493131043681227E+011,-6.78E+00,-1.37E+02
1.493331110370123E+011,-7.02E+00,-1.74E+02
1.493531177059020E+011,-6.92E+00,1.484005303191591E+002
1.493731243747916E+011,-6.70E+00,1.099659044235130E+002
1.493931310436812E+011,-6.56E+00,6.953099816233797E+001
1.494131377125709E+011,-6.75E+00,3.004651213166624E+001
1.494331443814605E+011,-6.71E+00,-7.79E+00
1.494531510503501E+011,-6.58E+00,-4.75E+01
1.494731577192398E+011,-6.64E+00,-8.67E+01
1.494931643881294E+011,-6.65E+00,-1.26E+02
1.495131710570190E+011,-6.61E+00,-1.65E+02
1.495331777259086E+011,-6.52E+00,1.556296966525545E+002
1.495531843947983E+011,-6.55E+00,1.158268160331291E+002
1.495731910636879E+011,-6.46E+00,7.676471881002915E+001
1.495931977325775E+011,-6.45E+00,3.592630310973230E+001
1.496132044014672E+011,-6.52E+00,-4.18E+00
1.496332110703568E+011,-6.62E+00,-4.45E+01
1.496532177392464E+011,-6.91E+00,-8.38E+01
1.496732244081361E+011,-6.90E+00,-1.22E+02
1.496932310770257E+011,-6.70E+00,-1.61E+02
1.497132377459153E+011,-6.67E+00,1.578702162929944E+002
1.497332444148049E+011,-6.72E+00,1.178263359101672E+002
1.497532510836946E+011,-6.65E+00,7.797513049639724E+001
1.497732577525842E+011,-6.55E+00,3.736060337496950E+001
1.497932644214738E+011,-6.61E+00,-3.70E+00
1.498132710903635E+011,-6.73E+00,-4.41E+01
1.498332777592531E+011,-6.75E+00,-8.29E+01
1.498532844281427E+011,-6.42E+00,-1.23E+02
1.498732910970324E+011,-6.25E+00,-1.66E+02
1.498932977659220E+011,-6.49E+00,1.517857547492050E+002
1.499133044348116E+011,-6.72E+00,1.115689278606856E+002
1.499333111037012E+011,-6.69E+00,7.163419009146479E+001
1.499533177725909E+011,-6.72E+00,3.035909560223230E+001
1.499733244414805E+011,-6.91E+00,-9.81E+00
1.499933311103701E+011,-6.87E+00,-4.94E+01
1.500133377792598E+011,-6.88E+00,-8.99E+01
1.500333444481494E+011,-6.90E+00,-1.30E+02
1.500533511170390E+011,-6.78E+00,-1.70E+02
1.500733577859287E+011,-6.70E+00,1.489866701991278E+002
1.500933644548183E+011,-6.82E+00,1.088754862099480E+002
1.501133711237079E+011,-6.74E+00,6.863176657387892E+001
1.501333777925975E+011,-6.83E+00,2.774889025132373E+001
1.501533844614872E+011,-7.00E+00,-1.11E+01
1.501733911303768E+011,-6.83E+00,-5.06E+01
1.501933977992664E+011,-6.79E+00,-9.12E+01
1.502134044681561E+011,-6.82E+00,-1.31E+02
1.502334111370457E+011,-6.75E+00,-1.71E+02
1.502534178059353E+011,-6.62E+00,1.489581394730244E+002
1.502734244748250E+011,-6.63E+00,1.081312619455320E+002
1.502934311437146E+011,-6.78E+00,6.792964309494361E+001
1.503134378126042E+011,-6.84E+00,2.892055003031064E+001
1.503334444814938E+011,-6.60E+00,-1.04E+01
1.503534511503835E+011,-6.36E+00,-5.26E+01
1.503734578192731E+011,-6.62E+00,-9.52E+01
1.503934644881627E+011,-7.23E+00,-1.35E+02
1.504134711570524E+011,-7.31E+00,-1.71E+02
1.504334778259420E+011,-6.78E+00,1.504163941771819E+002
1.504534844948316E+011,-6.63E+00,1.074464297820725E+002
1.504734911637213E+011,-7.05E+00,6.592579821591089E+001
1.504934978326109E+011,-7.43E+00,2.806562810218408E+001
1.505135045015005E+011,-7.48E+00,-7.47E+00
1.505335111703901E+011,-6.64E+00,-4.53E+01
1.505535178392798E+011,-6.15E+00,-8.92E+01
1.505735245081694E+011,-6.47E+00,-1.33E+02
1.505935311770590E+011,-6.84E+00,-1.71E+02
1.506135378459487E+011,-6.56E+00,1.510608192387018E+002
1.506335445148383E+011,-6.15E+00,1.100471881582620E+002
1.506535511837279E+011,-6.03E+00,6.746858988107671E+001
1.506735578526176E+011,-6.21E+00,2.537159117143175E+001
1.506935645215072E+011,-6.51E+00,-1.41E+01
1.507135711903968E+011,-6.20E+00,-5.31E+01
1.507335778592864E+011,-5.96E+00,-9.55E+01
1.507535845281761E+011,-6.06E+00,-1.39E+02
1.507735911970657E+011,-6.44E+00,-1.80E+02
1.507935978659553E+011,-6.65E+00,1.425580336676688E+002
1.508136045348449E+011,-6.19E+00,1.025385513436177E+002
1.508336112037346E+011,-6.00E+00,5.925791418292796E+001
1.508536178726242E+011,-6.21E+00,1.597372776579368E+001
1.508736245415139E+011,-6.76E+00,-2.49E+01
1.508936312104035E+011,-6.92E+00,-6.22E+01
1.509136378792931E+011,-6.48E+00,-1.02E+02
1.509336445481827E+011,-6.25E+00,-1.45E+02
1.509536512170724E+011,-6.47E+00,1.717699522240004E+002
1.509736578859620E+011,-7.18E+00,1.316089605327789E+002
1.509936645548516E+011,-7.19E+00,9.588442845075214E+001
1.510136712237412E+011,-6.51E+00,5.681234351614634E+001
1.510336778926309E+011,-6.18E+00,1.274966550712343E+001
1.510536845615205E+011,-6.56E+00,-3.10E+01
1.510736912304102E+011,-7.27E+00,-7.00E+01
1.510936978992998E+011,-7.05E+00,-1.04E+02
1.511137045681894E+011,-6.40E+00,-1.46E+02
1.511337112370790E+011,-6.45E+00,1.706109257395557E+002
1.511537179059687E+011,-6.96E+00,1.297331585175600E+002
1.511737245748583E+011,-7.42E+00,9.341750090450358E+001
1.511937312437479E+011,-6.94E+00,5.884859742758995E+001
1.512137379126375E+011,-6.13E+00,1.755821734039396E+001
1.512337445815272E+011,-6.04E+00,-2.59E+01
1.512537512504168E+011,-6.35E+00,-6.65E+01
1.512737579193065E+011,-6.44E+00,-1.05E+02
1.512937645881961E+011,-6.32E+00,-1.45E+02
1.513137712570857E+011,-6.36E+00,1.743815591886131E+002
1.513337779259753E+011,-6.53E+00,1.350306697616138E+002
1.513537845948650E+011,-6.63E+00,9.626498116649228E+001
1.513737912637546E+011,-6.66E+00,5.759613253073384E+001
1.513937979326442E+011,-6.59E+00,1.975089736414549E+001
1.514138046015338E+011,-6.24E+00,-1.96E+01
1.514338112704235E+011,-6.13E+00,-6.09E+01
1.514538179393131E+011,-6.22E+00,-1.01E+02
1.514738246082027E+011,-6.26E+00,-1.41E+02
1.514938312770924E+011,-6.27E+00,1.799829412620875E+002
1.515138379459820E+011,-6.12E+00,1.405677404935382E+002
1.515338446148716E+011,-6.00E+00,9.955054325379227E+001
1.515538512837613E+011,-6.21E+00,5.863286504719857E+001
1.515738579526509E+011,-6.43E+00,2.061950059478167E+001
1.515938646215405E+011,-6.12E+00,-1.75E+01
1.516138712904302E+011,-5.79E+00,-5.94E+01
1.516338779593198E+011,-5.85E+00,-1.01E+02
1.516538846282094E+011,-6.09E+00,-1.42E+02
1.516738912970990E+011,-6.26E+00,1.786328520967188E+002
1.516938979659887E+011,-6.07E+00,1.393842935481849E+002
1.517139046348783E+011,-5.92E+00,9.825915745974851E+001
1.517339113037679E+011,-5.95E+00,5.679520081515599E+001
1.517539179726576E+011,-6.14E+00,1.624966790156496E+001
1.517739246415472E+011,-6.15E+00,-2.20E+01
1.517939313104368E+011,-5.82E+00,-6.26E+01
1.518139379793265E+011,-5.72E+00,-1.05E+02
1.518339446482161E+011,-5.92E+00,-1.46E+02
1.518539513171057E+011,-6.18E+00,1.748816939370429E+002
1.518739579859953E+011,-5.96E+00,1.358848553012561E+002
1.518939646548850E+011,-5.79E+00,9.467020149964868E+001
1.519139713237746E+011,-5.86E+00,5.346586270732765E+001
1.519339779926642E+011,-6.05E+00,1.362147876682828E+001
1.519539846615539E+011,-6.02E+00,-2.48E+01
1.519739913304435E+011,-5.77E+00,-6.43E+01
1.519939979993331E+011,-5.65E+00,-1.06E+02
1.520140046682228E+011,-5.84E+00,-1.47E+02
1.520340113371124E+011,-6.11E+00,1.738150805026785E+002
1.520540180060020E+011,-6.04E+00,1.358158517179600E+002
1.520740246748916E+011,-5.86E+00,9.624073449228810E+001
1.520940313437813E+011,-5.79E+00,5.564636413675379E+001
1.521140380126709E+011,-5.91E+00,1.541103966800169E+001
1.521340446815605E+011,-5.96E+00,-2.33E+01
1.521540513504501E+011,-5.89E+00,-6.26E+01
1.521740580193398E+011,-5.86E+00,-1.03E+02
1.521940646882294E+011,-5.94E+00,-1.43E+02
1.522140713571191E+011,-6.16E+00,1.777673183681290E+002
1.522340780260087E+011,-6.24E+00,1.386120670527571E+002
1.522540846948983E+011,-6.35E+00,1.002915718457651E+002
1.522740913637879E+011,-6.23E+00,6.254443427246370E+001
1.522940980326776E+011,-6.01E+00,2.259208028540690E+001
1.523141047015672E+011,-5.92E+00,-1.81E+01
1.523341113704568E+011,-6.02E+00,-5.92E+01
1.523541180393464E+011,-6.35E+00,-9.92E+01
1.523741247082361E+011,-6.59E+00,-1.37E+02
1.523941313771257E+011,-6.52E+00,-1.74E+02
1.524141380460154E+011,-6.04E+00,1.467170235511350E+002
1.524341447149050E+011,-5.82E+00,1.048833405638846E+002
1.524541513837946E+011,-5.92E+00,6.346441193734754E+001
1.524741580526842E+011,-6.02E+00,2.301465928660270E+001
1.524941647215739E+011,-6.11E+00,-1.72E+01
1.525141713904635E+011,-6.30E+00,-5.79E+01
1.525341780593531E+011,-6.66E+00,-9.73E+01
1.525541847282427E+011,-6.67E+00,-1.35E+02
1.525741913971324E+011,-6.39E+00,-1.74E+02
1.525941980660220E+011,-6.23E+00,1.448476975442236E+002
1.526142047349117E+011,-6.37E+00,1.034585755510991E+002
1.526342114038013E+011,-6.58E+00,6.423940983245515E+001
1.526542180726909E+011,-6.44E+00,2.525334524884746E+001
1.526742247415805E+011,-6.16E+00,-1.58E+01
1.526942314104702E+011,-6.22E+00,-5.88E+01
1.527142380793598E+011,-6.57E+00,-9.99E+01
1.527342447482494E+011,-6.96E+00,-1.40E+02
1.527542514171390E+011,-7.15E+00,-1.78E+02
1.527742580860287E+011,-6.95E+00,1.443720517589030E+002
1.527942647549183E+011,-6.74E+00,1.037056724194935E+002
1.528142714238079E+011,-6.77E+00,6.227947114970255E+001
1.528342780926976E+011,-6.91E+00,2.270641826541596E+001
1.528542847615872E+011,-6.84E+00,-1.69E+01
1.528742914304768E+011,-6.76E+00,-5.70E+01
1.528942980993665E+011,-6.69E+00,-9.87E+01
1.529143047682561E+011,-7.07E+00,-1.40E+02
1.529343114371457E+011,-7.37E+00,-1.78E+02
1.529543181060353E+011,-7.18E+00,1.438993972409423E+002
1.529743247749250E+011,-7.01E+00,1.033499813038152E+002
1.529943314438146E+011,-7.08E+00,6.310482096648910E+001
1.530143381127042E+011,-7.10E+00,2.397202880937327E+001
1.530343447815939E+011,-6.93E+00,-1.50E+01
1.530543514504835E+011,-6.64E+00,-5.63E+01
1.530743581193731E+011,-6.70E+00,-9.89E+01
1.530943647882628E+011,-7.03E+00,-1.40E+02
1.531143714571524E+011,-7.39E+00,-1.79E+02
1.531343781260420E+011,-7.41E+00,1.437703754941378E+002
1.531543847949316E+011,-6.99E+00,1.039911780205856E+002
1.531743914638213E+011,-7.07E+00,6.179387639493207E+001
1.531943981327109E+011,-7.15E+00,2.093476508142505E+001
1.532144048016005E+011,-7.52E+00,-1.99E+01
1.532344114704902E+011,-7.77E+00,-5.86E+01
1.532544181393798E+011,-7.87E+00,-9.90E+01
1.532744248082694E+011,-8.46E+00,-1.38E+02
1.532944314771591E+011,-8.60E+00,-1.75E+02
1.533144381460487E+011,-8.52E+00,1.485627019312935E+002
1.533344448149383E+011,-7.91E+00,1.100085543509351E+002
1.533544514838279E+011,-7.49E+00,6.617495939820306E+001
1.533744581527176E+011,-7.90E+00,2.250479754698364E+001
1.533944648216072E+011,-8.63E+00,-1.66E+01
1.534144714904968E+011,-8.62E+00,-5.31E+01
1.534344781593865E+011,-8.18E+00,-9.30E+01
1.534544848282761E+011,-8.17E+00,-1.37E+02
1.534744914971657E+011,-8.79E+00,-1.80E+02
1.534944981660554E+011,-9.76E+00,1.452997484975909E+002
1.535145048349450E+011,-8.82E+00,1.114891756037581E+002
1.535345115038346E+011,-7.98E+00,6.643532958985354E+001
1.535545181727242E+011,-8.16E+00,1.875442461139956E+001
1.535745248416139E+011,-9.82E+00,-2.54E+01
1.535945315105035E+011,-1.09E+01,-5.20E+01
1.536145381793931E+011,-9.33E+00,-8.60E+01
1.536345448482828E+011,-8.47E+00,-1.30E+02
1.536545515171724E+011,-8.37E+00,-1.77E+02
1.536745581860620E+011,-9.83E+00,1.399572588112178E+002
1.536945648549517E+011,-1.01E+01,1.124836980878650E+002
1.537145715238413E+011,-8.48E+00,7.391943038267809E+001
1.537345781927309E+011,-7.72E+00,2.731665729153349E+001
1.537545848616205E+011,-8.20E+00,-2.06E+01
1.537745915305102E+011,-9.76E+00,-5.85E+01
1.537945981993998E+011,-9.12E+00,-8.81E+01
1.538146048682894E+011,-7.82E+00,-1.31E+02
1.538346115371791E+011,-7.57E+00,-1.78E+02
1.538546182060687E+011,-8.41E+00,1.363086242854341E+002
1.538746248749583E+011,-9.63E+00,1.008915658096608E+002
1.538946315438480E+011,-9.02E+00,6.920504887907357E+001
1.539146382127376E+011,-7.99E+00,2.662151171825353E+001
1.539346448816272E+011,-7.98E+00,-2.02E+01
1.539546515505169E+011,-8.99E+00,-6.22E+01
1.539746582194065E+011,-9.39E+00,-9.64E+01
1.539946648882961E+011,-8.91E+00,-1.35E+02
1.540146715571857E+011,-8.55E+00,-1.77E+02
1.540346782260754E+011,-8.74E+00,1.384157719929188E+002
1.540546848949650E+011,-9.81E+00,9.731354661092573E+001
1.540746915638546E+011,-1.05E+01,6.360349705431705E+001
1.540946982327443E+011,-9.93E+00,2.916411615212472E+001
1.541147049016339E+011,-9.33E+00,-1.20E+01
1.541347115705235E+011,-9.48E+00,-5.55E+01
1.541547182394132E+011,-1.02E+01,-9.39E+01
1.541747249083028E+011,-9.94E+00,-1.29E+02
1.541947315771924E+011,-9.42E+00,-1.70E+02
1.542147382460820E+011,-9.37E+00,1.489020528101405E+002
1.542347449149717E+011,-9.37E+00,1.079904402754450E+002
1.542547515838613E+011,-9.45E+00,6.888148500368069E+001
1.542747582527509E+011,-9.25E+00,2.860549967303225E+001
1.542947649216406E+011,-9.18E+00,-1.22E+01
1.543147715905302E+011,-9.13E+00,-5.26E+01
1.543347782594198E+011,-9.18E+00,-9.39E+01
1.543547849283095E+011,-9.30E+00,-1.33E+02
1.543747915971991E+011,-9.18E+00,-1.72E+02
1.543947982660887E+011,-8.97E+00,1.478305394599432E+002
1.544148049349783E+011,-8.75E+00,1.068219247433824E+002
1.544348116038680E+011,-8.72E+00,6.527668225932273E+001
1.544548182727576E+011,-8.64E+00,2.540032809021812E+001
1.544748249416472E+011,-8.37E+00,-1.63E+01
1.544948316105369E+011,-8.43E+00,-5.94E+01
1.545148382794265E+011,-8.89E+00,-1.01E+02
1.545348449483161E+011,-9.01E+00,-1.39E+02
1.545548516172058E+011,-8.83E+00,-1.78E+02
1.545748582860954E+011,-8.68E+00,1.417188208746763E+002
1.545948649549850E+011,-8.58E+00,1.007525754616384E+002
1.546148716238746E+011,-8.74E+00,5.949886493140625E+001
1.546348782927643E+011,-8.67E+00,2.056172298595824E+001
1.546548849616539E+011,-8.64E+00,-2.07E+01
1.546748916305435E+011,-8.67E+00,-5.97E+01
1.546948982994332E+011,-8.36E+00,-1.00E+02
1.547149049683228E+011,-8.42E+00,-1.43E+02
1.547349116372124E+011,-8.62E+00,1.776338562120973E+002
1.547549183061021E+011,-8.58E+00,1.381528813912612E+002
1.547749249749917E+011,-8.56E+00,9.851469876034817E+001
1.547949316438813E+011,-8.37E+00,5.810076351448475E+001
1.548149383127709E+011,-8.53E+00,1.679437092633769E+001
1.548349449816606E+011,-8.64E+00,-2.12E+01
1.548549516505502E+011,-8.25E+00,-6.08E+01
1.548749583194398E+011,-8.16E+00,-1.04E+02
1.548949649883294E+011,-8.58E+00,-1.45E+02
1.549149716572191E+011,-9.21E+00,1.773443214104299E+002
1.549349783261087E+011,-9.13E+00,1.430416553712232E+002
1.549549849949984E+011,-8.41E+00,1.051818431832264E+002
1.549749916638880E+011,-8.06E+00,6.266799148745962E+001
1.549949983327776E+011,-8.36E+00,2.142029161713001E+001
1.550150050016672E+011,-8.59E+00,-1.50E+01
1.550350116705569E+011,-7.93E+00,-5.19E+01
1.550550183394465E+011,-7.27E+00,-9.51E+01
1.550750250083361E+011,-7.41E+00,-1.40E+02
1.550950316772257E+011,-8.25E+00,1.780183173119921E+002
1.551150383461154E+011,-8.87E+00,1.433373361381279E+002
1.551350450150050E+011,-8.38E+00,1.086281557447325E+002
1.551550516838947E+011,-7.71E+00,6.678794870158792E+001
1.551750583527843E+011,-7.83E+00,2.272140873060052E+001
1.551950650216739E+011,-8.58E+00,-1.79E+01
1.552150716905635E+011,-8.93E+00,-5.21E+01
1.552350783594532E+011,-8.27E+00,-8.85E+01
1.552550850283428E+011,-7.61E+00,-1.29E+02
1.552750916972324E+011,-7.22E+00,-1.73E+02
1.552950983661220E+011,-7.52E+00,1.425365958500522E+002
1.553151050350117E+011,-8.13E+00,1.030392621360989E+002
1.553351117039013E+011,-7.97E+00,6.615468022655288E+001
1.553551183727909E+011,-7.47E+00,2.525590480776919E+001
1.553751250416806E+011,-7.32E+00,-1.84E+01
1.553951317105702E+011,-7.70E+00,-6.12E+01
1.554151383794598E+011,-8.08E+00,-9.95E+01
1.554351450483495E+011,-7.69E+00,-1.38E+02
1.554551517172391E+011,-7.25E+00,1.796216383559421E+002
1.554751583861287E+011,-7.26E+00,1.352839151459072E+002
1.554951650550183E+011,-7.82E+00,9.275849832008217E+001
1.555151717239080E+011,-8.20E+00,5.534064774711241E+001
1.555351783927976E+011,-7.83E+00,1.680711834791598E+001
1.555551850616872E+011,-7.60E+00,-2.56E+01
1.555751917305768E+011,-7.92E+00,-6.79E+01
1.555951983994665E+011,-8.52E+00,-1.06E+02
1.556152050683561E+011,-8.35E+00,-1.41E+02
1.556352117372458E+011,-7.74E+00,1.793438736901311E+002
1.556552184061354E+011,-7.58E+00,1.370139385780775E+002
1.556752250750250E+011,-7.79E+00,9.602421626834800E+001
1.556952317439146E+011,-8.11E+00,5.792432811589197E+001
1.557152384128043E+011,-7.97E+00,2.040666163278158E+001
1.557352450816939E+011,-7.86E+00,-1.95E+01
1.557552517505835E+011,-8.05E+00,-5.92E+01
1.557752584194731E+011,-8.39E+00,-9.63E+01
1.557952650883628E+011,-8.12E+00,-1.32E+02
1.558152717572524E+011,-7.63E+00,-1.71E+02
1.558352784261421E+011,-7.56E+00,1.474298471850257E+002
1.558552850950317E+011,-7.85E+00,1.070779439434061E+002
1.558752917639213E+011,-8.23E+00,6.973765692896571E+001
1.558952984328109E+011,-8.07E+00,3.375447446921421E+001
1.559153051017006E+011,-7.67E+00,-5.87E+00
1.559353117705902E+011,-7.71E+00,-4.67E+01
1.559553184394798E+011,-7.94E+00,-8.53E+01
1.559753251083695E+011,-7.74E+00,-1.23E+02
1.559953317772591E+011,-7.46E+00,-1.63E+02
1.560153384461487E+011,-7.34E+00,1.562917663216700E+002
1.560353451150384E+011,-7.33E+00,1.156641003816971E+002
1.560553517839280E+011,-7.41E+00,7.562160407008801E+001
1.560753584528176E+011,-7.39E+00,3.562367426930643E+001
1.560953651217072E+011,-7.36E+00,-4.19E+00
1.561153717905969E+011,-7.21E+00,-4.47E+01
1.561353784594865E+011,-7.21E+00,-8.60E+01
1.561553851283761E+011,-7.35E+00,-1.27E+02
1.561753917972658E+011,-7.47E+00,-1.66E+02
1.561953984661554E+011,-7.38E+00,1.546452444946586E+002
1.562154051350450E+011,-7.14E+00,1.142482091856213E+002
1.562354118039346E+011,-7.15E+00,7.243577864537718E+001
1.562554184728243E+011,-7.30E+00,3.166975500444944E+001
1.562754251417139E+011,-7.45E+00,-7.44E+00
1.562954318106036E+011,-7.34E+00,-4.65E+01
1.563154384794932E+011,-7.18E+00,-8.62E+01
1.563354451483828E+011,-6.93E+00,-1.27E+02
1.563554518172724E+011,-6.81E+00,-1.68E+02
1.563754584861621E+011,-6.90E+00,1.509558446661669E+002
1.563954651550517E+011,-6.93E+00,1.106723701074874E+002
1.564154718239413E+011,-6.98E+00,7.146232613121356E+001
1.564354784928309E+011,-6.73E+00,3.175577389950620E+001
1.564554851617206E+011,-6.71E+00,-1.01E+01
1.564754918306102E+011,-6.91E+00,-4.97E+01
1.564954984994999E+011,-6.94E+00,-8.93E+01
1.565155051683895E+011,-6.99E+00,-1.29E+02
1.565355118372791E+011,-6.86E+00,-1.68E+02
1.565555185061687E+011,-6.92E+00,1.515401479309107E+002
1.565755251750584E+011,-7.00E+00,1.122027996082693E+002
1.565955318439480E+011,-7.01E+00,7.377279889316628E+001
1.566155385128376E+011,-6.71E+00,3.491458880695245E+001
1.566355451817272E+011,-6.54E+00,-5.87E+00
1.566555518506169E+011,-6.53E+00,-4.71E+01
1.566755585195065E+011,-6.69E+00,-8.73E+01
1.566955651883961E+011,-6.83E+00,-1.26E+02
1.567155718572858E+011,-6.71E+00,-1.65E+02
1.567355785261754E+011,-6.59E+00,1.544953455985587E+002
1.567555851950650E+011,-6.65E+00,1.142352431769429E+002
1.567755918639547E+011,-6.73E+00,7.456120315133046E+001
1.567955985328443E+011,-6.79E+00,3.497814603341599E+001
1.568156052017339E+011,-6.78E+00,-3.68E+00
1.568356118706235E+011,-6.63E+00,-4.33E+01
1.568556185395132E+011,-6.59E+00,-8.35E+01
1.568756252084028E+011,-6.66E+00,-1.23E+02
1.568956318772924E+011,-6.60E+00,-1.63E+02
1.569156385461821E+011,-6.58E+00,1.570484108912275E+002
1.569356452150717E+011,-6.59E+00,1.170303935041641E+002
1.569556518839613E+011,-6.64E+00,7.678438257381126E+001
1.569756585528510E+011,-6.79E+00,3.777253158112759E+001
1.569956652217406E+011,-6.54E+00,-7.61E-01
1.570156718906302E+011,-6.38E+00,-4.22E+01
1.570356785595198E+011,-6.51E+00,-8.31E+01
1.570556852284095E+011,-6.65E+00,-1.23E+02
1.570756918972991E+011,-6.64E+00,-1.62E+02
1.570956985661887E+011,-6.61E+00,1.577807691266028E+002
1.571157052350784E+011,-6.68E+00,1.172702489334550E+002
1.571357119039680E+011,-6.81E+00,7.735574728662384E+001
1.571557185728576E+011,-6.90E+00,3.861592444899576E+001
1.571757252417473E+011,-6.68E+00,-4.30E-01
1.571957319106369E+011,-6.49E+00,-4.11E+01
1.572157385795265E+011,-6.47E+00,-8.25E+01
1.572357452484161E+011,-6.58E+00,-1.23E+02
1.572557519173058E+011,-6.57E+00,-1.62E+02
1.572757585861954E+011,-6.30E+00,1.575863158953231E+002
1.572957652550850E+011,-6.22E+00,1.156836283219004E+002
1.573157719239747E+011,-6.32E+00,7.430714454735248E+001
1.573357785928643E+011,-6.46E+00,3.382805052176263E+001
1.573557852617539E+011,-6.42E+00,-5.69E+00
1.573757919306436E+011,-6.33E+00,-4.68E+01
1.573957985995332E+011,-6.42E+00,-8.75E+01
1.574158052684228E+011,-6.46E+00,-1.28E+02
1.574358119373124E+011,-6.51E+00,-1.68E+02
1.574558186062021E+011,-6.44E+00,1.518114205680229E+002
1.574758252750917E+011,-6.44E+00,1.110414304197682E+002
1.574958319439813E+011,-6.58E+00,6.993548617163994E+001
1.575158386128710E+011,-6.83E+00,2.925522059757857E+001
1.575358452817606E+011,-7.15E+00,-1.05E+01
1.575558519506502E+011,-7.43E+00,-4.95E+01
1.575758586195399E+011,-7.76E+00,-8.72E+01
1.575958652884295E+011,-7.70E+00,-1.25E+02
1.576158719573191E+011,-7.71E+00,-1.64E+02
1.576358786262087E+011,-7.79E+00,1.579328810863347E+002
1.576558852950984E+011,-7.56E+00,1.185848383217336E+002
1.576758919639880E+011,-7.65E+00,7.746249185840374E+001
1.576958986328776E+011,-8.02E+00,3.748859048985610E+001
1.577159053017673E+011,-8.53E+00,1.218402075731742E+000
1.577359119706569E+011,-8.23E+00,-3.40E+01
1.577559186395465E+011,-7.76E+00,-7.28E+01
1.577759253084362E+011,-7.39E+00,-1.14E+02
1.577959319773258E+011,-7.36E+00,-1.56E+02
1.578159386462154E+011,-7.53E+00,1.631751602217047E+002
1.578359453151050E+011,-7.60E+00,1.229002057850473E+002
1.578559519839947E+011,-7.68E+00,8.249966528473161E+001
1.578759586528843E+011,-7.84E+00,4.152383214967311E+001
1.578959653217739E+011,-8.25E+00,6.201949070647782E-001
1.579159719906636E+011,-8.60E+00,-3.58E+01
1.579359786595532E+011,-8.20E+00,-7.38E+01
1.579559853284428E+011,-8.03E+00,-1.16E+02
1.579759919973325E+011,-8.28E+00,-1.57E+02
1.579959986662221E+011,-8.54E+00,1.648777426222333E+002
1.580160053351117E+011,-8.28E+00,1.268896261717959E+002
1.580360120040013E+011,-8.06E+00,8.512382877497906E+001
1.580560186728910E+011,-8.30E+00,4.376580996223671E+001
1.580760253417806E+011,-8.57E+00,6.174455591242827E+000
1.580960320106702E+011,-8.25E+00,-3.09E+01
1.581160386795599E+011,-7.60E+00,-7.25E+01
1.581360453484495E+011,-7.54E+00,-1.17E+02
1.581560520173391E+011,-7.92E+00,-1.58E+02
1.581760586862288E+011,-8.26E+00,1.626498764495356E+002
1.581960653551184E+011,-8.33E+00,1.256300586176733E+002
1.582160720240080E+011,-7.81E+00,8.703845734277019E+001
1.582360786928976E+011,-7.65E+00,4.423196173145125E+001
1.582560853617873E+011,-7.86E+00,4.573062851942774E+000
1.582760920306769E+011,-7.71E+00,-3.48E+01
1.582960986995665E+011,-7.46E+00,-7.49E+01
1.583161053684562E+011,-7.35E+00,-1.18E+02
1.583361120373458E+011,-8.06E+00,-1.61E+02
1.583561187062354E+011,-8.62E+00,1.641831327883302E+002
1.583761253751251E+011,-8.12E+00,1.283137214027381E+002
1.583961320440147E+011,-7.50E+00,8.718243274000955E+001
1.584161387129043E+011,-7.39E+00,4.321516460183086E+001
1.584361453817940E+011,-7.97E+00,1.727528203210321E+000
1.584561520506836E+011,-8.25E+00,-3.56E+01
1.584761587195732E+011,-8.02E+00,-7.49E+01
1.584961653884628E+011,-7.95E+00,-1.18E+02
1.585161720573525E+011,-8.88E+00,-1.61E+02
1.585361787262421E+011,-9.92E+00,1.670794477871366E+002
1.585561853951317E+011,-9.14E+00,1.347124636453615E+002
1.585761920640214E+011,-8.35E+00,9.396668482483902E+001
1.585961987329110E+011,-8.21E+00,5.047614548898198E+001
1.586162054018006E+011,-8.83E+00,1.011680232368006E+001
1.586362120706903E+011,-8.90E+00,-2.57E+01
1.586562187395799E+011,-8.54E+00,-6.38E+01
1.586762254084695E+011,-8.11E+00,-1.05E+02
1.586962320773591E+011,-8.19E+00,-1.47E+02
1.587162387462488E+011,-8.54E+00,1.744487739765682E+002
1.587362454151384E+011,-8.26E+00,1.365089310322252E+002
1.587562520840280E+011,-7.96E+00,9.479083873918505E+001
1.587762587529176E+011,-8.10E+00,5.224990753386308E+001
1.587962654218073E+011,-8.55E+00,1.294358130548213E+001
1.588162720906969E+011,-8.59E+00,-2.44E+01
1.588362787595866E+011,-8.38E+00,-6.35E+01
1.588562854284762E+011,-8.06E+00,-1.03E+02
1.588762920973658E+011,-7.74E+00,-1.45E+02
1.588962987662554E+011,-7.81E+00,1.721302788126377E+002
1.589163054351451E+011,-8.02E+00,1.310141649496632E+002
1.589363121040347E+011,-8.31E+00,9.013202028103652E+001
1.589563187729243E+011,-8.68E+00,5.125401790934683E+001
1.589763254418139E+011,-8.76E+00,1.353221885415481E+001
1.589963321107036E+011,-8.59E+00,-2.49E+01
1.590163387795932E+011,-8.27E+00,-6.47E+01
1.590363454484829E+011,-8.11E+00,-1.06E+02
1.590563521173725E+011,-8.16E+00,-1.47E+02
1.590763587862621E+011,-8.28E+00,1.726988950338533E+002
1.590963654551517E+011,-8.16E+00,1.337018027660472E+002
1.591163721240414E+011,-8.08E+00,9.215560485186195E+001
1.591363787929310E+011,-8.15E+00,5.157087701551243E+001
1.591563854618206E+011,-8.29E+00,1.123753275913986E+001
1.591763921307102E+011,-8.44E+00,-2.75E+01
1.591963987995999E+011,-8.21E+00,-6.64E+01
1.592164054684895E+011,-8.05E+00,-1.07E+02
1.592364121373791E+011,-8.18E+00,-1.48E+02
1.592564188062688E+011,-8.32E+00,1.734024371974067E+002
1.592764254751584E+011,-8.09E+00,1.344060257478300E+002
1.592964321440480E+011,-7.90E+00,9.320810890710149E+001
1.593164388129377E+011,-7.91E+00,5.192439931564269E+001
1.593364454818273E+011,-8.15E+00,1.077862328276279E+001
1.593564521507169E+011,-8.52E+00,-2.76E+01
1.593764588196065E+011,-8.45E+00,-6.58E+01
1.593964654884962E+011,-8.39E+00,-1.05E+02
1.594164721573858E+011,-8.45E+00,-1.45E+02
1.594364788262754E+011,-8.60E+00,1.767876433530560E+002
1.594564854951651E+011,-8.44E+00,1.398538790806536E+002
1.594764921640547E+011,-7.97E+00,1.005197426116558E+002
1.594964988329443E+011,-7.61E+00,5.830015966581259E+001
1.595165055018340E+011,-7.82E+00,1.487116870438406E+001
1.595365121707236E+011,-8.52E+00,-2.46E+01
1.595565188396132E+011,-8.62E+00,-6.02E+01
1.595765255085028E+011,-8.16E+00,-9.89E+01
1.595965321773925E+011,-8.00E+00,-1.42E+02
1.596165388462821E+011,-8.49E+00,1.773844644867975E+002
1.596365455151717E+011,-8.83E+00,1.405662660088553E+002
1.596565521840613E+011,-8.55E+00,1.024779807397996E+002
1.596765588529510E+011,-8.28E+00,6.132512824716090E+001
1.596965655218406E+011,-8.49E+00,1.917635306064057E+001
1.597165721907303E+011,-9.08E+00,-1.97E+01
1.597365788596199E+011,-9.06E+00,-5.46E+01
1.597565855285095E+011,-8.24E+00,-9.34E+01
1.597765921973991E+011,-7.86E+00,-1.38E+02
1.597965988662888E+011,-8.18E+00,1.790333866359176E+002
1.598166055351784E+011,-8.69E+00,1.394939701314912E+002
1.598366122040680E+011,-8.71E+00,1.027492493416506E+002
1.598566188729576E+011,-8.06E+00,6.292370698674496E+001
1.598766255418473E+011,-7.99E+00,1.801418649358657E+001
1.598966322107369E+011,-8.60E+00,-2.36E+01
1.599166388796266E+011,-9.10E+00,-6.09E+01
1.599366455485162E+011,-8.89E+00,-9.66E+01
1.599566522174058E+011,-8.23E+00,-1.36E+02
1.599766588862954E+011,-8.17E+00,-1.79E+02
1.599966655551851E+011,-8.33E+00,1.418563939377810E+002
1.600166722240747E+011,-8.13E+00,1.039948600248692E+002
1.600366788929643E+011,-7.56E+00,6.446574148343709E+001
1.600566855618539E+011,-7.14E+00,2.215738018348169E+001
1.600766922307436E+011,-7.11E+00,-1.98E+01
1.600966988996332E+011,-7.05E+00,-6.10E+01
1.601167055685228E+011,-7.05E+00,-1.02E+02
1.601367122374125E+011,-7.09E+00,-1.43E+02
1.601567189063021E+011,-7.18E+00,1.764738247482084E+002
1.601767255751917E+011,-7.33E+00,1.362806069943904E+002
1.601967322440814E+011,-7.51E+00,9.753713643239514E+001
1.602167389129710E+011,-7.40E+00,5.974490606451874E+001
1.602367455818606E+011,-7.13E+00,2.023436651911139E+001
1.602567522507502E+011,-7.01E+00,-2.02E+01
1.602767589196399E+011,-6.90E+00,-6.05E+01
1.602967655885295E+011,-6.88E+00,-9.06E+01
1.603167722574191E+011,-6.94E+00,-1.31E+02
1.603367789263088E+011,-6.97E+00,-1.70E+02
1.603567855951984E+011,-6.92E+00,1.508550736380899E+002
1.603767922640880E+011,-6.85E+00,1.106119769004554E+002
1.603967989329777E+011,-6.76E+00,7.019243949917032E+001
1.604168056018673E+011,-6.74E+00,3.024302001397329E+001
1.604368122707569E+011,-6.75E+00,-9.86E+00
1.604568189396466E+011,-6.72E+00,-5.05E+01
1.604768256085362E+011,-6.74E+00,-9.10E+01
1.604968322774258E+011,-6.82E+00,-1.31E+02
1.605168389463154E+011,-6.95E+00,-1.71E+02
1.605368456152051E+011,-6.86E+00,1.496565229920705E+002
1.605568522840947E+011,-6.67E+00,1.094409391203025E+002
1.605768589529843E+011,-6.58E+00,6.808538373165287E+001
1.605968656218740E+011,-6.62E+00,2.656939165688066E+001
1.606168722907636E+011,-6.75E+00,-1.36E+01
1.606368789596532E+011,-6.68E+00,-5.32E+01
1.606568856285429E+011,-6.57E+00,-9.42E+01
1.606768922974325E+011,-6.61E+00,-1.36E+02
1.606968989663221E+011,-6.68E+00,-1.76E+02
1.607169056352117E+011,-6.75E+00,1.437643752084668E+002
1.607369123041014E+011,-6.78E+00,1.031236854770821E+002
1.607569189729910E+011,-6.79E+00,6.318230411508240E+001
1.607769256418806E+011,-6.75E+00,2.282729473943419E+001
1.607969323107703E+011,-6.73E+00,-1.75E+01
1.608169389796599E+011,-6.65E+00,-5.80E+01
1.608369456485495E+011,-6.62E+00,-9.95E+01
1.608569523174392E+011,-6.76E+00,-1.41E+02
1.608769589863288E+011,-6.96E+00,1.793698157985463E+002
1.608969656552184E+011,-6.94E+00,1.404756850561691E+002
1.609169723241080E+011,-6.74E+00,1.007388151487305E+002
1.609369789929977E+011,-6.61E+00,5.996938532065968E+001
1.609569856618873E+011,-6.69E+00,1.843743176135407E+001
1.609769923307769E+011,-6.75E+00,-2.16E+01
1.609969989996666E+011,-6.62E+00,-6.12E+01
1.610170056685562E+011,-6.48E+00,-1.02E+02
1.610370123374458E+011,-6.51E+00,-1.44E+02
1.610570190063355E+011,-6.72E+00,1.742171507281276E+002
1.610770256752251E+011,-6.99E+00,1.345441287674746E+002
1.610970323441147E+011,-7.10E+00,9.608230170689356E+001
1.611170390130043E+011,-7.01E+00,5.657342014106627E+001
1.611370456818940E+011,-6.85E+00,1.594576163057663E+001
1.611570523507836E+011,-6.96E+00,-2.59E+01
1.611770590196732E+011,-7.34E+00,-6.56E+01
1.611970656885629E+011,-7.59E+00,-1.04E+02
1.612170723574525E+011,-7.40E+00,-1.41E+02
1.612370790263421E+011,-7.17E+00,1.789304837560084E+002
1.612570856952318E+011,-7.12E+00,1.380946687576475E+002
1.612770923641214E+011,-7.11E+00,9.803966006447476E+001
1.612970990330110E+011,-7.21E+00,5.791996806752854E+001
1.613171057019006E+011,-7.30E+00,1.842965407608652E+001
1.613371123707903E+011,-7.37E+00,-2.15E+01
1.613571190396799E+011,-7.57E+00,-6.10E+01
1.613771257085695E+011,-7.73E+00,-9.88E+01
1.613971323774592E+011,-7.64E+00,-1.37E+02
1.614171390463488E+011,-7.39E+00,-1.76E+02
1.614371457152384E+011,-7.27E+00,1.431667348343696E+002
1.614571523841281E+011,-7.52E+00,1.025893578878156E+002
1.614771590530177E+011,-7.86E+00,6.402010663941324E+001
1.614971657219073E+011,-7.67E+00,2.694497941386075E+001
1.615171723907969E+011,-7.32E+00,-1.36E+01
1.615371790596866E+011,-7.46E+00,-5.56E+01
1.615571857285762E+011,-7.79E+00,-9.44E+01
1.615771923974658E+011,-7.70E+00,-1.32E+02
1.615971990663555E+011,-7.28E+00,-1.72E+02
1.616172057352451E+011,-7.22E+00,1.444518009181024E+002
1.616372124041347E+011,-7.60E+00,1.026248919863994E+002
1.616572190730244E+011,-8.09E+00,6.427688265043500E+001
1.616772257419140E+011,-7.86E+00,2.686355463922807E+001
1.616972324108036E+011,-7.60E+00,-1.53E+01
1.617172390796932E+011,-7.74E+00,-5.77E+01
1.617372457485829E+011,-8.15E+00,-9.81E+01
1.617572524174725E+011,-8.34E+00,-1.35E+02
1.617772590863621E+011,-7.78E+00,-1.75E+02
1.617972657552518E+011,-7.55E+00,1.416579110767394E+002
1.618172724241414E+011,-7.90E+00,9.875712306246736E+001
1.618372790930310E+011,-8.45E+00,5.959201036675181E+001
1.618572857619207E+011,-8.39E+00,2.318008776576760E+001
1.618772924308103E+011,-7.85E+00,-1.66E+01
1.618972990996999E+011,-7.68E+00,-6.00E+01
1.619173057685895E+011,-8.07E+00,-1.03E+02
1.619373124374792E+011,-8.52E+00,-1.41E+02
1.619573191063688E+011,-8.56E+00,-1.78E+02
1.619773257752584E+011,-8.10E+00,1.437100268934597E+002
1.619973324441481E+011,-7.83E+00,1.018330179538284E+002
1.620173391130377E+011,-7.94E+00,6.082573624663096E+001
1.620373457819273E+011,-8.04E+00,2.178660783272097E+001
1.620573524508170E+011,-7.93E+00,-1.75E+01
1.620773591197066E+011,-7.84E+00,-5.87E+01
1.620973657885962E+011,-8.35E+00,-9.91E+01
1.621173724574858E+011,-8.62E+00,-1.35E+02
1.621373791263755E+011,-8.46E+00,-1.72E+02
1.621573857952651E+011,-8.10E+00,1.495977046104971E+002
1.621773924641547E+011,-8.02E+00,1.085446509123716E+002
1.621973991330443E+011,-8.31E+00,7.060243376213032E+001
1.622174058019340E+011,-8.10E+00,3.300543688901867E+001
1.622374124708236E+011,-7.87E+00,-5.87E+00
1.622574191397133E+011,-7.69E+00,-4.56E+01
1.622774258086029E+011,-7.82E+00,-8.60E+01
1.622974324774925E+011,-7.94E+00,-1.24E+02
1.623174391463821E+011,-7.57E+00,-1.63E+02
1.623374458152718E+011,-7.39E+00,1.556594482367633E+002
1.623574524841614E+011,-7.64E+00,1.137090441692165E+002
1.623774591530510E+011,-7.97E+00,7.467543643116328E+001
1.623974658219406E+011,-8.05E+00,3.655907923752526E+001
1.624174724908303E+011,-7.89E+00,-2.55E+00
1.624374791597199E+011,-7.81E+00,-4.33E+01
1.624574858286096E+011,-7.80E+00,-8.34E+01
1.624774924974992E+011,-7.77E+00,-1.24E+02
1.624974991663888E+011,-7.86E+00,-1.65E+02
1.625175058352784E+011,-7.95E+00,1.544646334593675E+002
1.625375125041681E+011,-8.08E+00,1.145536424773993E+002
1.625575191730577E+011,-7.98E+00,7.518101094292376E+001
1.625775258419473E+011,-7.97E+00,3.365088488371112E+001
1.625975325108369E+011,-8.25E+00,-6.58E+00
1.626175391797266E+011,-8.25E+00,-4.42E+01
1.626375458486162E+011,-7.99E+00,-8.44E+01
1.626575525175058E+011,-7.93E+00,-1.25E+02
1.626775591863955E+011,-7.97E+00,-1.66E+02
1.626975658552851E+011,-8.11E+00,1.546020362128925E+002
1.627175725241747E+011,-7.86E+00,1.147318754000723E+002
1.627375791930644E+011,-7.87E+00,7.256333963816429E+001
1.627575858619540E+011,-8.24E+00,3.151047424742040E+001
1.627775925308436E+011,-8.79E+00,-5.27E+00
1.627975991997333E+011,-8.30E+00,-4.00E+01
1.628176058686229E+011,-7.68E+00,-8.11E+01
1.628376125375125E+011,-7.46E+00,-1.23E+02
1.628576192064021E+011,-7.47E+00,-1.64E+02
1.628776258752918E+011,-7.61E+00,1.555662249458909E+002
1.628976325441814E+011,-7.42E+00,1.155263440021288E+002
1.629176392130710E+011,-7.39E+00,7.460548972625286E+001
1.629376458819607E+011,-7.51E+00,3.366727504587548E+001
1.629576525508503E+011,-7.66E+00,-5.48E+00
1.629776592197399E+011,-7.58E+00,-4.52E+01
1.629976658886296E+011,-7.63E+00,-8.46E+01
1.630176725575192E+011,-7.41E+00,-1.24E+02
1.630376792264088E+011,-7.31E+00,-1.65E+02
1.630576858952984E+011,-7.49E+00,1.546003877504806E+002
1.630776925641881E+011,-7.69E+00,1.155279130627162E+002
1.630976992330777E+011,-7.68E+00,7.766259570460304E+001
1.631177059019673E+011,-7.43E+00,3.823181011048945E+001
1.631377125708570E+011,-7.44E+00,-2.87E+00
1.631577192397466E+011,-7.71E+00,-4.22E+01
1.631777259086362E+011,-7.61E+00,-7.96E+01
1.631977325775259E+011,-7.34E+00,-1.20E+02
1.632177392464155E+011,-7.33E+00,-1.62E+02
1.632377459153051E+011,-7.67E+00,1.571864347334869E+002
1.632577525841947E+011,-8.10E+00,1.191349863143795E+002
1.632777592530844E+011,-8.02E+00,8.270934079936447E+001
1.632977659219740E+011,-7.65E+00,4.214868303560869E+001
1.633177725908636E+011,-7.78E+00,-1.23E-01
1.633377792597533E+011,-8.23E+00,-3.96E+01
1.633577859286429E+011,-8.31E+00,-7.64E+01
1.633777925975325E+011,-7.95E+00,-1.16E+02
1.633977992664222E+011,-7.98E+00,-1.59E+02
1.634178059353118E+011,-8.46E+00,1.602093165953351E+002
1.634378126042014E+011,-8.99E+00,1.226420260389103E+002
1.634578192730910E+011,-8.80E+00,8.733549564657064E+001
1.634778259419807E+011,-8.14E+00,4.714572394225360E+001
1.634978326108703E+011,-8.14E+00,4.535646421934610E+000
1.635178392797599E+011,-8.27E+00,-3.55E+01
1.635378459486495E+011,-8.19E+00,-7.42E+01
1.635578526175392E+011,-7.78E+00,-1.15E+02
1.635778592864288E+011,-7.76E+00,-1.58E+02
1.635978659553185E+011,-7.95E+00,1.610138187763265E+002
1.636178726242081E+011,-8.19E+00,1.213893792024972E+002
1.636378792930977E+011,-7.92E+00,8.307291633053109E+001
1.636578859619873E+011,-7.53E+00,4.123275631189635E+001
1.636778926308770E+011,-7.69E+00,-1.76E+00
1.636978992997666E+011,-8.09E+00,-4.14E+01
1.637179059686562E+011,-8.05E+00,-7.83E+01
1.637379126375458E+011,-7.47E+00,-1.17E+02
1.637579193064355E+011,-7.17E+00,-1.60E+02
1.637779259753251E+011,-7.23E+00,1.589001182027577E+002
1.637979326442148E+011,-7.42E+00,1.193323114096793E+002
1.638179393131044E+011,-7.30E+00,8.153070719190066E+001
1.638379459819940E+011,-6.92E+00,4.164012946279234E+001
1.638579526508836E+011,-6.82E+00,9.827758439154996E-002
1.638779593197733E+011,-7.06E+00,-4.07E+01
1.638979659886629E+011,-7.35E+00,-7.90E+01
1.639179726575525E+011,-7.19E+00,-1.17E+02
1.639379793264421E+011,-7.12E+00,-1.56E+02
1.639579859953318E+011,-7.25E+00,1.645304801088470E+002
1.639779926642214E+011,-7.43E+00,1.265205290389157E+002
1.639979993331110E+011,-7.26E+00,8.974514170948760E+001
1.640180060020007E+011,-6.90E+00,5.026061020592930E+001
1.640380126708903E+011,-6.89E+00,9.339720293989897E+000
1.640580193397799E+011,-7.14E+00,-3.03E+01
1.640780260086696E+011,-7.22E+00,-6.78E+01
1.640980326775592E+011,-6.91E+00,-1.07E+02
1.641180393464488E+011,-6.79E+00,-1.48E+02
1.641380460153384E+011,-7.02E+00,1.703047203470628E+002
1.641580526842281E+011,-7.32E+00,1.315470602893305E+002
1.641780593531177E+011,-7.30E+00,9.342888008283050E+001
1.641980660220073E+011,-7.11E+00,5.298198048000671E+001
1.642180726908970E+011,-7.16E+00,1.139480642871286E+001
1.642380793597866E+011,-7.41E+00,-2.85E+01
1.642580860286762E+011,-7.38E+00,-6.71E+01
1.642780926975659E+011,-7.11E+00,-1.07E+02
1.642980993664555E+011,-6.98E+00,-1.49E+02
1.643181060353451E+011,-7.13E+00,1.691145620950387E+002
1.643381127042347E+011,-7.27E+00,1.300070062809487E+002
1.643581193731244E+011,-7.08E+00,9.048006898911177E+001
1.643781260420140E+011,-6.73E+00,4.897754988706868E+001
1.643981327109036E+011,-6.64E+00,5.451388442540440E+000
1.644181393797933E+011,-6.96E+00,-3.69E+01
1.644381460486829E+011,-7.22E+00,-7.63E+01
1.644581527175725E+011,-7.07E+00,-1.15E+02
1.644781593864622E+011,-6.79E+00,-1.55E+02
1.644981660553518E+011,-6.80E+00,1.628247488125159E+002
1.645181727242414E+011,-6.91E+00,1.223983435194111E+002
1.645381793931310E+011,-6.82E+00,8.299426425882021E+001
1.645581860620207E+011,-6.63E+00,4.200666615405222E+001
1.645781927309103E+011,-6.70E+00,2.623736333918407E-001
1.645981993997999E+011,-7.16E+00,-4.11E+01
1.646182060686896E+011,-7.68E+00,-7.83E+01
1.646382127375792E+011,-7.64E+00,-1.13E+02
1.646582194064688E+011,-7.10E+00,-1.51E+02
1.646782260753585E+011,-6.75E+00,1.677201845896993E+002
1.646982327442481E+011,-6.90E+00,1.261945465193584E+002
1.647182394131377E+011,-7.19E+00,8.820211749825654E+001
1.647382460820273E+011,-7.03E+00,5.040258318164878E+001
1.647582527509170E+011,-6.74E+00,1.076776480053341E+001
1.647782594198066E+011,-6.61E+00,-3.05E+01
1.647982660886962E+011,-6.88E+00,-7.16E+01
1.648182727575859E+011,-7.08E+00,-1.10E+02
1.648382794264755E+011,-6.97E+00,-1.49E+02
1.648582860953651E+011,-6.77E+00,1.715759297874076E+002
1.648782927642548E+011,-6.73E+00,1.305283408386530E+002
1.648982994331444E+011,-6.86E+00,9.023200087849136E+001
1.649183061020340E+011,-6.92E+00,5.108597283831990E+001
1.649383127709237E+011,-6.87E+00,1.077797282756595E+001
1.649583194398133E+011,-6.93E+00,-2.98E+01
1.649783261087029E+011,-7.02E+00,-6.95E+01
1.649983327775925E+011,-7.06E+00,-1.09E+02
1.650183394464822E+011,-7.03E+00,-1.50E+02
1.650383461153718E+011,-7.10E+00,1.696270912725915E+002
1.650583527842614E+011,-7.37E+00,1.292757219812771E+002
1.650783594531511E+011,-7.54E+00,9.055304895065072E+001
1.650983661220407E+011,-7.54E+00,5.195168693915935E+001
1.651183727909303E+011,-7.49E+00,1.234931755619114E+001
1.651383794598200E+011,-7.42E+00,-2.71E+01
1.651583861287096E+011,-7.38E+00,-6.73E+01
1.651783927975992E+011,-7.35E+00,-1.07E+02
1.651983994664888E+011,-7.33E+00,-1.48E+02
1.652184061353785E+011,-7.41E+00,1.716407106639630E+002
1.652384128042681E+011,-7.50E+00,1.318930922097579E+002
1.652584194731577E+011,-7.56E+00,9.186949075018289E+001
1.652784261420474E+011,-7.64E+00,5.159208231409263E+001
1.652984328109370E+011,-7.65E+00,1.183475593401436E+001
1.653184394798266E+011,-7.68E+00,-2.91E+01
1.653384461487163E+011,-7.88E+00,-6.93E+01
1.653584528176059E+011,-8.03E+00,-1.09E+02
1.653784594864955E+011,-8.12E+00,-1.48E+02
1.653984661553851E+011,-8.06E+00,1.737552418609478E+002
1.654184728242748E+011,-7.78E+00,1.348360103111912E+002
1.654384794931644E+011,-7.44E+00,9.389505254998694E+001
1.654584861620540E+011,-7.33E+00,5.205247212318892E+001
1.654784928309437E+011,-7.29E+00,1.112309083731552E+001
1.654984994998333E+011,-7.33E+00,-3.03E+01
1.655185061687229E+011,-7.50E+00,-7.04E+01
1.655385128376126E+011,-7.53E+00,-1.10E+02
1.655585195065022E+011,-7.44E+00,-1.49E+02
1.655785261753918E+011,-7.29E+00,1.712871995198558E+002
1.655985328442814E+011,-7.16E+00,1.304153728154090E+002
1.656185395131711E+011,-7.25E+00,8.954202957572045E+001
1.656385461820607E+011,-7.57E+00,5.000516285459145E+001
1.656585528509503E+011,-7.67E+00,1.294386390004617E+001
1.656785595198400E+011,-7.51E+00,-2.53E+01
1.656985661887296E+011,-7.30E+00,-6.44E+01
1.657185728576192E+011,-7.25E+00,-1.04E+02
1.657385795265089E+011,-7.28E+00,-1.43E+02
1.657585861953985E+011,-7.28E+00,1.777023554956859E+002
1.657785928642881E+011,-7.29E+00,1.390358722238307E+002
1.657985995331777E+011,-7.18E+00,1.003729274992795E+002
1.658186062020674E+011,-7.03E+00,6.090904295991559E+001
1.658386128709570E+011,-6.99E+00,2.046321982672937E+001
1.658586195398466E+011,-7.10E+00,-1.98E+01
1.658786262087363E+011,-7.35E+00,-5.91E+01
1.658986328776259E+011,-7.35E+00,-9.65E+01
1.659186395465155E+011,-7.14E+00,-1.35E+02
1.659386462154052E+011,-7.00E+00,-1.76E+02
1.659586528842948E+011,-6.96E+00,1.435999113855966E+002
1.659786595531844E+011,-6.95E+00,1.023557063574427E+002
1.659986662220740E+011,-7.09E+00,6.130242852725186E+001
1.660186728909637E+011,-7.27E+00,2.100387017787563E+001
1.660386795598533E+011,-7.42E+00,-1.85E+01
1.660586862287429E+011,-7.35E+00,-5.79E+01
1.660786928976325E+011,-7.21E+00,-9.86E+01
1.660986995665222E+011,-7.20E+00,-1.40E+02
1.661187062354118E+011,-7.35E+00,1.791324708209871E+002
1.661387129043015E+011,-7.31E+00,1.400257803823961E+002
1.661587195731911E+011,-7.06E+00,9.916862027108884E+001
1.661787262420807E+011,-6.92E+00,5.736275994301919E+001
1.661987329109703E+011,-6.90E+00,1.505489588828272E+001
1.662187395798600E+011,-7.01E+00,-2.67E+01
1.662387462487496E+011,-7.22E+00,-6.78E+01
1.662587529176392E+011,-7.42E+00,-1.07E+02
1.662787595865288E+011,-7.49E+00,-1.47E+02
1.662987662554185E+011,-7.42E+00,1.743461237084739E+002
1.663187729243081E+011,-7.21E+00,1.350100099944336E+002
1.663387795931978E+011,-6.92E+00,9.404493328732313E+001
1.663587862620874E+011,-6.94E+00,5.263136086031865E+001
1.663787929309770E+011,-7.10E+00,1.187012762884242E+001
1.663987995998666E+011,-7.36E+00,-2.63E+01
1.664188062687563E+011,-7.10E+00,-6.33E+01
1.664388129376459E+011,-6.75E+00,-1.04E+02
1.664588196065355E+011,-6.70E+00,-1.44E+02
1.664788262754251E+011,-6.61E+00,1.762481662732939E+002
1.664988329443148E+011,-6.57E+00,1.363478121228062E+002
1.665188396132044E+011,-6.45E+00,9.589380032264951E+001
1.665388462820940E+011,-6.55E+00,5.485450530902504E+001
1.665588529509837E+011,-6.92E+00,1.467536772340549E+001
1.665788596198733E+011,-7.19E+00,-2.28E+01
1.665988662887629E+011,-7.12E+00,-6.03E+01
1.666188729576526E+011,-6.83E+00,-9.88E+01
1.666388796265422E+011,-6.66E+00,-1.40E+02
1.666588862954318E+011,-6.79E+00,1.795577589637621E+002
1.666788929643214E+011,-6.86E+00,1.403939682209451E+002
1.666988996332111E+011,-6.66E+00,1.002782847175770E+002
1.667189063021007E+011,-6.76E+00,5.856213818095174E+001
1.667389129709903E+011,-7.14E+00,1.804583291153397E+001
1.667589196398800E+011,-7.29E+00,-1.94E+01
1.667789263087696E+011,-7.00E+00,-5.91E+01
1.667989329776592E+011,-7.00E+00,-1.01E+02
1.668189396465489E+011,-7.21E+00,-1.41E+02
1.668389463154385E+011,-7.33E+00,-1.80E+02
1.668589529843281E+011,-7.16E+00,1.404471310650174E+002
1.668789596532177E+011,-6.98E+00,9.942465905775903E+001
1.668989663221074E+011,-7.09E+00,5.784421182533740E+001
1.669189729909970E+011,-7.33E+00,1.820084870604762E+001
1.669389796598866E+011,-7.27E+00,-2.02E+01
1.669589863287763E+011,-6.94E+00,-6.07E+01
1.669789929976659E+011,-6.83E+00,-1.03E+02
1.669989996665555E+011,-7.10E+00,-1.44E+02
1.670190063354452E+011,-7.20E+00,1.771308752068821E+002
1.670390130043348E+011,-6.94E+00,1.372320904478216E+002
1.670590196732244E+011,-6.87E+00,9.520763829370827E+001
1.670790263421140E+011,-7.13E+00,5.299250351902369E+001
1.670990330110037E+011,-7.64E+00,1.341905098755546E+001
1.671190396798933E+011,-7.89E+00,-2.39E+01
1.671390463487829E+011,-7.74E+00,-6.13E+01
1.671590530176726E+011,-7.44E+00,-1.01E+02
1.671790596865622E+011,-7.43E+00,-1.41E+02
1.671990663554518E+011,-7.47E+00,1.796876916336200E+002
1.672190730243415E+011,-7.35E+00,1.394504606430710E+002
1.672390796932311E+011,-7.39E+00,9.931819058139500E+001
1.672590863621207E+011,-7.52E+00,6.003660749930673E+001
1.672790930310104E+011,-7.41E+00,2.167509995668221E+001
1.672990996999000E+011,-7.16E+00,-1.85E+01
1.673191063687896E+011,-7.05E+00,-5.97E+01
1.673391130376792E+011,-7.17E+00,-9.99E+01
1.673591197065689E+011,-7.16E+00,-1.39E+02
1.673791263754585E+011,-7.12E+00,-1.80E+02
1.673991330443481E+011,-7.11E+00,1.402753362859633E+002
1.674191397132377E+011,-7.15E+00,1.004064235454463E+002
1.674391463821274E+011,-7.13E+00,6.109814061288567E+001
1.674591530510170E+011,-7.09E+00,2.071046514098718E+001
1.674791597199067E+011,-7.17E+00,-1.93E+01
1.674991663887963E+011,-7.26E+00,-5.82E+01
1.675191730576859E+011,-7.15E+00,-9.68E+01
1.675391797265755E+011,-6.97E+00,-1.37E+02
1.675591863954652E+011,-6.93E+00,-1.77E+02
1.675791930643548E+011,-6.99E+00,1.422518121221297E+002
1.675991997332444E+011,-7.17E+00,1.029942469503092E+002
1.676192064021340E+011,-7.05E+00,6.493381532686509E+001
1.676392130710237E+011,-6.81E+00,2.464665762553124E+001
1.676592197399133E+011,-6.77E+00,-1.63E+01
1.676792264088030E+011,-6.88E+00,-5.68E+01
1.676992330776926E+011,-6.97E+00,-9.55E+01
1.677192397465822E+011,-6.79E+00,-1.35E+02
1.677392464154718E+011,-6.70E+00,-1.77E+02
1.677592530843615E+011,-6.90E+00,1.417279213349897E+002
1.677792597532511E+011,-7.28E+00,1.029788091256229E+002
1.677992664221407E+011,-7.05E+00,6.512715736963483E+001
1.678192730910303E+011,-6.84E+00,2.373581598300330E+001
1.678392797599200E+011,-6.95E+00,-1.73E+01
1.678592864288096E+011,-7.13E+00,-5.72E+01
1.678792930976992E+011,-7.15E+00,-9.59E+01
1.678992997665889E+011,-6.87E+00,-1.36E+02
1.679193064354785E+011,-6.89E+00,-1.78E+02
1.679393131043681E+011,-7.00E+00,1.416442069782825E+002
1.679593197732578E+011,-7.03E+00,1.020852421705776E+002
1.679793264421474E+011,-6.78E+00,6.300471101265243E+001
1.679993331110370E+011,-6.48E+00,2.099524374631756E+001
1.680193397799266E+011,-6.51E+00,-2.17E+01
1.680393464488163E+011,-6.75E+00,-6.37E+01
1.680593531177059E+011,-6.98E+00,-1.03E+02
1.680793597865955E+011,-6.74E+00,-1.42E+02
1.680993664554852E+011,-6.64E+00,1.759035215190230E+002
1.681193731243748E+011,-6.74E+00,1.350254344506661E+002
1.681393797932644E+011,-6.89E+00,9.471766841678328E+001
1.681593864621541E+011,-6.91E+00,5.604596418071257E+001
1.681793931310437E+011,-6.71E+00,1.615082761335962E+001
1.681993997999333E+011,-6.75E+00,-2.51E+01
1.682194064688229E+011,-6.92E+00,-6.50E+01
1.682394131377126E+011,-6.98E+00,-1.04E+02
1.682594198066022E+011,-6.84E+00,-1.43E+02
1.682794264754918E+011,-6.73E+00,1.765595789995664E+002
1.682994331443815E+011,-6.93E+00,1.354335376451083E+002
1.683194398132711E+011,-7.31E+00,9.662644010919691E+001
1.683394464821607E+011,-7.39E+00,5.961770594293643E+001
1.683594531510504E+011,-7.23E+00,2.129692258504020E+001
1.683794598199400E+011,-7.16E+00,-1.75E+01
1.683994664888296E+011,-6.91E+00,-5.66E+01
1.684194731577192E+011,-6.81E+00,-9.72E+01
1.684394798266089E+011,-6.90E+00,-1.38E+02
1.684594864954985E+011,-7.19E+00,-1.77E+02
1.684794931643881E+011,-7.30E+00,1.452131526163849E+002
1.684994998332778E+011,-7.05E+00,1.066686478687660E+002
1.685195065021674E+011,-6.92E+00,6.613989470801043E+001
1.685395131710570E+011,-6.96E+00,2.580813931102715E+001
1.685595198399467E+011,-7.00E+00,-1.33E+01
1.685795265088363E+011,-6.91E+00,-5.34E+01
1.685995331777259E+011,-6.86E+00,-9.38E+01
1.686195398466155E+011,-6.85E+00,-1.35E+02
1.686395465155052E+011,-7.07E+00,-1.75E+02
1.686595531843948E+011,-7.14E+00,1.463500521723283E+002
1.686795598532844E+011,-6.89E+00,1.064571563022631E+002
1.686995665221741E+011,-6.81E+00,6.447178669301962E+001
1.687195731910637E+011,-6.97E+00,2.279160940252881E+001
1.687395798599533E+011,-7.25E+00,-1.75E+01
1.687595865288430E+011,-7.20E+00,-5.59E+01
1.687795931977326E+011,-6.89E+00,-9.72E+01
1.687995998666222E+011,-6.96E+00,-1.40E+02
1.688196065355118E+011,-7.28E+00,1.785736177794058E+002
1.688396132044015E+011,-7.45E+00,1.402786929877829E+002
1.688596198732911E+011,-7.16E+00,9.993607075394475E+001
1.688796265421807E+011,-7.04E+00,5.717275332471071E+001
1.688996332110704E+011,-7.32E+00,1.426052444856443E+001
1.689196398799600E+011,-7.86E+00,-2.55E+01
1.689396465488496E+011,-7.91E+00,-6.28E+01
1.689596532177393E+011,-7.63E+00,-1.04E+02
1.689796598866289E+011,-7.92E+00,-1.46E+02
1.689996665555185E+011,-8.61E+00,1.753483201189567E+002
1.690196732244081E+011,-8.63E+00,1.406808385994272E+002
1.690396798932978E+011,-8.08E+00,1.019425226989375E+002
1.690596865621874E+011,-7.92E+00,5.940411369498292E+001
1.690796932310770E+011,-8.35E+00,1.869124363065519E+001
1.690996998999667E+011,-8.74E+00,-1.73E+01
1.691197065688563E+011,-8.40E+00,-5.29E+01
1.691397132377459E+011,-7.83E+00,-9.25E+01
1.691597199066356E+011,-7.72E+00,-1.34E+02
1.691797265755252E+011,-7.85E+00,-1.74E+02
1.691997332444148E+011,-7.80E+00,1.485638734461841E+002
1.692197399133044E+011,-7.49E+00,1.095969959422119E+002
1.692397465821941E+011,-7.19E+00,6.905661432707395E+001
1.692597532510837E+011,-7.07E+00,2.790130751487495E+001
1.692797599199733E+011,-7.13E+00,-1.30E+01
1.692997665888630E+011,-7.21E+00,-5.33E+01
1.693197732577526E+011,-7.26E+00,-9.36E+01
1.693397799266422E+011,-7.44E+00,-1.34E+02
1.693597865955319E+011,-7.82E+00,-1.74E+02
1.693797932644215E+011,-8.00E+00,1.492923798919526E+002
1.693997999333111E+011,-7.72E+00,1.109077096350093E+002
1.694198066022007E+011,-7.62E+00,7.022726630150382E+001
1.694398132710904E+011,-7.72E+00,2.952294424075625E+001
1.694598199399800E+011,-8.05E+00,-9.50E+00
1.694798266088696E+011,-8.04E+00,-4.61E+01
1.694998332777593E+011,-7.66E+00,-8.48E+01
1.695198399466489E+011,-7.36E+00,-1.26E+02
1.695398466155385E+011,-7.37E+00,-1.67E+02
1.695598532844282E+011,-7.59E+00,1.534513469317519E+002
1.695798599533178E+011,-7.44E+00,1.153122828684766E+002
1.695998666222074E+011,-7.14E+00,7.521009485666274E+001
1.696198732910971E+011,-6.94E+00,3.322670997170833E+001
1.696398799599867E+011,-7.08E+00,-8.84E+00
1.696598866288763E+011,-7.30E+00,-4.89E+01
1.696798932977659E+011,-7.43E+00,-8.80E+01
1.696998999666556E+011,-7.23E+00,-1.27E+02
1.697199066355452E+011,-7.09E+00,-1.68E+02
1.697399133044348E+011,-7.05E+00,1.505695746240772E+002
1.697599199733245E+011,-7.14E+00,1.093433967375939E+002
1.697799266422141E+011,-7.10E+00,6.872713029929604E+001
1.697999333111037E+011,-7.13E+00,2.599636111828494E+001
1.698199399799934E+011,-7.67E+00,-1.48E+01
1.698399466488830E+011,-7.81E+00,-5.24E+01
1.698599533177726E+011,-7.65E+00,-9.18E+01
1.698799599866622E+011,-7.39E+00,-1.33E+02
1.698999666555519E+011,-7.60E+00,-1.76E+02
1.699199733244415E+011,-7.93E+00,1.444250637403199E+002
1.699399799933311E+011,-8.03E+00,1.045731506050066E+002
1.699599866622207E+011,-8.22E+00,6.606054964329928E+001
1.699799933311104E+011,-8.04E+00,2.698998325910253E+001
1.700000000000000E+011,-7.99E+00,-1.24E+01
