freq[Hz],db:Trc2_S21,ang:Trc2_S21,,,,
1.100000000000000E+011,-6.43E+00,1.542481247104182E+002,,,,
1.100200066688896E+011,-6.45E+00,1.135659032400824E+002,,,,
1.100400133377793E+011,-6.46E+00,7.251390849673682E+001,,,,
1.100600200066689E+011,-6.48E+00,3.150138239001378E+001,,,,
1.100800266755585E+011,-6.54E+00,-9.30E+00,,,,
1.101000333444482E+011,-6.52E+00,-4.99E+01,,,,
1.101200400133378E+011,-6.51E+00,-9.11E+01,,,,
1.101400466822274E+011,-6.51E+00,-1.32E+02,,,,
1.101600533511170E+011,-6.49E+00,-1.73E+02,,,,
1.101800600200067E+011,-6.44E+00,1.462705166317605E+002,,,,
1.102000666888963E+011,-6.29E+00,1.049687802836756E+002,,,,
1.102200733577859E+011,-6.26E+00,6.284003727573100E+001,,,,
1.102400800266756E+011,-6.30E+00,2.111788358157287E+001,,,,
1.102600866955652E+011,-6.37E+00,-2.07E+01,,,,
1.102800933644548E+011,-6.43E+00,-6.15E+01,,,,
1.103001000333445E+011,-6.41E+00,-1.03E+02,,,,
1.103201067022341E+011,-6.41E+00,-1.44E+02,,,,
1.103401133711237E+011,-6.43E+00,1.746250972898790E+002,,,,
1.103601200400133E+011,-6.50E+00,1.333321296100238E+002,,,,
1.103801267089030E+011,-6.62E+00,9.280139028936182E+001,,,,
1.104001333777926E+011,-6.57E+00,5.206781310528475E+001,,,,
1.104201400466822E+011,-6.58E+00,1.140524091195477E+001,,,,
1.104401467155719E+011,-6.56E+00,-2.92E+01,,,,
1.104601533844615E+011,-6.55E+00,-6.96E+01,,,,
1.104801600533511E+011,-6.50E+00,-1.10E+02,,,,
1.105001667222408E+011,-6.40E+00,-1.51E+02,,,,
1.105201733911304E+011,-6.37E+00,1.684958066466720E+002,,,,
1.105401800600200E+011,-6.39E+00,1.273856649068314E+002,,,,
1.105601867289096E+011,-6.48E+00,8.690749928467955E+001,,,,
1.105801933977993E+011,-6.54E+00,4.696560242949747E+001,,,,
1.106002000666889E+011,-6.56E+00,6.814880657867177E+000,,,,
1.106202067355785E+011,-6.60E+00,-3.32E+01,,,,
1.106402134044682E+011,-6.63E+00,-7.28E+01,,,,
1.106602200733578E+011,-6.65E+00,-1.12E+02,,,,
1.106802267422474E+011,-6.64E+00,-1.52E+02,,,,
1.107002334111370E+011,-6.55E+00,1.680491652336923E+002,,,,
1.107202400800267E+011,-6.50E+00,1.277115558369196E+002,,,,
1.107402467489163E+011,-6.47E+00,8.736691692092249E+001,,,,
1.107602534178059E+011,-6.51E+00,4.683774776031451E+001,,,,
1.107802600866956E+011,-6.48E+00,6.778412090761314E+000,,,,
1.108002667555852E+011,-6.44E+00,-3.40E+01,,,,
1.108202734244748E+011,-6.44E+00,-7.50E+01,,,,
1.108402800933645E+011,-6.49E+00,-1.16E+02,,,,
1.108602867622541E+011,-6.57E+00,-1.56E+02,,,,
1.108802934311437E+011,-6.51E+00,1.630776351353596E+002,,,,
1.109003001000333E+011,-6.48E+00,1.222661707179072E+002,,,,
1.109203067689230E+011,-6.42E+00,8.127528593463536E+001,,,,
1.109403134378126E+011,-6.39E+00,3.978710071571225E+001,,,,
1.109603201067022E+011,-6.35E+00,-1.06E+00,,,,
1.109803267755919E+011,-6.28E+00,-4.28E+01,,,,
1.110003334444815E+011,-6.27E+00,-8.44E+01,,,,
1.110203401133711E+011,-6.29E+00,-1.26E+02,,,,
1.110403467822608E+011,-6.32E+00,-1.67E+02,,,,
1.110603534511504E+011,-6.32E+00,1.517113087865708E+002,,,,
1.110803601200400E+011,-6.25E+00,1.105643668637975E+002,,,,
1.111003667889296E+011,-6.21E+00,6.873757091859092E+001,,,,
1.111203734578193E+011,-6.23E+00,2.693891356021198E+001,,,,
1.111403801267089E+011,-6.35E+00,-1.48E+01,,,,
1.111603867955985E+011,-6.49E+00,-5.55E+01,,,,
1.111803934644882E+011,-6.54E+00,-9.59E+01,,,,
1.112004001333778E+011,-6.56E+00,-1.37E+02,,,,
1.112204068022674E+011,-6.60E+00,-1.77E+02,,,,
1.112404134711571E+011,-6.69E+00,1.422978787233384E+002,,,,
1.112604201400467E+011,-6.73E+00,1.030002199409049E+002,,,,
1.112804268089363E+011,-6.66E+00,6.338158997940011E+001,,,,
1.113004334778259E+011,-6.57E+00,2.332222523995433E+001,,,,
1.113204401467156E+011,-6.52E+00,-1.71E+01,,,,
1.113404468156052E+011,-6.60E+00,-5.66E+01,,,,
1.113604534844948E+011,-6.46E+00,-9.59E+01,,,,
1.113804601533845E+011,-6.31E+00,-1.36E+02,,,,
1.114004668222741E+011,-6.24E+00,-1.77E+02,,,,
1.114204734911637E+011,-6.27E+00,1.426754721948122E+002,,,,
1.114404801600533E+011,-6.36E+00,1.027923178594118E+002,,,,
1.114604868289430E+011,-6.32E+00,6.324169969639181E+001,,,,
1.114804934978326E+011,-6.25E+00,2.331221099883858E+001,,,,
1.115005001667222E+011,-6.19E+00,-1.71E+01,,,,
1.115205068356119E+011,-6.18E+00,-5.79E+01,,,,
1.115405135045015E+011,-6.24E+00,-9.81E+01,,,,
1.115605201733911E+011,-6.23E+00,-1.38E+02,,,,
1.115805268422808E+011,-6.23E+00,-1.79E+02,,,,
1.116005335111704E+011,-6.22E+00,1.405914160011452E+002,,,,
1.116205401800600E+011,-6.28E+00,9.961996280483346E+001,,,,
1.116405468489497E+011,-6.34E+00,5.940937579072688E+001,,,,
1.116605535178393E+011,-6.32E+00,1.898550997388873E+001,,,,
1.116805601867289E+011,-6.32E+00,-2.17E+01,,,,
1.117005668556186E+011,-6.28E+00,-6.25E+01,,,,
1.117205735245082E+011,-6.33E+00,-1.04E+02,,,,
1.117405801933978E+011,-6.31E+00,-1.44E+02,,,,
1.117605868622874E+011,-6.27E+00,1.749154883261468E+002,,,,
1.117805935311771E+011,-6.29E+00,1.335905163700470E+002,,,,
1.118006002000667E+011,-6.34E+00,9.245369852436816E+001,,,,
1.118206068689563E+011,-6.45E+00,5.182006140978564E+001,,,,
1.118406135378460E+011,-6.42E+00,1.140526128943907E+001,,,,
1.118606202067356E+011,-6.39E+00,-2.94E+01,,,,
1.118806268756252E+011,-6.39E+00,-7.03E+01,,,,
1.119006335445148E+011,-6.37E+00,-1.11E+02,,,,
1.119206402134045E+011,-6.37E+00,-1.52E+02,,,,
1.119406468822941E+011,-6.30E+00,1.673702982110929E+002,,,,
1.119606535511837E+011,-6.28E+00,1.261584754474324E+002,,,,
1.119806602200734E+011,-6.29E+00,8.523071676072763E+001,,,,
1.120006668889630E+011,-6.33E+00,4.441990301861505E+001,,,,
1.120206735578526E+011,-6.38E+00,4.201619128548103E+000,,,,
1.120406802267423E+011,-6.35E+00,-3.61E+01,,,,
1.120606868956319E+011,-6.32E+00,-7.67E+01,,,,
1.120806935645215E+011,-6.28E+00,-1.17E+02,,,,
1.121007002334111E+011,-6.31E+00,-1.57E+02,,,,
1.121207069023008E+011,-6.21E+00,1.625263792487652E+002,,,,
1.121407135711904E+011,-6.12E+00,1.219954024837037E+002,,,,
1.121607202400800E+011,-6.11E+00,8.142869052990345E+001,,,,
1.121807269089697E+011,-6.11E+00,4.114883559474247E+001,,,,
1.122007335778593E+011,-6.11E+00,1.450065660796329E+000,,,,
1.122207402467489E+011,-5.99E+00,-3.85E+01,,,,
1.122407469156386E+011,-5.91E+00,-7.92E+01,,,,
1.122607535845282E+011,-5.93E+00,-1.20E+02,,,,
1.122807602534178E+011,-6.01E+00,-1.60E+02,,,,
1.123007669223074E+011,-6.08E+00,1.602807274278247E+002,,,,
1.123207735911971E+011,-6.11E+00,1.206433460545009E+002,,,,
1.123407802600867E+011,-6.13E+00,8.132084757306181E+001,,,,
1.123607869289763E+011,-6.10E+00,4.208731048642777E+001,,,,
1.123807935978660E+011,-6.07E+00,2.441556811652949E+000,,,,
1.124008002667556E+011,-5.98E+00,-3.69E+01,,,,
1.124208069356452E+011,-5.88E+00,-7.71E+01,,,,
1.124408136045349E+011,-5.86E+00,-1.18E+02,,,,
1.124608202734245E+011,-5.87E+00,-1.58E+02,,,,
1.124808269423141E+011,-5.91E+00,1.615567764604035E+002,,,,
1.125008336112037E+011,-5.89E+00,1.211775002651187E+002,,,,
1.125208402800934E+011,-5.84E+00,8.064530979141227E+001,,,,
1.125408469489830E+011,-5.86E+00,3.959935349898053E+001,,,,
1.125608536178726E+011,-5.91E+00,-1.41E+00,,,,
1.125808602867623E+011,-5.99E+00,-4.23E+01,,,,
1.126008669556519E+011,-6.03E+00,-8.27E+01,,,,
1.126208736245415E+011,-6.02E+00,-1.23E+02,,,,
1.126408802934311E+011,-6.00E+00,-1.65E+02,,,,
1.126608869623208E+011,-6.04E+00,1.540582809001351E+002,,,,
1.126808936312104E+011,-6.16E+00,1.126980506597921E+002,,,,
1.127009003001000E+011,-6.23E+00,7.195556530551072E+001,,,,
1.127209069689897E+011,-6.28E+00,3.093593473720078E+001,,,,
1.127409136378793E+011,-6.40E+00,-1.02E+01,,,,
1.127609203067689E+011,-6.50E+00,-5.05E+01,,,,
1.127809269756586E+011,-6.50E+00,-9.04E+01,,,,
1.128009336445482E+011,-6.37E+00,-1.31E+02,,,,
1.128209403134378E+011,-6.21E+00,-1.72E+02,,,,
1.128409469823274E+011,-6.12E+00,1.467167333961058E+002,,,,
1.128609536512171E+011,-6.17E+00,1.052176533699955E+002,,,,
1.128809603201067E+011,-6.22E+00,6.464405008651083E+001,,,,
1.129009669889963E+011,-6.17E+00,2.408330909871662E+001,,,,
1.129209736578860E+011,-6.06E+00,-1.67E+01,,,,
1.129409803267756E+011,-5.99E+00,-5.76E+01,,,,
1.129609869956652E+011,-6.02E+00,-9.88E+01,,,,
1.129809936645549E+011,-6.06E+00,-1.39E+02,,,,
1.130010003334445E+011,-6.05E+00,-1.79E+02,,,,
1.130210070023341E+011,-6.03E+00,1.407992630568957E+002,,,,
1.130410136712237E+011,-6.03E+00,1.007263583398486E+002,,,,
1.130610203401134E+011,-6.10E+00,6.124086432817487E+001,,,,
1.130810270090030E+011,-6.15E+00,2.193174626518400E+001,,,,
1.131010336778926E+011,-6.14E+00,-1.72E+01,,,,
1.131210403467823E+011,-6.12E+00,-5.65E+01,,,,
1.131410470156719E+011,-6.13E+00,-9.62E+01,,,,
1.131610536845615E+011,-6.28E+00,-1.36E+02,,,,
1.131810603534512E+011,-6.38E+00,-1.75E+02,,,,
1.132010670223408E+011,-6.41E+00,1.464522606081063E+002,,,,
1.132210736912304E+011,-6.42E+00,1.070432088826430E+002,,,,
1.132410803601200E+011,-6.50E+00,6.700604276011758E+001,,,,
1.132610870290097E+011,-6.61E+00,2.793600960281212E+001,,,,
1.132810936978993E+011,-6.59E+00,-1.11E+01,,,,
1.133011003667889E+011,-6.50E+00,-5.09E+01,,,,
1.133211070356786E+011,-6.40E+00,-9.10E+01,,,,
1.133411137045682E+011,-6.37E+00,-1.32E+02,,,,
1.133611203734578E+011,-6.39E+00,-1.73E+02,,,,
1.133811270423474E+011,-6.35E+00,1.464918164879527E+002,,,,
1.134011337112371E+011,-6.30E+00,1.056713725894244E+002,,,,
1.134211403801267E+011,-6.20E+00,6.376137008133109E+001,,,,
1.134411470490163E+011,-6.31E+00,2.175679611428587E+001,,,,
1.134611537179060E+011,-6.42E+00,-1.90E+01,,,,
1.134811603867956E+011,-6.40E+00,-5.94E+01,,,,
1.135011670556852E+011,-6.26E+00,-1.01E+02,,,,
1.135211737245749E+011,-6.24E+00,-1.43E+02,,,,
1.135411803934645E+011,-6.39E+00,1.747024664435277E+002,,,,
1.135611870623541E+011,-6.54E+00,1.340154002254542E+002,,,,
1.135811937312437E+011,-6.54E+00,9.339457909806814E+001,,,,
1.136012004001334E+011,-6.41E+00,5.249317159046434E+001,,,,
1.136212070690230E+011,-6.38E+00,1.069155322784461E+001,,,,
1.136412137379126E+011,-6.46E+00,-3.09E+01,,,,
1.136612204068023E+011,-6.57E+00,-7.11E+01,,,,
1.136812270756919E+011,-6.54E+00,-1.11E+02,,,,
1.137012337445815E+011,-6.38E+00,-1.51E+02,,,,
1.137212404134712E+011,-6.31E+00,1.676228510156597E+002,,,,
1.137412470823608E+011,-6.38E+00,1.271305737578517E+002,,,,
1.137612537512504E+011,-6.48E+00,8.758362373913967E+001,,,,
1.137812604201401E+011,-6.42E+00,4.898454424117340E+001,,,,
1.138012670890297E+011,-6.27E+00,9.057728289598748E+000,,,,
1.138212737579193E+011,-6.23E+00,-3.13E+01,,,,
1.138412804268089E+011,-6.32E+00,-7.09E+01,,,,
1.138612870956986E+011,-6.38E+00,-1.10E+02,,,,
1.138812937645882E+011,-6.30E+00,-1.49E+02,,,,
1.139013004334778E+011,-6.27E+00,1.715870593208132E+002,,,,
1.139213071023675E+011,-6.31E+00,1.321300905100630E+002,,,,
1.139413137712571E+011,-6.41E+00,9.277705115287398E+001,,,,
1.139613204401467E+011,-6.46E+00,5.402744357908439E+001,,,,
1.139813271090364E+011,-6.35E+00,1.505536990233268E+001,,,,
1.140013337779260E+011,-6.27E+00,-2.50E+01,,,,
1.140213404468156E+011,-6.28E+00,-6.54E+01,,,,
1.140413471157052E+011,-6.38E+00,-1.05E+02,,,,
1.140613537845949E+011,-6.40E+00,-1.45E+02,,,,
1.140813604534845E+011,-6.30E+00,1.751479341529724E+002,,,,
1.141013671223741E+011,-6.21E+00,1.344891671109313E+002,,,,
1.141213737912638E+011,-6.20E+00,9.285021798820989E+001,,,,
1.141413804601534E+011,-6.28E+00,5.241777999937308E+001,,,,
1.141613871290430E+011,-6.21E+00,1.207748328699743E+001,,,,
1.141813937979327E+011,-6.12E+00,-2.92E+01,,,,
1.142014004668223E+011,-6.09E+00,-7.12E+01,,,,
1.142214071357119E+011,-6.17E+00,-1.13E+02,,,,
1.142414138046015E+011,-6.26E+00,-1.54E+02,,,,
1.142614204734912E+011,-6.27E+00,1.654755317314555E+002,,,,
1.142814271423808E+011,-6.28E+00,1.243340035015986E+002,,,,
1.143014338112704E+011,-6.31E+00,8.301788535233592E+001,,,,
1.143214404801601E+011,-6.43E+00,4.184606142755879E+001,,,,
1.143414471490497E+011,-6.55E+00,1.650584137153700E+000,,,,
1.143614538179393E+011,-6.53E+00,-3.83E+01,,,,
1.143814604868290E+011,-6.44E+00,-7.87E+01,,,,
1.144014671557186E+011,-6.36E+00,-1.19E+02,,,,
1.144214738246082E+011,-6.33E+00,-1.60E+02,,,,
1.144414804934978E+011,-6.26E+00,1.593457752343524E+002,,,,
1.144614871623875E+011,-6.20E+00,1.184495721417689E+002,,,,
1.144814938312771E+011,-6.15E+00,7.735922951124877E+001,,,,
1.145015005001667E+011,-6.16E+00,3.626642604614276E+001,,,,
1.145215071690564E+011,-6.33E+00,-4.63E+00,,,,
1.145415138379460E+011,-6.45E+00,-4.42E+01,,,,
1.145615205068356E+011,-6.43E+00,-8.34E+01,,,,
1.145815271757252E+011,-6.37E+00,-1.24E+02,,,,
1.146015338446149E+011,-6.42E+00,-1.65E+02,,,,
1.146215405135045E+011,-6.65E+00,1.557723981795358E+002,,,,
1.146415471823941E+011,-6.82E+00,1.170432750987388E+002,,,,
1.146615538512838E+011,-6.80E+00,7.876930706720434E+001,,,,
1.146815605201734E+011,-6.67E+00,3.940335570055775E+001,,,,
1.147015671890630E+011,-6.67E+00,-5.45E-01,,,,
1.147215738579527E+011,-6.73E+00,-3.97E+01,,,,
1.147415805268423E+011,-6.61E+00,-7.85E+01,,,,
1.147615871957319E+011,-6.38E+00,-1.18E+02,,,,
1.147815938646215E+011,-6.23E+00,-1.60E+02,,,,
1.148016005335112E+011,-6.33E+00,1.596401891821113E+002,,,,
1.148216072024008E+011,-6.38E+00,1.200033737571438E+002,,,,
1.148416138712904E+011,-6.33E+00,8.031421405007173E+001,,,,
1.148616205401801E+011,-6.19E+00,3.988134617180808E+001,,,,
1.148816272090697E+011,-6.13E+00,-1.65E+00,,,,
1.149016338779593E+011,-6.31E+00,-4.31E+01,,,,
1.149216405468490E+011,-6.49E+00,-8.29E+01,,,,
1.149416472157386E+011,-6.54E+00,-1.22E+02,,,,
1.149616538846282E+011,-6.40E+00,-1.62E+02,,,,
1.149816605535178E+011,-6.28E+00,1.568446653396017E+002,,,,
1.150016672224075E+011,-6.38E+00,1.156704667850246E+002,,,,
1.150216738912971E+011,-6.51E+00,7.528742025222478E+001,,,,
1.150416805601867E+011,-6.54E+00,3.547537267269807E+001,,,,
1.150616872290764E+011,-6.41E+00,-4.55E+00,,,,
1.150816938979660E+011,-6.38E+00,-4.59E+01,,,,
1.151017005668556E+011,-6.47E+00,-8.65E+01,,,,
1.151217072357453E+011,-6.49E+00,-1.27E+02,,,,
1.151417139046349E+011,-6.44E+00,-1.67E+02,,,,
1.151617205735245E+011,-6.33E+00,1.523462022486840E+002,,,,
1.151817272424141E+011,-6.33E+00,1.112559867991878E+002,,,,
1.152017339113038E+011,-6.30E+00,7.006745709844974E+001,,,,
1.152217405801934E+011,-6.37E+00,2.913804834859305E+001,,,,
1.152417472490830E+011,-6.41E+00,-1.13E+01,,,,
1.152617539179727E+011,-6.36E+00,-5.21E+01,,,,
1.152817605868623E+011,-6.38E+00,-9.30E+01,,,,
1.153017672557519E+011,-6.45E+00,-1.34E+02,,,,
1.153217739246415E+011,-6.56E+00,-1.74E+02,,,,
1.153417805935312E+011,-6.51E+00,1.464216958467607E+002,,,,
1.153617872624208E+011,-6.33E+00,1.063175744341633E+002,,,,
1.153817939313104E+011,-6.19E+00,6.516314804345754E+001,,,,
1.154018006002001E+011,-6.23E+00,2.346725753937732E+001,,,,
1.154218072690897E+011,-6.35E+00,-1.70E+01,,,,
1.154418139379793E+011,-6.37E+00,-5.67E+01,,,,
1.154618206068690E+011,-6.31E+00,-9.70E+01,,,,
1.154818272757586E+011,-6.33E+00,-1.37E+02,,,,
1.155018339446482E+011,-6.42E+00,-1.77E+02,,,,
1.155218406135378E+011,-6.48E+00,1.433580729807776E+002,,,,
1.155418472824275E+011,-6.40E+00,1.040742312617578E+002,,,,
1.155618539513171E+011,-6.28E+00,6.413309706740985E+001,,,,
1.155818606202067E+011,-6.18E+00,2.356117004325513E+001,,,,
1.156018672890964E+011,-6.21E+00,-1.69E+01,,,,
1.156218739579860E+011,-6.28E+00,-5.72E+01,,,,
1.156418806268756E+011,-6.30E+00,-9.72E+01,,,,
1.156618872957653E+011,-6.32E+00,-1.37E+02,,,,
1.156818939646549E+011,-6.31E+00,-1.78E+02,,,,
1.157019006335445E+011,-6.39E+00,1.422974431949754E+002,,,,
1.157219073024341E+011,-6.42E+00,1.025648267534567E+002,,,,
1.157419139713238E+011,-6.37E+00,6.280190428940658E+001,,,,
1.157619206402134E+011,-6.31E+00,2.207837838159876E+001,,,,
1.157819273091030E+011,-6.40E+00,-1.89E+01,,,,
1.158019339779927E+011,-6.59E+00,-5.88E+01,,,,
1.158219406468823E+011,-6.61E+00,-9.78E+01,,,,
1.158419473157719E+011,-6.46E+00,-1.38E+02,,,,
1.158619539846616E+011,-6.29E+00,-1.78E+02,,,,
1.158819606535512E+011,-6.30E+00,1.400721188178390E+002,,,,
1.159019673224408E+011,-6.46E+00,9.922409531169529E+001,,,,
1.159219739913304E+011,-6.52E+00,5.950282843738206E+001,,,,
1.159419806602201E+011,-6.44E+00,1.937360574404658E+001,,,,
1.159619873291097E+011,-6.33E+00,-2.18E+01,,,,
1.159819939979993E+011,-6.43E+00,-6.32E+01,,,,
1.160020006668890E+011,-6.58E+00,-1.03E+02,,,,
1.160220073357786E+011,-6.56E+00,-1.43E+02,,,,
1.160420140046682E+011,-6.42E+00,1.767593669284296E+002,,,,
1.160620206735579E+011,-6.36E+00,1.352701298032455E+002,,,,
1.160820273424475E+011,-6.48E+00,9.402025180758164E+001,,,,
1.161020340113371E+011,-6.58E+00,5.421278129273207E+001,,,,
1.161220406802268E+011,-6.52E+00,1.447111587104069E+001,,,,
1.161420473491164E+011,-6.37E+00,-2.62E+01,,,,
1.161620540180060E+011,-6.31E+00,-6.75E+01,,,,
1.161820606868956E+011,-6.48E+00,-1.09E+02,,,,
1.162020673557853E+011,-6.70E+00,-1.48E+02,,,,
1.162220740246749E+011,-6.64E+00,1.728827366555998E+002,,,,
1.162420806935645E+011,-6.45E+00,1.333545787355740E+002,,,,
1.162620873624542E+011,-6.26E+00,9.244889863170799E+001,,,,
1.162820940313438E+011,-6.26E+00,5.128097512490410E+001,,,,
1.163021007002334E+011,-6.27E+00,1.107692486441298E+001,,,,
1.163221073691231E+011,-6.21E+00,-2.94E+01,,,,
1.163421140380127E+011,-6.13E+00,-7.04E+01,,,,
1.163621207069023E+011,-6.17E+00,-1.12E+02,,,,
1.163821273757919E+011,-6.39E+00,-1.53E+02,,,,
1.164021340446816E+011,-6.55E+00,1.677959960004063E+002,,,,
1.164221407135712E+011,-6.51E+00,1.285920711342215E+002,,,,
1.164421473824608E+011,-6.38E+00,8.832409681038759E+001,,,,
1.164621540513505E+011,-6.40E+00,4.765795347368070E+001,,,,
1.164821607202401E+011,-6.50E+00,7.650508896671222E+000,,,,
1.165021673891297E+011,-6.46E+00,-3.16E+01,,,,
1.165221740580194E+011,-6.31E+00,-7.18E+01,,,,
1.165421807269090E+011,-6.19E+00,-1.13E+02,,,,
1.165621873957986E+011,-6.28E+00,-1.54E+02,,,,
1.165821940646882E+011,-6.51E+00,1.653222874049860E+002,,,,
1.166022007335779E+011,-6.64E+00,1.260943420979657E+002,,,,
1.166222074024675E+011,-6.58E+00,8.709105524408440E+001,,,,
1.166422140713571E+011,-6.39E+00,4.748855205988644E+001,,,,
1.166622207402468E+011,-6.30E+00,6.445508665243997E+000,,,,
1.166822274091364E+011,-6.34E+00,-3.41E+01,,,,
1.167022340780260E+011,-6.36E+00,-7.40E+01,,,,
1.167222407469156E+011,-6.26E+00,-1.14E+02,,,,
1.167422474158053E+011,-6.21E+00,-1.56E+02,,,,
1.167622540846949E+011,-6.38E+00,1.630657194777219E+002,,,,
1.167822607535845E+011,-6.56E+00,1.236652091266125E+002,,,,
1.168022674224742E+011,-6.49E+00,8.431554384034340E+001,,,,
1.168222740913638E+011,-6.34E+00,4.374389177954681E+001,,,,
1.168422807602534E+011,-6.35E+00,1.740820771932663E+000,,,,
1.168622874291431E+011,-6.67E+00,-3.89E+01,,,,
1.168822940980327E+011,-6.81E+00,-7.78E+01,,,,
1.169023007669223E+011,-6.77E+00,-1.16E+02,,,,
1.169223074358119E+011,-6.53E+00,-1.56E+02,,,,
1.169423141047016E+011,-6.46E+00,1.615264789663352E+002,,,,
1.169623207735912E+011,-6.67E+00,1.207198488145064E+002,,,,
1.169823274424808E+011,-6.89E+00,8.149765121217156E+001,,,,
1.170023341113705E+011,-6.81E+00,4.337722045451290E+001,,,,
1.170223407802601E+011,-6.48E+00,3.627879224437856E+000,,,,
1.170423474491497E+011,-6.28E+00,-3.84E+01,,,,
1.170623541180394E+011,-6.38E+00,-8.01E+01,,,,
1.170823607869290E+011,-6.58E+00,-1.20E+02,,,,
1.171023674558186E+011,-6.57E+00,-1.60E+02,,,,
1.171223741247082E+011,-6.38E+00,1.599889506897973E+002,,,,
1.171423807935979E+011,-6.34E+00,1.181798660031929E+002,,,,
1.171623874624875E+011,-6.54E+00,7.709937874382278E+001,,,,
1.171823941313771E+011,-6.74E+00,3.761387137951812E+001,,,,
1.172024008002668E+011,-6.67E+00,-1.32E+00,,,,
1.172224074691564E+011,-6.40E+00,-4.10E+01,,,,
1.172424141380460E+011,-6.29E+00,-8.27E+01,,,,
1.172624208069356E+011,-6.38E+00,-1.24E+02,,,,
1.172824274758253E+011,-6.46E+00,-1.63E+02,,,,
1.173024341447149E+011,-6.33E+00,1.572249994178062E+002,,,,
1.173224408136045E+011,-6.13E+00,1.162295176613696E+002,,,,
1.173424474824942E+011,-6.13E+00,7.452612729125444E+001,,,,
1.173624541513838E+011,-6.30E+00,3.388487728632646E+001,,,,
1.173824608202734E+011,-6.34E+00,-5.25E+00,,,,
1.174024674891631E+011,-6.16E+00,-4.49E+01,,,,
1.174224741580527E+011,-5.94E+00,-8.56E+01,,,,
1.174424808269423E+011,-5.89E+00,-1.28E+02,,,,
1.174624874958319E+011,-6.08E+00,-1.69E+02,,,,
1.174824941647216E+011,-6.22E+00,1.518389138384667E+002,,,,
1.175025008336112E+011,-6.17E+00,1.121687586796406E+002,,,,
1.175225075025008E+011,-6.03E+00,7.170037959732788E+001,,,,
1.175425141713905E+011,-6.13E+00,3.033067940358749E+001,,,,
1.175625208402801E+011,-6.36E+00,-9.70E+00,,,,
1.175825275091697E+011,-6.44E+00,-4.82E+01,,,,
1.176025341780594E+011,-6.26E+00,-8.69E+01,,,,
1.176225408469490E+011,-6.01E+00,-1.27E+02,,,,
1.176425475158386E+011,-5.94E+00,-1.68E+02,,,,
1.176625541847282E+011,-5.96E+00,1.511656927351172E+002,,,,
1.176825608536179E+011,-5.95E+00,1.108115666036419E+002,,,,
1.177025675225075E+011,-5.90E+00,7.045788160704061E+001,,,,
1.177225741913971E+011,-5.94E+00,2.934413020285355E+001,,,,
1.177425808602868E+011,-6.11E+00,-1.09E+01,,,,
1.177625875291764E+011,-6.21E+00,-5.02E+01,,,,
1.177825941980660E+011,-6.13E+00,-8.94E+01,,,,
1.178026008669557E+011,-5.97E+00,-1.30E+02,,,,
1.178226075358453E+011,-5.95E+00,-1.71E+02,,,,
1.178426142047349E+011,-6.11E+00,1.476764987323701E+002,,,,
1.178626208736245E+011,-6.29E+00,1.080037872121542E+002,,,,
1.178826275425142E+011,-6.29E+00,6.902788765294812E+001,,,,
1.179026342114038E+011,-6.07E+00,2.873591932296927E+001,,,,
1.179226408802934E+011,-5.99E+00,-1.33E+01,,,,
1.179426475491831E+011,-6.15E+00,-5.48E+01,,,,
1.179626542180727E+011,-6.31E+00,-9.50E+01,,,,
1.179826608869623E+011,-6.25E+00,-1.35E+02,,,,
1.180026675558520E+011,-6.17E+00,-1.76E+02,,,,
1.180226742247416E+011,-6.30E+00,1.417286470660900E+002,,,,
1.180426808936312E+011,-6.58E+00,1.011588604115363E+002,,,,
1.180626875625208E+011,-6.68E+00,6.255660302799885E+001,,,,
1.180826942314105E+011,-6.43E+00,2.337196637715204E+001,,,,
1.181027009003001E+011,-6.16E+00,-1.80E+01,,,,
1.181227075691897E+011,-6.17E+00,-6.05E+01,,,,
1.181427142380794E+011,-6.44E+00,-1.01E+02,,,,
1.181627209069690E+011,-6.51E+00,-1.40E+02,,,,
1.181827275758586E+011,-6.32E+00,-1.80E+02,,,,
1.182027342447483E+011,-6.14E+00,1.390822191127149E+002,,,,
1.182227409136379E+011,-6.16E+00,9.727047076409637E+001,,,,
1.182427475825275E+011,-6.35E+00,5.694867505018313E+001,,,,
1.182627542514171E+011,-6.40E+00,1.769887532838145E+001,,,,
1.182827609203068E+011,-6.32E+00,-2.20E+01,,,,
1.183027675891964E+011,-6.26E+00,-6.25E+01,,,,
1.183227742580860E+011,-6.38E+00,-1.03E+02,,,,
1.183427809269757E+011,-6.51E+00,-1.42E+02,,,,
1.183627875958653E+011,-6.45E+00,1.790491239394468E+002,,,,
1.183827942647549E+011,-6.31E+00,1.396530243503017E+002,,,,
1.184028009336446E+011,-6.22E+00,9.917874426833848E+001,,,,
1.184228076025342E+011,-6.35E+00,5.871196215634707E+001,,,,
1.184428142714238E+011,-6.47E+00,2.032977123421335E+001,,,,
1.184628209403135E+011,-6.41E+00,-1.81E+01,,,,
1.184828276092031E+011,-6.24E+00,-5.71E+01,,,,
1.185028342780927E+011,-6.15E+00,-9.76E+01,,,,
1.185228409469823E+011,-6.32E+00,-1.37E+02,,,,
1.185428476158720E+011,-6.42E+00,-1.76E+02,,,,
1.185628542847616E+011,-6.35E+00,1.460017696767491E+002,,,,
1.185828609536512E+011,-6.11E+00,1.066418869778504E+002,,,,
1.186028676225409E+011,-5.96E+00,6.582759482456176E+001,,,,
1.186228742914305E+011,-6.02E+00,2.506644376401551E+001,,,,
1.186428809603201E+011,-6.04E+00,-1.48E+01,,,,
1.186628876292097E+011,-5.95E+00,-5.48E+01,,,,
1.186828942980994E+011,-5.79E+00,-9.61E+01,,,,
1.187029009669890E+011,-5.81E+00,-1.38E+02,,,,
1.187229076358786E+011,-5.93E+00,-1.79E+02,,,,
1.187429143047683E+011,-5.99E+00,1.403992163959041E+002,,,,
1.187629209736579E+011,-5.93E+00,9.988854704687864E+001,,,,
1.187829276425475E+011,-5.82E+00,5.843258165442845E+001,,,,
1.188029343114372E+011,-5.87E+00,1.651103362994448E+001,,,,
1.188229409803268E+011,-5.94E+00,-2.49E+01,,,,
1.188429476492164E+011,-6.01E+00,-6.54E+01,,,,
1.188629543181060E+011,-5.95E+00,-1.06E+02,,,,
1.188829609869957E+011,-5.89E+00,-1.48E+02,,,,
1.189029676558853E+011,-6.03E+00,1.699667946784421E+002,,,,
1.189229743247749E+011,-6.28E+00,1.291275460721803E+002,,,,
1.189429809936646E+011,-6.44E+00,8.970308035730646E+001,,,,
1.189629876625542E+011,-6.36E+00,5.008702207770513E+001,,,,
1.189829943314438E+011,-6.26E+00,8.977287702210710E+000,,,,
1.190030010003335E+011,-6.38E+00,-3.22E+01,,,,
1.190230076692231E+011,-6.59E+00,-7.20E+01,,,,
1.190430143381127E+011,-6.65E+00,-1.10E+02,,,,
1.190630210070023E+011,-6.45E+00,-1.49E+02,,,,
1.190830276758920E+011,-6.29E+00,1.702681772290031E+002,,,,
1.191030343447816E+011,-6.31E+00,1.291395709415728E+002,,,,
1.191230410136712E+011,-6.50E+00,8.959954162461364E+001,,,,
1.191430476825609E+011,-6.53E+00,5.143969803160931E+001,,,,
1.191630543514505E+011,-6.35E+00,1.269272899210673E+001,,,,
1.191830610203401E+011,-6.16E+00,-2.71E+01,,,,
1.192030676892297E+011,-6.13E+00,-6.75E+01,,,,
1.192230743581194E+011,-6.23E+00,-1.07E+02,,,,
1.192430810270090E+011,-6.19E+00,-1.45E+02,,,,
1.192630876958986E+011,-6.04E+00,1.755054668646976E+002,,,,
1.192830943647883E+011,-5.91E+00,1.352936431299374E+002,,,,
1.193031010336779E+011,-5.97E+00,9.473776575460659E+001,,,,
1.193231077025675E+011,-6.11E+00,5.547850615635890E+001,,,,
1.193431143714572E+011,-6.12E+00,1.661949035475742E+001,,,,
1.193631210403468E+011,-6.00E+00,-2.28E+01,,,,
1.193831277092364E+011,-5.91E+00,-6.34E+01,,,,
1.194031343781260E+011,-6.05E+00,-1.04E+02,,,,
1.194231410470157E+011,-6.22E+00,-1.44E+02,,,,
1.194431477159053E+011,-6.19E+00,1.774287905828431E+002,,,,
1.194631543847949E+011,-6.05E+00,1.372282903060116E+002,,,,
1.194831610536846E+011,-6.05E+00,9.562386769681558E+001,,,,
1.195031677225742E+011,-6.26E+00,5.502064871801139E+001,,,,
1.195231743914638E+011,-6.38E+00,1.577222620485364E+001,,,,
1.195431810603535E+011,-6.26E+00,-2.37E+01,,,,
1.195631877292431E+011,-6.09E+00,-6.48E+01,,,,
1.195831943981327E+011,-6.08E+00,-1.06E+02,,,,
1.196032010670223E+011,-6.24E+00,-1.47E+02,,,,
1.196232077359120E+011,-6.29E+00,1.732868721139459E+002,,,,
1.196432144048016E+011,-6.15E+00,1.334860529113780E+002,,,,
1.196632210736912E+011,-5.94E+00,9.228834571936471E+001,,,,
1.196832277425809E+011,-5.93E+00,5.001121916551492E+001,,,,
1.197032344114705E+011,-6.14E+00,8.857739809636781E+000,,,,
1.197232410803601E+011,-6.27E+00,-3.07E+01,,,,
1.197432477492498E+011,-6.18E+00,-7.00E+01,,,,
1.197632544181394E+011,-5.95E+00,-1.11E+02,,,,
1.197832610870290E+011,-5.86E+00,-1.52E+02,,,,
1.198032677559186E+011,-5.95E+00,1.664549934768493E+002,,,,
1.198232744248083E+011,-6.04E+00,1.261886653587615E+002,,,,
1.198432810936979E+011,-6.00E+00,8.642565124798384E+001,,,,
1.198632877625875E+011,-5.87E+00,4.589766719198873E+001,,,,
1.198832944314772E+011,-5.83E+00,4.903886402369542E+000,,,,
1.199033011003668E+011,-5.94E+00,-3.59E+01,,,,
1.199233077692564E+011,-6.05E+00,-7.56E+01,,,,
1.199433144381461E+011,-5.99E+00,-1.15E+02,,,,
1.199633211070357E+011,-5.86E+00,-1.54E+02,,,,
1.199833277759253E+011,-5.86E+00,1.647997548587243E+002,,,,
1.200033344448149E+011,-5.97E+00,1.247405951773360E+002,,,,
1.200233411137046E+011,-6.00E+00,8.590187147253921E+001,,,,
1.200433477825942E+011,-5.91E+00,4.655574877161185E+001,,,,
1.200633544514838E+011,-5.88E+00,6.320061906847680E+000,,,,
1.200833611203735E+011,-6.02E+00,-3.39E+01,,,,
1.201033677892631E+011,-6.19E+00,-7.24E+01,,,,
1.201233744581527E+011,-6.19E+00,-1.10E+02,,,,
1.201433811270423E+011,-6.05E+00,-1.49E+02,,,,
1.201633877959320E+011,-5.95E+00,1.711357227635843E+002,,,,
1.201833944648216E+011,-6.01E+00,1.312280828968998E+002,,,,
1.202034011337112E+011,-6.13E+00,9.216600158249072E+001,,,,
1.202234078026009E+011,-6.13E+00,5.375390059979637E+001,,,,
1.202434144714905E+011,-6.01E+00,1.464654072914079E+001,,,,
1.202634211403801E+011,-5.95E+00,-2.56E+01,,,,
1.202834278092698E+011,-6.04E+00,-6.58E+01,,,,
1.203034344781594E+011,-6.09E+00,-1.05E+02,,,,
1.203234411470490E+011,-5.99E+00,-1.44E+02,,,,
1.203434478159386E+011,-5.85E+00,1.753001257965114E+002,,,,
1.203634544848283E+011,-5.82E+00,1.340370452583267E+002,,,,
1.203834611537179E+011,-5.91E+00,9.302662595148097E+001,,,,
1.204034678226075E+011,-5.98E+00,5.286784846209221E+001,,,,
1.204234744914972E+011,-5.90E+00,1.266187526691113E+001,,,,
1.204434811603868E+011,-5.80E+00,-2.86E+01,,,,
1.204634878292764E+011,-5.82E+00,-7.03E+01,,,,
1.204834944981661E+011,-5.94E+00,-1.11E+02,,,,
1.205035011670557E+011,-5.98E+00,-1.52E+02,,,,
1.205235078359453E+011,-5.89E+00,1.675234407871610E+002,,,,
1.205435145048350E+011,-5.84E+00,1.257736814912980E+002,,,,
1.205635211737246E+011,-5.97E+00,8.426727568309346E+001,,,,
1.205835278426142E+011,-6.15E+00,4.350223034744717E+001,,,,
1.206035345115038E+011,-6.23E+00,4.121841292729307E+000,,,,
1.206235411803935E+011,-6.11E+00,-3.57E+01,,,,
1.206435478492831E+011,-5.98E+00,-7.68E+01,,,,
1.206635545181727E+011,-6.04E+00,-1.18E+02,,,,
1.206835611870624E+011,-6.19E+00,-1.58E+02,,,,
1.207035678559520E+011,-6.17E+00,1.631110338790853E+002,,,,
1.207235745248416E+011,-5.99E+00,1.233930810254771E+002,,,,
1.207435811937313E+011,-5.84E+00,8.286404605564786E+001,,,,
1.207635878626209E+011,-5.87E+00,4.214761990631960E+001,,,,
1.207835945315105E+011,-5.95E+00,2.636514986508163E+000,,,,
1.208036012004001E+011,-5.88E+00,-3.62E+01,,,,
1.208236078692898E+011,-5.71E+00,-7.56E+01,,,,
1.208436145381794E+011,-5.64E+00,-1.16E+02,,,,
1.208636212070690E+011,-5.75E+00,-1.56E+02,,,,
1.208836278759587E+011,-5.83E+00,1.658898337022450E+002,,,,
1.209036345448483E+011,-5.77E+00,1.277794398970576E+002,,,,
1.209236412137379E+011,-5.60E+00,8.893979862776089E+001,,,,
1.209436478826276E+011,-5.54E+00,4.891225961387094E+001,,,,
1.209636545515172E+011,-5.62E+00,9.384009970416196E+000,,,,
1.209836612204068E+011,-5.71E+00,-2.93E+01,,,,
1.210036678892964E+011,-5.68E+00,-6.78E+01,,,,
1.210236745581861E+011,-5.57E+00,-1.07E+02,,,,
1.210436812270757E+011,-5.55E+00,-1.47E+02,,,,
1.210636878959653E+011,-5.61E+00,1.735869269513194E+002,,,,
1.210836945648550E+011,-5.61E+00,1.343711382955228E+002,,,,
1.211037012337446E+011,-5.51E+00,9.446571833252457E+001,,,,
1.211237079026342E+011,-5.43E+00,5.346964390540141E+001,,,,
1.211437145715238E+011,-5.55E+00,1.238787193397662E+001,,,,
1.211637212404135E+011,-5.69E+00,-2.76E+01,,,,
1.211837279093031E+011,-5.67E+00,-6.69E+01,,,,
1.212037345781927E+011,-5.44E+00,-1.07E+02,,,,
1.212237412470824E+011,-5.32E+00,-1.49E+02,,,,
1.212437479159720E+011,-5.41E+00,1.687875916724026E+002,,,,
1.212637545848616E+011,-5.55E+00,1.279090560401449E+002,,,,
1.212837612537513E+011,-5.58E+00,8.748301871074614E+001,,,,
1.213037679226409E+011,-5.49E+00,4.649432008577469E+001,,,,
1.213237745915305E+011,-5.50E+00,4.707635417370310E+000,,,,
1.213437812604201E+011,-5.64E+00,-3.67E+01,,,,
1.213637879293098E+011,-5.81E+00,-7.73E+01,,,,
1.213837945981994E+011,-5.84E+00,-1.17E+02,,,,
1.214038012670890E+011,-5.75E+00,-1.58E+02,,,,
1.214238079359787E+011,-5.74E+00,1.609807225102488E+002,,,,
1.214438146048683E+011,-5.88E+00,1.199827259550807E+002,,,,
1.214638212737579E+011,-6.06E+00,8.010989170951206E+001,,,,
1.214838279426476E+011,-6.04E+00,4.127454247313104E+001,,,,
1.215038346115372E+011,-5.91E+00,1.343352382006998E+000,,,,
1.215238412804268E+011,-5.82E+00,-3.90E+01,,,,
1.215438479493164E+011,-5.87E+00,-7.94E+01,,,,
1.215638546182061E+011,-5.94E+00,-1.19E+02,,,,
1.215838612870957E+011,-5.87E+00,-1.58E+02,,,,
1.216038679559853E+011,-5.72E+00,1.627973154977121E+002,,,,
1.216238746248750E+011,-5.63E+00,1.226928617924118E+002,,,,
1.216438812937646E+011,-5.66E+00,8.271778659888140E+001,,,,
1.216638879626542E+011,-5.72E+00,4.379081099681741E+001,,,,
1.216838946315439E+011,-5.63E+00,4.892919736262957E+000,,,,
1.217039013004335E+011,-5.52E+00,-3.48E+01,,,,
1.217239079693231E+011,-5.53E+00,-7.47E+01,,,,
1.217439146382127E+011,-5.66E+00,-1.14E+02,,,,
1.217639213071024E+011,-5.61E+00,-1.52E+02,,,,
1.217839279759920E+011,-5.47E+00,1.686842486488355E+002,,,,
1.218039346448816E+011,-5.37E+00,1.284128618045406E+002,,,,
1.218239413137713E+011,-5.44E+00,8.779177713922792E+001,,,,
1.218439479826609E+011,-5.62E+00,4.860592707372406E+001,,,,
1.218639546515505E+011,-5.64E+00,9.922404696213503E+000,,,,
1.218839613204402E+011,-5.52E+00,-2.94E+01,,,,
1.219039679893298E+011,-5.42E+00,-7.00E+01,,,,
1.219239746582194E+011,-5.55E+00,-1.11E+02,,,,
1.219439813271090E+011,-5.66E+00,-1.50E+02,,,,
1.219639879959987E+011,-5.60E+00,1.707643623725009E+002,,,,
1.219839946648883E+011,-5.44E+00,1.308192838220582E+002,,,,
1.220040013337779E+011,-5.33E+00,8.965065164661304E+001,,,,
1.220240080026676E+011,-5.41E+00,4.851744299114475E+001,,,,
1.220440146715572E+011,-5.47E+00,8.381241101253636E+000,,,,
1.220640213404468E+011,-5.44E+00,-3.16E+01,,,,
1.220840280093364E+011,-5.34E+00,-7.22E+01,,,,
1.221040346782261E+011,-5.30E+00,-1.14E+02,,,,
1.221240413471157E+011,-5.37E+00,-1.54E+02,,,,
1.221440480160053E+011,-5.41E+00,1.651039863107997E+002,,,,
1.221640546848950E+011,-5.36E+00,1.248119807120599E+002,,,,
1.221840613537846E+011,-5.23E+00,8.376556157164731E+001,,,,
1.222040680226742E+011,-5.21E+00,4.203359679174554E+001,,,,
1.222240746915639E+011,-5.31E+00,8.220396424317928E-001,,,,
1.222440813604535E+011,-5.41E+00,-3.98E+01,,,,
1.222640880293431E+011,-5.43E+00,-7.98E+01,,,,
1.222840946982327E+011,-5.38E+00,-1.20E+02,,,,
1.223041013671224E+011,-5.43E+00,-1.61E+02,,,,
1.223241080360120E+011,-5.43E+00,1.584953528515424E+002,,,,
1.223441147049016E+011,-5.45E+00,1.181570415324537E+002,,,,
1.223641213737913E+011,-5.42E+00,7.787326800156295E+001,,,,
1.223841280426809E+011,-5.41E+00,3.731124508824914E+001,,,,
1.224041347115705E+011,-5.47E+00,-2.91E+00,,,,
1.224241413804602E+011,-5.54E+00,-4.28E+01,,,,
1.224441480493498E+011,-5.57E+00,-8.21E+01,,,,
1.224641547182394E+011,-5.51E+00,-1.21E+02,,,,
1.224841613871290E+011,-5.44E+00,-1.61E+02,,,,
1.225041680560187E+011,-5.38E+00,1.592666824887567E+002,,,,
1.225241747249083E+011,-5.38E+00,1.195699584603622E+002,,,,
1.225441813937979E+011,-5.38E+00,8.029476150345047E+001,,,,
1.225641880626876E+011,-5.30E+00,4.095365542460242E+001,,,,
1.225841947315772E+011,-5.22E+00,1.227188579777822E+000,,,,
1.226042014004668E+011,-5.23E+00,-3.89E+01,,,,
1.226242080693565E+011,-5.33E+00,-7.84E+01,,,,
1.226442147382461E+011,-5.38E+00,-1.17E+02,,,,
1.226642214071357E+011,-5.29E+00,-1.56E+02,,,,
1.226842280760253E+011,-5.21E+00,1.636549326809399E+002,,,,
1.227042347449150E+011,-5.25E+00,1.229302755961965E+002,,,,
1.227242414138046E+011,-5.40E+00,8.308820984436818E+001,,,,
1.227442480826942E+011,-5.47E+00,4.388139060982654E+001,,,,
1.227642547515839E+011,-5.41E+00,4.868946800221923E+000,,,,
1.227842614204735E+011,-5.28E+00,-3.50E+01,,,,
1.228042680893631E+011,-5.24E+00,-7.60E+01,,,,
1.228242747582528E+011,-5.27E+00,-1.17E+02,,,,
1.228442814271424E+011,-5.28E+00,-1.57E+02,,,,
1.228642880960320E+011,-5.25E+00,1.625376038562216E+002,,,,
1.228842947649217E+011,-5.27E+00,1.212671241361899E+002,,,,
1.229043014338113E+011,-5.38E+00,8.041797288334358E+001,,,,
1.229243081027009E+011,-5.49E+00,4.023327913261674E+001,,,,
1.229443147715905E+011,-5.50E+00,3.874410826242412E-001,,,,
1.229643214404802E+011,-5.41E+00,-4.01E+01,,,,
1.229843281093698E+011,-5.35E+00,-8.12E+01,,,,
1.230043347782594E+011,-5.38E+00,-1.22E+02,,,,
1.230243414471491E+011,-5.43E+00,-1.63E+02,,,,
1.230443481160387E+011,-5.43E+00,1.563647491935623E+002,,,,
1.230643547849283E+011,-5.40E+00,1.153740164477092E+002,,,,
1.230843614538179E+011,-5.45E+00,7.433366919588761E+001,,,,
1.231043681227076E+011,-5.59E+00,3.387855141026478E+001,,,,
1.231243747915972E+011,-5.65E+00,-5.57E+00,,,,
1.231443814604868E+011,-5.56E+00,-4.51E+01,,,,
1.231643881293765E+011,-5.43E+00,-8.52E+01,,,,
1.231843947982661E+011,-5.36E+00,-1.26E+02,,,,
1.232044014671557E+011,-5.37E+00,-1.66E+02,,,,
1.232244081360454E+011,-5.35E+00,1.546006337546403E+002,,,,
1.232444148049350E+011,-5.27E+00,1.148634735751016E+002,,,,
1.232644214738246E+011,-5.20E+00,7.496322873687211E+001,,,,
1.232844281427142E+011,-5.18E+00,3.485789316906396E+001,,,,
1.233044348116039E+011,-5.22E+00,-4.87E+00,,,,
1.233244414804935E+011,-5.23E+00,-4.43E+01,,,,
1.233444481493831E+011,-5.21E+00,-8.39E+01,,,,
1.233644548182728E+011,-5.24E+00,-1.24E+02,,,,
1.233844614871624E+011,-5.35E+00,-1.63E+02,,,,
1.234044681560520E+011,-5.42E+00,1.576516443287250E+002,,,,
1.234244748249417E+011,-5.39E+00,1.185859146980347E+002,,,,
1.234444814938313E+011,-5.32E+00,7.889809633174696E+001,,,,
1.234644881627209E+011,-5.33E+00,3.862599286291109E+001,,,,
1.234844948316105E+011,-5.47E+00,-1.20E+00,,,,
1.235045015005002E+011,-5.53E+00,-4.03E+01,,,,
1.235245081693898E+011,-5.50E+00,-7.97E+01,,,,
1.235445148382794E+011,-5.40E+00,-1.20E+02,,,,
1.235645215071691E+011,-5.37E+00,-1.60E+02,,,,
1.235845281760587E+011,-5.44E+00,1.595955082954369E+002,,,,
1.236045348449483E+011,-5.45E+00,1.199656671920264E+002,,,,
1.236245415138380E+011,-5.39E+00,8.005166536099313E+001,,,,
1.236445481827276E+011,-5.29E+00,3.930811922263202E+001,,,,
1.236645548516172E+011,-5.28E+00,-1.95E+00,,,,
1.236845615205068E+011,-5.36E+00,-4.26E+01,,,,
1.237045681893965E+011,-5.37E+00,-8.30E+01,,,,
1.237245748582861E+011,-5.35E+00,-1.23E+02,,,,
1.237445815271757E+011,-5.28E+00,-1.64E+02,,,,
1.237645881960654E+011,-5.27E+00,1.542464457897043E+002,,,,
1.237845948649550E+011,-5.37E+00,1.132922837927233E+002,,,,
1.238046015338446E+011,-5.45E+00,7.322931419318790E+001,,,,
1.238246082027343E+011,-5.41E+00,3.301967459792198E+001,,,,
1.238446148716239E+011,-5.37E+00,-7.77E+00,,,,
1.238646215405135E+011,-5.48E+00,-4.82E+01,,,,
1.238846282094031E+011,-5.53E+00,-8.76E+01,,,,
1.239046348782928E+011,-5.45E+00,-1.27E+02,,,,
1.239246415471824E+011,-5.32E+00,-1.67E+02,,,,
1.239446482160720E+011,-5.27E+00,1.516169250743064E+002,,,,
1.239646548849617E+011,-5.33E+00,1.110835361686941E+002,,,,
1.239846615538513E+011,-5.45E+00,7.126645730119704E+001,,,,
1.240046682227409E+011,-5.48E+00,3.211256578711519E+001,,,,
1.240246748916305E+011,-5.36E+00,-6.96E+00,,,,
1.240446815605202E+011,-5.25E+00,-4.72E+01,,,,
1.240646882294098E+011,-5.21E+00,-8.76E+01,,,,
1.240846948982994E+011,-5.24E+00,-1.28E+02,,,,
1.241047015671891E+011,-5.29E+00,-1.67E+02,,,,
1.241247082360787E+011,-5.27E+00,1.529374489201766E+002,,,,
1.241447149049683E+011,-5.20E+00,1.129079929644036E+002,,,,
1.241647215738580E+011,-5.28E+00,7.235774026687464E+001,,,,
1.241847282427476E+011,-5.41E+00,3.308883171820688E+001,,,,
1.242047349116372E+011,-5.40E+00,-5.66E+00,,,,
1.242247415805268E+011,-5.21E+00,-4.49E+01,,,,
1.242447482494165E+011,-5.05E+00,-8.57E+01,,,,
1.242647549183061E+011,-5.08E+00,-1.27E+02,,,,
1.242847615871957E+011,-5.15E+00,-1.67E+02,,,,
1.243047682560854E+011,-5.17E+00,1.531070718142877E+002,,,,
1.243247749249750E+011,-5.14E+00,1.129751801821280E+002,,,,
1.243447815938646E+011,-5.20E+00,7.240679302939486E+001,,,,
1.243647882627543E+011,-5.31E+00,3.230011510324714E+001,,,,
1.243847949316439E+011,-5.37E+00,-7.21E+00,,,,
1.244048016005335E+011,-5.31E+00,-4.66E+01,,,,
1.244248082694231E+011,-5.21E+00,-8.68E+01,,,,
1.244448149383128E+011,-5.20E+00,-1.28E+02,,,,
1.244648216072024E+011,-5.27E+00,-1.68E+02,,,,
1.244848282760920E+011,-5.35E+00,1.519879433847229E+002,,,,
1.245048349449817E+011,-5.32E+00,1.125695378428080E+002,,,,
1.245248416138713E+011,-5.21E+00,7.222515953966040E+001,,,,
1.245448482827609E+011,-5.17E+00,3.132042762489398E+001,,,,
1.245648549516505E+011,-5.23E+00,-9.40E+00,,,,
1.245848616205402E+011,-5.36E+00,-4.93E+01,,,,
1.246048682894298E+011,-5.26E+00,-8.86E+01,,,,
1.246248749583194E+011,-5.14E+00,-1.29E+02,,,,
1.246448816272091E+011,-5.14E+00,-1.70E+02,,,,
1.246648882960987E+011,-5.32E+00,1.488863661379753E+002,,,,
1.246848949649883E+011,-5.43E+00,1.099051434464499E+002,,,,
1.247049016338780E+011,-5.32E+00,7.042341434264847E+001,,,,
1.247249083027676E+011,-5.25E+00,2.972705650314078E+001,,,,
1.247449149716572E+011,-5.32E+00,-1.11E+01,,,,
1.247649216405468E+011,-5.51E+00,-5.10E+01,,,,
1.247849283094365E+011,-5.50E+00,-8.96E+01,,,,
1.248049349783261E+011,-5.36E+00,-1.29E+02,,,,
1.248249416472157E+011,-5.24E+00,-1.70E+02,,,,
1.248449483161054E+011,-5.27E+00,1.487638823492236E+002,,,,
1.248649549849950E+011,-5.39E+00,1.089992522488896E+002,,,,
1.248849616538846E+011,-5.34E+00,6.896891921634686E+001,,,,
1.249049683227743E+011,-5.34E+00,2.829576248568503E+001,,,,
1.249249749916639E+011,-5.41E+00,-1.21E+01,,,,
1.249449816605535E+011,-5.55E+00,-5.21E+01,,,,
1.249649883294432E+011,-5.60E+00,-9.13E+01,,,,
1.249849949983328E+011,-5.54E+00,-1.31E+02,,,,
1.250050016672224E+011,-5.49E+00,-1.71E+02,,,,
1.250250083361120E+011,-5.51E+00,1.486035572401220E+002,,,,
1.250450150050017E+011,-5.63E+00,1.094798201585982E+002,,,,
1.250650216738913E+011,-5.49E+00,7.010994946144577E+001,,,,
1.250850283427809E+011,-5.40E+00,2.987307395449111E+001,,,,
1.251050350116706E+011,-5.35E+00,-1.03E+01,,,,
1.251250416805602E+011,-5.35E+00,-5.08E+01,,,,
1.251450483494498E+011,-5.36E+00,-9.02E+01,,,,
1.251650550183395E+011,-5.27E+00,-1.30E+02,,,,
1.251850616872291E+011,-5.20E+00,-1.71E+02,,,,
1.252050683561187E+011,-5.22E+00,1.486807073698628E+002,,,,
1.252250750250083E+011,-5.37E+00,1.086341058248041E+002,,,,
1.252450816938980E+011,-5.38E+00,6.954145341722273E+001,,,,
1.252650883627876E+011,-5.28E+00,3.006577797649555E+001,,,,
1.252850950316772E+011,-5.13E+00,-1.01E+01,,,,
1.253051017005669E+011,-5.10E+00,-5.11E+01,,,,
1.253251083694565E+011,-5.22E+00,-9.14E+01,,,,
1.253451150383461E+011,-5.29E+00,-1.31E+02,,,,
1.253651217072358E+011,-5.23E+00,-1.70E+02,,,,
1.253851283761254E+011,-5.07E+00,1.500582826587607E+002,,,,
1.254051350450150E+011,-4.99E+00,1.091205709514026E+002,,,,
1.254251417139046E+011,-5.02E+00,6.887831769341720E+001,,,,
1.254451483827943E+011,-5.04E+00,2.853064974054788E+001,,,,
1.254651550516839E+011,-5.02E+00,-1.14E+01,,,,
1.254851617205735E+011,-4.97E+00,-5.17E+01,,,,
1.255051683894632E+011,-4.98E+00,-9.21E+01,,,,
1.255251750583528E+011,-4.99E+00,-1.33E+02,,,,
1.255451817272424E+011,-5.00E+00,-1.73E+02,,,,
1.255651883961321E+011,-4.97E+00,1.474491368448289E+002,,,,
1.255851950650217E+011,-4.92E+00,1.069186412074136E+002,,,,
1.256052017339113E+011,-4.92E+00,6.605362808333162E+001,,,,
1.256252084028009E+011,-4.98E+00,2.550142558430112E+001,,,,
1.256452150716906E+011,-5.03E+00,-1.45E+01,,,,
1.256652217405802E+011,-5.03E+00,-5.47E+01,,,,
1.256852284094698E+011,-5.01E+00,-9.51E+01,,,,
1.257052350783595E+011,-4.98E+00,-1.35E+02,,,,
1.257252417472491E+011,-4.96E+00,-1.76E+02,,,,
1.257452484161387E+011,-4.93E+00,1.437721408847495E+002,,,,
1.257652550850284E+011,-4.90E+00,1.032034285498569E+002,,,,
1.257852617539180E+011,-4.90E+00,6.259415104281512E+001,,,,
1.258052684228076E+011,-4.94E+00,2.205517269634965E+001,,,,
1.258252750916972E+011,-4.97E+00,-1.82E+01,,,,
1.258452817605869E+011,-4.97E+00,-5.83E+01,,,,
1.258652884294765E+011,-4.92E+00,-9.86E+01,,,,
1.258852950983661E+011,-4.92E+00,-1.39E+02,,,,
1.259053017672558E+011,-4.96E+00,-1.80E+02,,,,
1.259253084361454E+011,-5.01E+00,1.407523380598494E+002,,,,
1.259453151050350E+011,-5.01E+00,1.010323754846712E+002,,,,
1.259653217739246E+011,-4.95E+00,6.079425569533346E+001,,,,
1.259853284428143E+011,-4.94E+00,2.025959778774158E+001,,,,
1.260053351117039E+011,-5.01E+00,-2.02E+01,,,,
1.260253417805935E+011,-5.08E+00,-6.00E+01,,,,
1.260453484494832E+011,-5.04E+00,-9.94E+01,,,,
1.260653551183728E+011,-4.96E+00,-1.40E+02,,,,
1.260853617872624E+011,-4.92E+00,-1.80E+02,,,,
1.261053684561521E+011,-5.00E+00,1.394200384724098E+002,,,,
1.261253751250417E+011,-5.08E+00,9.952470161685636E+001,,,,
1.261453817939313E+011,-5.09E+00,5.967982610621088E+001,,,,
1.261653884628209E+011,-5.10E+00,1.959651091585335E+001,,,,
1.261853951317106E+011,-5.17E+00,-2.09E+01,,,,
1.262054018006002E+011,-5.33E+00,-6.08E+01,,,,
1.262254084694898E+011,-5.44E+00,-9.96E+01,,,,
1.262454151383795E+011,-5.42E+00,-1.39E+02,,,,
1.262654218072691E+011,-5.37E+00,-1.78E+02,,,,
1.262854284761587E+011,-5.30E+00,1.418224391363308E+002,,,,
1.263054351450484E+011,-5.27E+00,1.019087744943692E+002,,,,
1.263254418139380E+011,-5.24E+00,6.169125619674072E+001,,,,
1.263454484828276E+011,-5.21E+00,2.165638024270674E+001,,,,
1.263654551517172E+011,-5.20E+00,-1.87E+01,,,,
1.263854618206069E+011,-5.23E+00,-5.90E+01,,,,
1.264054684894965E+011,-5.26E+00,-9.93E+01,,,,
1.264254751583861E+011,-5.24E+00,-1.39E+02,,,,
1.264454818272758E+011,-5.19E+00,-1.80E+02,,,,
1.264654884961654E+011,-5.19E+00,1.395273666312190E+002,,,,
1.264854951650550E+011,-5.31E+00,9.869802424010074E+001,,,,
1.265055018339446E+011,-5.43E+00,5.908719599322235E+001,,,,
1.265255085028343E+011,-5.41E+00,1.945106112715003E+001,,,,
1.265455151717239E+011,-5.32E+00,-2.04E+01,,,,
1.265655218406135E+011,-5.22E+00,-6.09E+01,,,,
1.265855285095032E+011,-5.19E+00,-1.02E+02,,,,
1.266055351783928E+011,-5.21E+00,-1.42E+02,,,,
1.266255418472824E+011,-5.23E+00,1.773145311255452E+002,,,,
1.266455485161721E+011,-5.21E+00,1.370538807069133E+002,,,,
1.266655551850617E+011,-5.19E+00,9.688128073525064E+001,,,,
1.266855618539513E+011,-5.17E+00,5.651790832911581E+001,,,,
1.267055685228409E+011,-5.18E+00,1.616249317827624E+001,,,,
1.267255751917306E+011,-5.18E+00,-2.40E+01,,,,
1.267455818606202E+011,-5.17E+00,-6.41E+01,,,,
1.267655885295098E+011,-5.19E+00,-1.04E+02,,,,
1.267855951983995E+011,-5.22E+00,-1.44E+02,,,,
1.268056018672891E+011,-5.24E+00,1.758812322282367E+002,,,,
1.268256085361787E+011,-5.20E+00,1.363789902002476E+002,,,,
1.268456152050684E+011,-5.10E+00,9.646099598741117E+001,,,,
1.268656218739580E+011,-5.05E+00,5.616277408673750E+001,,,,
1.268856285428476E+011,-5.04E+00,1.599046292792769E+001,,,,
1.269056352117372E+011,-5.01E+00,-2.40E+01,,,,
1.269256418806269E+011,-4.96E+00,-6.44E+01,,,,
1.269456485495165E+011,-4.96E+00,-1.05E+02,,,,
1.269656552184061E+011,-5.01E+00,-1.46E+02,,,,
1.269856618872958E+011,-5.14E+00,1.743006647407817E+002,,,,
1.270056685561854E+011,-5.21E+00,1.350159530836337E+002,,,,
1.270256752250750E+011,-5.16E+00,9.575430101078729E+001,,,,
1.270456818939647E+011,-5.08E+00,5.564212741861071E+001,,,,
1.270656885628543E+011,-5.04E+00,1.555885107782293E+001,,,,
1.270856952317439E+011,-5.05E+00,-2.45E+01,,,,
1.271057019006335E+011,-5.02E+00,-6.41E+01,,,,
1.271257085695232E+011,-4.95E+00,-1.04E+02,,,,
1.271457152384128E+011,-4.87E+00,-1.44E+02,,,,
1.271657219073024E+011,-4.90E+00,1.750358166988180E+002,,,,
1.271857285761921E+011,-4.97E+00,1.349174898083934E+002,,,,
1.272057352450817E+011,-5.00E+00,9.387876752664037E+001,,,,
1.272257419139713E+011,-4.99E+00,5.390038531277852E+001,,,,
1.272457485828610E+011,-5.03E+00,1.355954446448125E+001,,,,
1.272657552517506E+011,-5.14E+00,-2.62E+01,,,,
1.272857619206402E+011,-5.20E+00,-6.59E+01,,,,
1.273057685895299E+011,-5.20E+00,-1.06E+02,,,,
1.273257752584195E+011,-5.17E+00,-1.45E+02,,,,
1.273457819273091E+011,-5.16E+00,1.745715649704878E+002,,,,
1.273657885961987E+011,-5.20E+00,1.344471379761546E+002,,,,
1.273857952650884E+011,-5.23E+00,9.450156655934255E+001,,,,
1.274058019339780E+011,-5.20E+00,5.487086270783997E+001,,,,
1.274258086028676E+011,-5.10E+00,1.447835972952647E+001,,,,
1.274458152717573E+011,-5.07E+00,-2.66E+01,,,,
1.274658219406469E+011,-5.11E+00,-6.73E+01,,,,
1.274858286095365E+011,-5.19E+00,-1.08E+02,,,,
1.275058352784262E+011,-5.16E+00,-1.48E+02,,,,
1.275258419473158E+011,-5.07E+00,1.715194653807436E+002,,,,
1.275458486162054E+011,-5.04E+00,1.305153217677076E+002,,,,
1.275658552850950E+011,-5.08E+00,8.975065657883563E+001,,,,
1.275858619539847E+011,-5.17E+00,4.912249544252760E+001,,,,
1.276058686228743E+011,-5.13E+00,9.239604679593615E+000,,,,
1.276258752917639E+011,-5.07E+00,-3.13E+01,,,,
1.276458819606536E+011,-5.08E+00,-7.23E+01,,,,
1.276658886295432E+011,-5.13E+00,-1.13E+02,,,,
1.276858952984328E+011,-5.17E+00,-1.52E+02,,,,
1.277059019673225E+011,-5.10E+00,1.675896273757052E+002,,,,
1.277259086362121E+011,-5.04E+00,1.271508309779101E+002,,,,
1.277459153051017E+011,-5.02E+00,8.691341111519186E+001,,,,
1.277659219739913E+011,-5.06E+00,4.693424922433352E+001,,,,
1.277859286428810E+011,-5.02E+00,7.464573875992233E+000,,,,
1.278059353117706E+011,-4.99E+00,-3.25E+01,,,,
1.278259419806602E+011,-4.98E+00,-7.26E+01,,,,
1.278459486495499E+011,-5.00E+00,-1.12E+02,,,,
1.278659553184395E+011,-5.04E+00,-1.52E+02,,,,
1.278859619873291E+011,-4.98E+00,1.692421456149401E+002,,,,
1.279059686562188E+011,-4.94E+00,1.296373596733109E+002,,,,
1.279259753251084E+011,-4.94E+00,8.980971921572251E+001,,,,
1.279459819939980E+011,-5.01E+00,5.054886687331917E+001,,,,
1.279659886628876E+011,-5.07E+00,1.178143897937616E+001,,,,
1.279859953317773E+011,-5.02E+00,-2.73E+01,,,,
1.280060020006669E+011,-4.99E+00,-6.70E+01,,,,
1.280260086695565E+011,-5.04E+00,-1.07E+02,,,,
1.280460153384462E+011,-5.19E+00,-1.45E+02,,,,
1.280660220073358E+011,-5.06E+00,1.756897912568435E+002,,,,
1.280860286762254E+011,-4.92E+00,1.356680901607938E+002,,,,
1.281060353451150E+011,-4.84E+00,9.467556641721238E+001,,,,
1.281260420140047E+011,-4.91E+00,5.364466353497391E+001,,,,
1.281460486828943E+011,-5.00E+00,1.366238911800358E+001,,,,
1.281660553517839E+011,-4.99E+00,-2.66E+01,,,,
1.281860620206736E+011,-5.00E+00,-6.75E+01,,,,
1.282060686895632E+011,-5.06E+00,-1.08E+02,,,,
1.282260753584528E+011,-5.16E+00,-1.49E+02,,,,
1.282460820273425E+011,-5.17E+00,1.708501545539260E+002,,,,
1.282660886962321E+011,-5.13E+00,1.304524023372472E+002,,,,
1.282860953651217E+011,-5.11E+00,8.921871643546685E+001,,,,
1.283061020340113E+011,-5.15E+00,4.812903743801304E+001,,,,
1.283261087029010E+011,-5.19E+00,7.854477403244136E+000,,,,
1.283461153717906E+011,-5.15E+00,-3.25E+01,,,,
1.283661220406802E+011,-5.10E+00,-7.30E+01,,,,
1.283861287095699E+011,-5.07E+00,-1.14E+02,,,,
1.284061353784595E+011,-5.14E+00,-1.55E+02,,,,
1.284261420473491E+011,-5.24E+00,1.647898368658063E+002,,,,
1.284461487162387E+011,-5.27E+00,1.252029469148965E+002,,,,
1.284661553851284E+011,-5.22E+00,8.582577671667654E+001,,,,
1.284861620540180E+011,-5.15E+00,4.603153802885409E+001,,,,
1.285061687229076E+011,-5.13E+00,6.025779707471251E+000,,,,
1.285261753917973E+011,-5.11E+00,-3.36E+01,,,,
1.285461820606869E+011,-5.08E+00,-7.29E+01,,,,
1.285661887295765E+011,-5.02E+00,-1.12E+02,,,,
1.285861953984662E+011,-4.95E+00,-1.52E+02,,,,
1.286062020673558E+011,-4.93E+00,1.682122765551426E+002,,,,
1.286262087362454E+011,-4.93E+00,1.285475089281276E+002,,,,
1.286462154051350E+011,-4.92E+00,8.915858213452502E+001,,,,
1.286662220740247E+011,-4.89E+00,4.959257880732076E+001,,,,
1.286862287429143E+011,-4.89E+00,1.042037362109441E+001,,,,
1.287062354118039E+011,-4.91E+00,-2.92E+01,,,,
1.287262420806936E+011,-4.92E+00,-6.85E+01,,,,
1.287462487495832E+011,-4.93E+00,-1.08E+02,,,,
1.287662554184728E+011,-4.92E+00,-1.47E+02,,,,
1.287862620873625E+011,-4.95E+00,1.727235239571281E+002,,,,
1.288062687562521E+011,-5.00E+00,1.333202065423313E+002,,,,
1.288262754251417E+011,-5.02E+00,9.367848529473022E+001,,,,
1.288462820940313E+011,-4.98E+00,5.411988242804623E+001,,,,
1.288662887629210E+011,-4.91E+00,1.434018216835037E+001,,,,
1.288862954318106E+011,-4.87E+00,-2.59E+01,,,,
1.289063021007002E+011,-4.87E+00,-6.64E+01,,,,
1.289263087695899E+011,-4.88E+00,-1.07E+02,,,,
1.289463154384795E+011,-4.86E+00,-1.47E+02,,,,
1.289663221073691E+011,-4.85E+00,1.725885846581800E+002,,,,
1.289863287762588E+011,-4.90E+00,1.318965063793376E+002,,,,
1.290063354451484E+011,-4.96E+00,9.139331781772023E+001,,,,
1.290263421140380E+011,-4.97E+00,5.122573837350798E+001,,,,
1.290463487829276E+011,-4.96E+00,1.075872346687988E+001,,,,
1.290663554518173E+011,-5.01E+00,-3.01E+01,,,,
1.290863621207069E+011,-5.12E+00,-7.01E+01,,,,
1.291063687895965E+011,-5.17E+00,-1.10E+02,,,,
1.291263754584862E+011,-5.13E+00,-1.49E+02,,,,
1.291463821273758E+011,-5.09E+00,1.704761092769715E+002,,,,
1.291663887962654E+011,-5.07E+00,1.304715764374936E+002,,,,
1.291863954651551E+011,-5.09E+00,9.057177314465889E+001,,,,
1.292064021340447E+011,-5.10E+00,5.066868538479817E+001,,,,
1.292264088029343E+011,-5.07E+00,1.102886979006505E+001,,,,
1.292464154718239E+011,-5.02E+00,-2.90E+01,,,,
1.292664221407136E+011,-5.05E+00,-6.93E+01,,,,
1.292864288096032E+011,-5.15E+00,-1.09E+02,,,,
1.293064354784928E+011,-5.22E+00,-1.49E+02,,,,
1.293264421473825E+011,-5.17E+00,1.719683981957764E+002,,,,
1.293464488162721E+011,-5.14E+00,1.319862981575376E+002,,,,
1.293664554851617E+011,-5.15E+00,9.202789728417146E+001,,,,
1.293864621540514E+011,-5.20E+00,5.210808770662134E+001,,,,
1.294064688229410E+011,-5.22E+00,1.276234191400041E+001,,,,
1.294264754918306E+011,-5.14E+00,-2.68E+01,,,,
1.294464821607203E+011,-5.06E+00,-6.73E+01,,,,
1.294664888296099E+011,-4.99E+00,-1.08E+02,,,,
1.294864954984995E+011,-4.95E+00,-1.48E+02,,,,
1.295065021673891E+011,-4.88E+00,1.713675355072201E+002,,,,
1.295265088362788E+011,-4.88E+00,1.304351717020825E+002,,,,
1.295465155051684E+011,-4.92E+00,8.999728232055860E+001,,,,
1.295665221740580E+011,-5.01E+00,4.980443570467397E+001,,,,
1.295865288429477E+011,-5.07E+00,9.993205822185965E+000,,,,
1.296065355118373E+011,-5.10E+00,-2.97E+01,,,,
1.296265421807269E+011,-5.08E+00,-6.97E+01,,,,
1.296465488496166E+011,-5.08E+00,-1.10E+02,,,,
1.296665555185062E+011,-5.15E+00,-1.49E+02,,,,
1.296865621873958E+011,-5.15E+00,1.715781075062208E+002,,,,
1.297065688562854E+011,-5.17E+00,1.323514382437607E+002,,,,
1.297265755251751E+011,-5.12E+00,9.336333975772405E+001,,,,
1.297465821940647E+011,-5.05E+00,5.411960748639579E+001,,,,
1.297665888629543E+011,-5.02E+00,1.463244875517608E+001,,,,
1.297865955318440E+011,-5.03E+00,-2.49E+01,,,,
1.298066022007336E+011,-5.06E+00,-6.41E+01,,,,
1.298266088696232E+011,-5.04E+00,-1.04E+02,,,,
1.298466155385129E+011,-5.02E+00,-1.44E+02,,,,
1.298666222074025E+011,-4.97E+00,1.763786107015062E+002,,,,
1.298866288762921E+011,-5.02E+00,1.361934165009085E+002,,,,
1.299066355451817E+011,-5.07E+00,9.628710824559506E+001,,,,
1.299266422140714E+011,-5.12E+00,5.646225487585243E+001,,,,
1.299466488829610E+011,-5.18E+00,1.689458698953243E+001,,,,
1.299666555518506E+011,-5.20E+00,-2.29E+01,,,,
1.299866622207403E+011,-5.24E+00,-6.29E+01,,,,
1.300066688896299E+011,-5.23E+00,-1.02E+02,,,,
1.300266755585195E+011,-5.21E+00,-1.43E+02,,,,
1.300466822274091E+011,-5.17E+00,1.770613796428142E+002,,,,
1.300666888962988E+011,-5.17E+00,1.364523067598979E+002,,,,
1.300866955651884E+011,-5.21E+00,9.580736013049534E+001,,,,
1.301067022340780E+011,-5.27E+00,5.552341114627954E+001,,,,
1.301267089029677E+011,-5.35E+00,1.585216735244416E+001,,,,
1.301467155718573E+011,-5.30E+00,-2.38E+01,,,,
1.301667222407469E+011,-5.24E+00,-6.40E+01,,,,
1.301867289096366E+011,-5.21E+00,-1.05E+02,,,,
1.302067355785262E+011,-5.25E+00,-1.45E+02,,,,
1.302267422474158E+011,-5.27E+00,1.751036073549434E+002,,,,
1.302467489163054E+011,-5.21E+00,1.350342144944434E+002,,,,
1.302667555851951E+011,-5.13E+00,9.490338892604206E+001,,,,
1.302867622540847E+011,-5.08E+00,5.460298532937320E+001,,,,
1.303067689229743E+011,-5.09E+00,1.434515020831634E+001,,,,
1.303267755918640E+011,-5.02E+00,-2.52E+01,,,,
1.303467822607536E+011,-4.97E+00,-6.52E+01,,,,
1.303667889296432E+011,-4.95E+00,-1.05E+02,,,,
1.303867955985328E+011,-4.95E+00,-1.45E+02,,,,
1.304068022674225E+011,-4.93E+00,1.757804055032333E+002,,,,
1.304268089363121E+011,-4.86E+00,1.358573567035382E+002,,,,
1.304468156052017E+011,-4.88E+00,9.589790966697075E+001,,,,
1.304668222740914E+011,-4.92E+00,5.651044108196195E+001,,,,
1.304868289429810E+011,-4.97E+00,1.700109683913128E+001,,,,
1.305068356118706E+011,-4.96E+00,-2.24E+01,,,,
1.305268422807603E+011,-5.02E+00,-6.22E+01,,,,
1.305468489496499E+011,-5.15E+00,-1.02E+02,,,,
1.305668556185395E+011,-5.26E+00,-1.40E+02,,,,
1.305868622874291E+011,-5.22E+00,-1.79E+02,,,,
1.306068689563188E+011,-5.05E+00,1.418619864769989E+002,,,,
1.306268756252084E+011,-4.95E+00,1.015872402343271E+002,,,,
1.306468822940980E+011,-4.96E+00,6.118770796852247E+001,,,,
1.306668889629877E+011,-5.02E+00,2.149924082864631E+001,,,,
1.306868956318773E+011,-4.91E+00,-1.83E+01,,,,
1.307069023007669E+011,-4.83E+00,-5.89E+01,,,,
1.307269089696566E+011,-4.82E+00,-9.96E+01,,,,
1.307469156385462E+011,-4.86E+00,-1.40E+02,,,,
1.307669223074358E+011,-4.84E+00,-1.80E+02,,,,
1.307869289763254E+011,-4.78E+00,1.394492716744421E+002,,,,
1.308069356452151E+011,-4.80E+00,9.880552550256952E+001,,,,
1.308269423141047E+011,-4.85E+00,5.860193326105675E+001,,,,
1.308469489829943E+011,-4.91E+00,1.843486901618027E+001,,,,
1.308669556518840E+011,-4.91E+00,-2.13E+01,,,,
1.308869623207736E+011,-4.87E+00,-6.14E+01,,,,
1.309069689896632E+011,-4.86E+00,-1.02E+02,,,,
1.309269756585529E+011,-4.93E+00,-1.42E+02,,,,
1.309469823274425E+011,-5.00E+00,1.783139875440563E+002,,,,
1.309669889963321E+011,-4.98E+00,1.387213143418810E+002,,,,
1.309869956652217E+011,-4.98E+00,9.869647101160284E+001,,,,
1.310070023341114E+011,-5.00E+00,5.872843357648171E+001,,,,
1.310270090030010E+011,-5.03E+00,1.915414715069550E+001,,,,
1.310470156718906E+011,-4.97E+00,-2.04E+01,,,,
1.310670223407803E+011,-4.88E+00,-6.04E+01,,,,
1.310870290096699E+011,-4.84E+00,-1.01E+02,,,,
1.311070356785595E+011,-4.88E+00,-1.41E+02,,,,
1.311270423474492E+011,-4.92E+00,1.792448151201085E+002,,,,
1.311470490163388E+011,-4.89E+00,1.396825611410382E+002,,,,
1.311670556852284E+011,-4.84E+00,9.968215188122061E+001,,,,
1.311870623541180E+011,-4.81E+00,5.937578583458190E+001,,,,
1.312070690230077E+011,-4.82E+00,1.935941555326193E+001,,,,
1.312270756918973E+011,-4.84E+00,-2.06E+01,,,,
1.312470823607869E+011,-4.82E+00,-6.02E+01,,,,
1.312670890296766E+011,-4.77E+00,-1.00E+02,,,,
1.312870956985662E+011,-4.75E+00,-1.41E+02,,,,
1.313071023674558E+011,-4.79E+00,1.789200637446780E+002,,,,
1.313271090363455E+011,-4.81E+00,1.389744017266319E+002,,,,
1.313471157052351E+011,-4.82E+00,9.884675447293381E+001,,,,
1.313671223741247E+011,-4.85E+00,5.858220393341536E+001,,,,
1.313871290430143E+011,-4.92E+00,1.816689272380945E+001,,,,
1.314071357119040E+011,-5.00E+00,-2.18E+01,,,,
1.314271423807936E+011,-5.07E+00,-6.16E+01,,,,
1.314471490496832E+011,-5.10E+00,-1.01E+02,,,,
1.314671557185729E+011,-5.08E+00,-1.41E+02,,,,
1.314871623874625E+011,-5.05E+00,1.791335597129454E+002,,,,
1.315071690563521E+011,-5.05E+00,1.394018497878051E+002,,,,
1.315271757252417E+011,-5.05E+00,9.969720471666550E+001,,,,
1.315471823941314E+011,-5.01E+00,6.023883607070346E+001,,,,
1.315671890630210E+011,-4.93E+00,2.053367645696942E+001,,,,
1.315871957319106E+011,-4.88E+00,-1.94E+01,,,,
1.316072024008003E+011,-4.85E+00,-5.96E+01,,,,
1.316272090696899E+011,-4.87E+00,-9.94E+01,,,,
1.316472157385795E+011,-4.87E+00,-1.39E+02,,,,
1.316672224074692E+011,-4.86E+00,-1.79E+02,,,,
1.316872290763588E+011,-4.86E+00,1.409402080522443E+002,,,,
1.317072357452484E+011,-4.90E+00,1.007628263797342E+002,,,,
1.317272424141381E+011,-4.96E+00,6.101421810802033E+001,,,,
1.317472490830277E+011,-4.98E+00,2.163188068285948E+001,,,,
1.317672557519173E+011,-4.97E+00,-1.85E+01,,,,
1.317872624208070E+011,-5.01E+00,-5.86E+01,,,,
1.318072690896966E+011,-5.05E+00,-9.85E+01,,,,
1.318272757585862E+011,-5.08E+00,-1.39E+02,,,,
1.318472824274758E+011,-5.13E+00,-1.79E+02,,,,
1.318672890963655E+011,-5.18E+00,1.410112252109313E+002,,,,
1.318872957652551E+011,-5.21E+00,1.011731361991308E+002,,,,
1.319073024341447E+011,-5.18E+00,6.145375899531913E+001,,,,
1.319273091030344E+011,-5.08E+00,2.126902317932962E+001,,,,
1.319473157719240E+011,-5.00E+00,-1.94E+01,,,,
1.319673224408136E+011,-5.04E+00,-6.02E+01,,,,
1.319873291097032E+011,-5.11E+00,-1.01E+02,,,,
1.320073357785929E+011,-5.12E+00,-1.41E+02,,,,
1.320273424474825E+011,-5.03E+00,1.793978305804244E+002,,,,
1.320473491163721E+011,-4.99E+00,1.384968779143304E+002,,,,
1.320673557852618E+011,-5.07E+00,9.766827751236237E+001,,,,
1.320873624541514E+011,-5.19E+00,5.770741666317258E+001,,,,
1.321073691230410E+011,-5.24E+00,1.838019853738945E+001,,,,
1.321273757919307E+011,-5.16E+00,-2.10E+01,,,,
1.321473824608203E+011,-5.08E+00,-6.12E+01,,,,
1.321673891297099E+011,-5.05E+00,-1.01E+02,,,,
1.321873957985995E+011,-5.07E+00,-1.41E+02,,,,
1.322074024674892E+011,-5.05E+00,1.790087472434514E+002,,,,
1.322274091363788E+011,-5.03E+00,1.391336704856600E+002,,,,
1.322474158052684E+011,-5.05E+00,9.913984666427315E+001,,,,
1.322674224741581E+011,-5.11E+00,5.929841633756784E+001,,,,
1.322874291430477E+011,-5.14E+00,2.002175210410310E+001,,,,
1.323074358119373E+011,-5.06E+00,-1.90E+01,,,,
1.323274424808269E+011,-4.96E+00,-5.86E+01,,,,
1.323474491497166E+011,-4.91E+00,-9.89E+01,,,,
1.323674558186062E+011,-4.91E+00,-1.39E+02,,,,
1.323874624874958E+011,-4.90E+00,-1.78E+02,,,,
1.324074691563855E+011,-4.78E+00,1.420492242102520E+002,,,,
1.324274758252751E+011,-4.68E+00,1.016494691093441E+002,,,,
1.324474824941647E+011,-4.66E+00,6.079178324990162E+001,,,,
1.324674891630544E+011,-4.71E+00,2.045497170600585E+001,,,,
1.324874958319440E+011,-4.72E+00,-1.96E+01,,,,
1.325075025008336E+011,-4.72E+00,-6.00E+01,,,,
1.325275091697232E+011,-4.77E+00,-1.00E+02,,,,
1.325475158386129E+011,-4.88E+00,-1.41E+02,,,,
1.325675225075025E+011,-4.96E+00,1.794599373619500E+002,,,,
1.325875291763921E+011,-4.92E+00,1.396724374252341E+002,,,,
1.326075358452818E+011,-4.86E+00,9.962491278158672E+001,,,,
1.326275425141714E+011,-4.83E+00,5.890704364270050E+001,,,,
1.326475491830610E+011,-4.92E+00,1.785704375841951E+001,,,,
1.326675558519507E+011,-5.01E+00,-2.24E+01,,,,
1.326875625208403E+011,-5.03E+00,-6.20E+01,,,,
1.327075691897299E+011,-4.96E+00,-1.02E+02,,,,
1.327275758586195E+011,-4.87E+00,-1.42E+02,,,,
1.327475825275092E+011,-4.84E+00,1.766910744401847E+002,,,,
1.327675891963988E+011,-4.86E+00,1.360909054070436E+002,,,,
1.327875958652884E+011,-4.89E+00,9.554828449632413E+001,,,,
1.328076025341781E+011,-4.93E+00,5.494648540596297E+001,,,,
1.328276092030677E+011,-5.03E+00,1.441723202199186E+001,,,,
1.328476158719573E+011,-5.10E+00,-2.52E+01,,,,
1.328676225408470E+011,-5.12E+00,-6.52E+01,,,,
1.328876292097366E+011,-5.12E+00,-1.05E+02,,,,
1.329076358786262E+011,-5.14E+00,-1.46E+02,,,,
1.329276425475158E+011,-5.31E+00,1.742765472656483E+002,,,,
1.329476492164055E+011,-5.43E+00,1.348081965819519E+002,,,,
1.329676558852951E+011,-5.53E+00,9.610911865075269E+001,,,,
1.329876625541847E+011,-5.48E+00,5.736868969636610E+001,,,,
1.330076692230744E+011,-5.34E+00,1.796364230088187E+001,,,,
1.330276758919640E+011,-5.17E+00,-2.21E+01,,,,
1.330476825608536E+011,-5.14E+00,-6.28E+01,,,,
1.330676892297433E+011,-5.14E+00,-1.03E+02,,,,
1.330876958986329E+011,-5.11E+00,-1.43E+02,,,,
1.331077025675225E+011,-5.07E+00,1.763748700877949E+002,,,,
1.331277092364121E+011,-5.05E+00,1.356595249976522E+002,,,,
1.331477159053018E+011,-5.13E+00,9.531711374388303E+001,,,,
1.331677225741914E+011,-5.21E+00,5.549292613149409E+001,,,,
1.331877292430810E+011,-5.21E+00,1.610587141271811E+001,,,,
1.332077359119707E+011,-5.11E+00,-2.35E+01,,,,
1.332277425808603E+011,-4.98E+00,-6.37E+01,,,,
1.332477492497499E+011,-4.94E+00,-1.05E+02,,,,
1.332677559186396E+011,-4.97E+00,-1.45E+02,,,,
1.332877625875292E+011,-5.07E+00,1.747258682181956E+002,,,,
1.333077692564188E+011,-5.04E+00,1.350074547057216E+002,,,,
1.333277759253084E+011,-5.00E+00,9.466816760395297E+001,,,,
1.333477825941981E+011,-4.97E+00,5.453848128937931E+001,,,,
1.333677892630877E+011,-5.02E+00,1.418542545351953E+001,,,,
1.333877959319773E+011,-5.07E+00,-2.56E+01,,,,
1.334078026008670E+011,-5.09E+00,-6.53E+01,,,,
1.334278092697566E+011,-5.07E+00,-1.05E+02,,,,
1.334478159386462E+011,-5.00E+00,-1.45E+02,,,,
1.334678226075358E+011,-4.94E+00,1.750953703570039E+002,,,,
1.334878292764255E+011,-4.90E+00,1.346309595772144E+002,,,,
1.335078359453151E+011,-4.94E+00,9.402320459976791E+001,,,,
1.335278426142047E+011,-5.00E+00,5.388880793252437E+001,,,,
1.335478492830944E+011,-5.04E+00,1.433631795578054E+001,,,,
1.335678559519840E+011,-4.99E+00,-2.54E+01,,,,
1.335878626208736E+011,-4.92E+00,-6.53E+01,,,,
1.336078692897633E+011,-4.92E+00,-1.06E+02,,,,
1.336278759586529E+011,-4.96E+00,-1.46E+02,,,,
1.336478826275425E+011,-4.95E+00,1.743266488601422E+002,,,,
1.336678892964321E+011,-4.90E+00,1.341908579156392E+002,,,,
1.336878959653218E+011,-4.91E+00,9.366806132331963E+001,,,,
1.337079026342114E+011,-4.97E+00,5.317757699417337E+001,,,,
1.337279093031010E+011,-5.04E+00,1.322649733525960E+001,,,,
1.337479159719907E+011,-5.02E+00,-2.64E+01,,,,
1.337679226408803E+011,-4.97E+00,-6.64E+01,,,,
1.337879293097699E+011,-4.96E+00,-1.07E+02,,,,
1.338079359786596E+011,-5.00E+00,-1.47E+02,,,,
1.338279426475492E+011,-5.01E+00,1.728311570720757E+002,,,,
1.338479493164388E+011,-4.95E+00,1.324919642481200E+002,,,,
1.338679559853285E+011,-4.88E+00,9.148296875733188E+001,,,,
1.338879626542181E+011,-4.89E+00,5.055730025685283E+001,,,,
1.339079693231077E+011,-4.95E+00,9.807672041869855E+000,,,,
1.339279759919973E+011,-4.98E+00,-3.05E+01,,,,
1.339479826608870E+011,-4.95E+00,-7.07E+01,,,,
1.339679893297766E+011,-4.93E+00,-1.11E+02,,,,
1.339879959986662E+011,-5.01E+00,-1.52E+02,,,,
1.340080026675559E+011,-5.15E+00,1.673112234268844E+002,,,,
1.340280093364455E+011,-5.25E+00,1.277818665708695E+002,,,,
1.340480160053351E+011,-5.26E+00,8.845138765059600E+001,,,,
1.340680226742248E+011,-5.22E+00,4.864079542759275E+001,,,,
1.340880293431144E+011,-5.22E+00,8.562191079701316E+000,,,,
1.341080360120040E+011,-5.26E+00,-3.14E+01,,,,
1.341280426808936E+011,-5.28E+00,-7.07E+01,,,,
1.341480493497833E+011,-5.22E+00,-1.10E+02,,,,
1.341680560186729E+011,-5.15E+00,-1.50E+02,,,,
1.341880626875625E+011,-5.08E+00,1.696219557437611E+002,,,,
1.342080693564522E+011,-5.06E+00,1.293475174275087E+002,,,,
1.342280760253418E+011,-5.08E+00,8.921480285207502E+001,,,,
1.342480826942314E+011,-5.10E+00,4.912874263463441E+001,,,,
1.342680893631210E+011,-5.12E+00,8.961892096474397E+000,,,,
1.342880960320107E+011,-5.21E+00,-3.06E+01,,,,
1.343081027009003E+011,-5.33E+00,-7.04E+01,,,,
1.343281093697899E+011,-5.40E+00,-1.09E+02,,,,
1.343481160386796E+011,-5.37E+00,-1.49E+02,,,,
1.343681227075692E+011,-5.28E+00,1.714494634572084E+002,,,,
1.343881293764588E+011,-5.32E+00,1.311348442828345E+002,,,,
1.344081360453485E+011,-5.41E+00,9.158743330180556E+001,,,,
1.344281427142381E+011,-5.42E+00,5.259402421385268E+001,,,,
1.344481493831277E+011,-5.34E+00,1.329957352694184E+001,,,,
1.344681560520173E+011,-5.29E+00,-2.66E+01,,,,
1.344881627209070E+011,-5.25E+00,-6.67E+01,,,,
1.345081693897966E+011,-5.21E+00,-1.07E+02,,,,
1.345281760586862E+011,-5.17E+00,-1.47E+02,,,,
1.345481827275759E+011,-5.11E+00,1.729128494363343E+002,,,,
1.345681893964655E+011,-5.15E+00,1.324481148370230E+002,,,,
1.345881960653551E+011,-5.19E+00,9.194278122461125E+001,,,,
1.346082027342448E+011,-5.23E+00,5.188829626541448E+001,,,,
1.346282094031344E+011,-5.22E+00,1.191921849552624E+001,,,,
1.346482160720240E+011,-5.19E+00,-2.85E+01,,,,
1.346682227409136E+011,-5.23E+00,-6.91E+01,,,,
1.346882294098033E+011,-5.29E+00,-1.09E+02,,,,
1.347082360786929E+011,-5.32E+00,-1.49E+02,,,,
1.347282427475825E+011,-5.21E+00,1.710141939225559E+002,,,,
1.347482494164722E+011,-5.16E+00,1.301090294245737E+002,,,,
1.347682560853618E+011,-5.17E+00,8.944892020941079E+001,,,,
1.347882627542514E+011,-5.20E+00,4.937130668384261E+001,,,,
1.348082694231411E+011,-5.19E+00,9.461074930085365E+000,,,,
1.348282760920307E+011,-5.15E+00,-3.10E+01,,,,
1.348482827609203E+011,-5.14E+00,-7.12E+01,,,,
1.348682894298099E+011,-5.14E+00,-1.12E+02,,,,
1.348882960986996E+011,-5.18E+00,-1.52E+02,,,,
1.349083027675892E+011,-5.21E+00,1.674912847398185E+002,,,,
1.349283094364788E+011,-5.29E+00,1.272926243672033E+002,,,,
1.349483161053685E+011,-5.37E+00,8.731059835204025E+001,,,,
1.349683227742581E+011,-5.48E+00,4.768532856702616E+001,,,,
1.349883294431477E+011,-5.56E+00,8.605737387132020E+000,,,,
1.350083361120374E+011,-5.51E+00,-3.06E+01,,,,
1.350283427809270E+011,-5.41E+00,-7.03E+01,,,,
1.350483494498166E+011,-5.35E+00,-1.10E+02,,,,
1.350683561187062E+011,-5.39E+00,-1.51E+02,,,,
1.350883627875959E+011,-5.43E+00,1.697741180535243E+002,,,,
1.351083694564855E+011,-5.43E+00,1.300102709844615E+002,,,,
1.351283761253751E+011,-5.42E+00,9.039507450692254E+001,,,,
1.351483827942648E+011,-5.44E+00,5.017895771586921E+001,,,,
1.351683894631544E+011,-5.48E+00,1.072618439467986E+001,,,,
1.351883961320440E+011,-5.40E+00,-2.87E+01,,,,
1.352084028009337E+011,-5.34E+00,-6.89E+01,,,,
1.352284094698233E+011,-5.30E+00,-1.09E+02,,,,
1.352484161387129E+011,-5.37E+00,-1.49E+02,,,,
1.352684228076025E+011,-5.45E+00,1.707914757341434E+002,,,,
1.352884294764922E+011,-5.48E+00,1.311139734739717E+002,,,,
1.353084361453818E+011,-5.46E+00,9.193557570062355E+001,,,,
1.353284428142714E+011,-5.41E+00,5.241346611656789E+001,,,,
1.353484494831611E+011,-5.38E+00,1.247435485323645E+001,,,,
1.353684561520507E+011,-5.36E+00,-2.79E+01,,,,
1.353884628209403E+011,-5.38E+00,-6.75E+01,,,,
1.354084694898299E+011,-5.37E+00,-1.07E+02,,,,
1.354284761587196E+011,-5.34E+00,-1.47E+02,,,,
1.354484828276092E+011,-5.31E+00,1.726862470993482E+002,,,,
1.354684894964988E+011,-5.27E+00,1.325592604640166E+002,,,,
1.354884961653885E+011,-5.23E+00,9.213378808630677E+001,,,,
1.355085028342781E+011,-5.22E+00,5.161671836500640E+001,,,,
1.355285095031677E+011,-5.25E+00,1.128744705140299E+001,,,,
1.355485161720574E+011,-5.28E+00,-2.87E+01,,,,
1.355685228409470E+011,-5.29E+00,-6.89E+01,,,,
1.355885295098366E+011,-5.29E+00,-1.09E+02,,,,
1.356085361787262E+011,-5.33E+00,-1.50E+02,,,,
1.356285428476159E+011,-5.42E+00,1.703864969315001E+002,,,,
1.356485495165055E+011,-5.53E+00,1.303556407011775E+002,,,,
1.356685561853951E+011,-5.61E+00,9.076196189364950E+001,,,,
1.356885628542848E+011,-5.61E+00,5.173296687388829E+001,,,,
1.357085695231744E+011,-5.56E+00,1.170608359305325E+001,,,,
1.357285761920640E+011,-5.54E+00,-2.83E+01,,,,
1.357485828609536E+011,-5.58E+00,-6.85E+01,,,,
1.357685895298433E+011,-5.61E+00,-1.08E+02,,,,
1.357885961987329E+011,-5.59E+00,-1.48E+02,,,,
1.358086028676225E+011,-5.53E+00,1.716512735079220E+002,,,,
1.358286095365122E+011,-5.50E+00,1.312390179610684E+002,,,,
1.358486162054018E+011,-5.52E+00,9.094282441693140E+001,,,,
1.358686228742914E+011,-5.58E+00,5.075709604977966E+001,,,,
1.358886295431811E+011,-5.64E+00,1.058904504577974E+001,,,,
1.359086362120707E+011,-5.66E+00,-2.90E+01,,,,
1.359286428809603E+011,-5.64E+00,-6.88E+01,,,,
1.359486495498500E+011,-5.62E+00,-1.09E+02,,,,
1.359686562187396E+011,-5.61E+00,-1.49E+02,,,,
1.359886628876292E+011,-5.61E+00,1.714331431585210E+002,,,,
1.360086695565188E+011,-5.58E+00,1.315629137093876E+002,,,,
1.360286762254085E+011,-5.56E+00,9.196186799156774E+001,,,,
1.360486828942981E+011,-5.54E+00,5.208912804477463E+001,,,,
1.360686895631877E+011,-5.53E+00,1.236010152897048E+001,,,,
1.360886962320774E+011,-5.51E+00,-2.74E+01,,,,
1.361087029009670E+011,-5.48E+00,-6.70E+01,,,,
1.361287095698566E+011,-5.45E+00,-1.06E+02,,,,
1.361487162387463E+011,-5.45E+00,-1.46E+02,,,,
1.361687229076359E+011,-5.44E+00,1.742579028536440E+002,,,,
1.361887295765255E+011,-5.39E+00,1.346658241562035E+002,,,,
1.362087362454152E+011,-5.38E+00,9.512442273017290E+001,,,,
1.362287429143048E+011,-5.40E+00,5.564561909442784E+001,,,,
1.362487495831944E+011,-5.41E+00,1.639257461483158E+001,,,,
1.362687562520840E+011,-5.36E+00,-2.30E+01,,,,
1.362887629209737E+011,-5.32E+00,-6.25E+01,,,,
1.363087695898633E+011,-5.28E+00,-1.02E+02,,,,
1.363287762587529E+011,-5.27E+00,-1.43E+02,,,,
1.363487829276426E+011,-5.29E+00,1.773632830737254E+002,,,,
1.363687895965322E+011,-5.34E+00,1.374806930417621E+002,,,,
1.363887962654218E+011,-5.38E+00,9.786486663278029E+001,,,,
1.364088029343114E+011,-5.38E+00,5.817763065501593E+001,,,,
1.364288096032011E+011,-5.33E+00,1.817714277815550E+001,,,,
1.364488162720907E+011,-5.30E+00,-2.24E+01,,,,
1.364688229409803E+011,-5.30E+00,-6.30E+01,,,,
1.364888296098700E+011,-5.33E+00,-1.04E+02,,,,
1.365088362787596E+011,-5.36E+00,-1.44E+02,,,,
1.365288429476492E+011,-5.38E+00,1.751705693638416E+002,,,,
1.365488496165389E+011,-5.39E+00,1.345613040727059E+002,,,,
1.365688562854285E+011,-5.40E+00,9.392834025373023E+001,,,,
1.365888629543181E+011,-5.42E+00,5.332523275583286E+001,,,,
1.366088696232077E+011,-5.45E+00,1.245294345231814E+001,,,,
1.366288762920974E+011,-5.46E+00,-2.81E+01,,,,
1.366488829609870E+011,-5.46E+00,-6.84E+01,,,,
1.366688896298766E+011,-5.45E+00,-1.09E+02,,,,
1.366888962987663E+011,-5.45E+00,-1.50E+02,,,,
1.367089029676559E+011,-5.47E+00,1.700360950244729E+002,,,,
1.367289096365455E+011,-5.50E+00,1.295092429634080E+002,,,,
1.367489163054352E+011,-5.52E+00,8.937920234607236E+001,,,,
1.367689229743248E+011,-5.55E+00,4.918477444231511E+001,,,,
1.367889296432144E+011,-5.57E+00,9.423465529704274E+000,,,,
1.368089363121040E+011,-5.58E+00,-3.03E+01,,,,
1.368289429809937E+011,-5.57E+00,-6.98E+01,,,,
1.368489496498833E+011,-5.52E+00,-1.10E+02,,,,
1.368689563187729E+011,-5.46E+00,-1.49E+02,,,,
1.368889629876626E+011,-5.41E+00,1.706708248886214E+002,,,,
1.369089696565522E+011,-5.45E+00,1.307007576691807E+002,,,,
1.369289763254418E+011,-5.50E+00,9.099424546118777E+001,,,,
1.369489829943315E+011,-5.52E+00,5.164444129510829E+001,,,,
1.369689896632211E+011,-5.49E+00,1.203283288071414E+001,,,,
1.369889963321107E+011,-5.52E+00,-2.79E+01,,,,
1.370090030010003E+011,-5.60E+00,-6.72E+01,,,,
1.370290096698900E+011,-5.67E+00,-1.06E+02,,,,
1.370490163387796E+011,-5.71E+00,-1.45E+02,,,,
1.370690230076692E+011,-5.70E+00,1.749990433598202E+002,,,,
1.370890296765589E+011,-5.73E+00,1.359279819098721E+002,,,,
1.371090363454485E+011,-5.70E+00,9.690100831010183E+001,,,,
1.371290430143381E+011,-5.65E+00,5.714312130954333E+001,,,,
1.371490496832278E+011,-5.62E+00,1.702118822187565E+001,,,,
1.371690563521174E+011,-5.64E+00,-2.27E+01,,,,
1.371890630210070E+011,-5.66E+00,-6.30E+01,,,,
1.372090696898966E+011,-5.70E+00,-1.03E+02,,,,
1.372290763587863E+011,-5.72E+00,-1.43E+02,,,,
1.372490830276759E+011,-5.73E+00,1.765986156469061E+002,,,,
1.372690896965655E+011,-5.76E+00,1.363239220156717E+002,,,,
1.372890963654552E+011,-5.82E+00,9.605646294166913E+001,,,,
1.373091030343448E+011,-5.88E+00,5.624014755559644E+001,,,,
1.373291097032344E+011,-5.92E+00,1.633856837026039E+001,,,,
1.373491163721240E+011,-5.99E+00,-2.38E+01,,,,
1.373691230410137E+011,-6.05E+00,-6.35E+01,,,,
1.373891297099033E+011,-6.04E+00,-1.03E+02,,,,
1.374091363787929E+011,-5.95E+00,-1.42E+02,,,,
1.374291430476826E+011,-5.87E+00,1.771284163069968E+002,,,,
1.374491497165722E+011,-5.83E+00,1.367825908498507E+002,,,,
1.374691563854618E+011,-5.79E+00,9.690751453692683E+001,,,,
1.374891630543514E+011,-5.75E+00,5.640747435529855E+001,,,,
1.375091697232411E+011,-5.70E+00,1.587226267611550E+001,,,,
1.375291763921307E+011,-5.68E+00,-2.46E+01,,,,
1.375491830610204E+011,-5.68E+00,-6.52E+01,,,,
1.375691897299100E+011,-5.71E+00,-1.06E+02,,,,
1.375891963987996E+011,-5.72E+00,-1.46E+02,,,,
1.376092030676892E+011,-5.71E+00,1.736174701542330E+002,,,,
1.376292097365789E+011,-5.73E+00,1.335616245806065E+002,,,,
1.376492164054685E+011,-5.77E+00,9.325025709643703E+001,,,,
1.376692230743581E+011,-5.79E+00,5.338349153407092E+001,,,,
1.376892297432477E+011,-5.76E+00,1.334044841231629E+001,,,,
1.377092364121374E+011,-5.76E+00,-2.71E+01,,,,
1.377292430810270E+011,-5.79E+00,-6.72E+01,,,,
1.377492497499166E+011,-5.90E+00,-1.07E+02,,,,
1.377692564188063E+011,-6.04E+00,-1.47E+02,,,,
1.377892630876959E+011,-6.06E+00,1.746522334800438E+002,,,,
1.378092697565855E+011,-5.98E+00,1.358396388649437E+002,,,,
1.378292764254752E+011,-5.86E+00,9.619867219884111E+001,,,,
1.378492830943648E+011,-5.83E+00,5.626790121107943E+001,,,,
1.378692897632544E+011,-5.85E+00,1.667400123003852E+001,,,,
1.378892964321440E+011,-5.87E+00,-2.28E+01,,,,
1.379093031010337E+011,-5.91E+00,-6.26E+01,,,,
1.379293097699233E+011,-5.98E+00,-1.02E+02,,,,
1.379493164388129E+011,-6.05E+00,-1.41E+02,,,,
1.379693231077026E+011,-5.99E+00,-1.80E+02,,,,
1.379893297765922E+011,-5.93E+00,1.411041384637012E+002,,,,
1.380093364454818E+011,-5.91E+00,1.011050362185761E+002,,,,
1.380293431143715E+011,-5.98E+00,6.127983420021335E+001,,,,
1.380493497832611E+011,-6.09E+00,2.220883744465906E+001,,,,
1.380693564521507E+011,-6.07E+00,-1.67E+01,,,,
1.380893631210403E+011,-5.97E+00,-5.61E+01,,,,
1.381093697899300E+011,-5.92E+00,-9.64E+01,,,,
1.381293764588196E+011,-5.96E+00,-1.36E+02,,,,
1.381493831277092E+011,-6.00E+00,-1.76E+02,,,,
1.381693897965989E+011,-6.01E+00,1.438197988562064E+002,,,,
1.381893964654885E+011,-5.99E+00,1.038970431263868E+002,,,,
1.382094031343781E+011,-5.98E+00,6.381242728080879E+001,,,,
1.382294098032678E+011,-5.97E+00,2.374870426343453E+001,,,,
1.382494164721574E+011,-5.91E+00,-1.67E+01,,,,
1.382694231410470E+011,-5.86E+00,-5.71E+01,,,,
1.382894298099367E+011,-5.82E+00,-9.77E+01,,,,
1.383094364788263E+011,-5.81E+00,-1.38E+02,,,,
1.383294431477159E+011,-5.80E+00,-1.79E+02,,,,
1.383494498166055E+011,-5.74E+00,1.405906807680231E+002,,,,
1.383694564854952E+011,-5.69E+00,9.965296432170513E+001,,,,
1.383894631543848E+011,-5.68E+00,5.857357318683464E+001,,,,
1.384094698232744E+011,-5.68E+00,1.736374456813654E+001,,,,
1.384294764921641E+011,-5.71E+00,-2.32E+01,,,,
1.384494831610537E+011,-5.71E+00,-6.38E+01,,,,
1.384694898299433E+011,-5.70E+00,-1.04E+02,,,,
1.384894964988330E+011,-5.71E+00,-1.45E+02,,,,
1.385095031677226E+011,-5.70E+00,1.744195310416992E+002,,,,
1.385295098366122E+011,-5.75E+00,1.339932192388368E+002,,,,
1.385495165055018E+011,-5.79E+00,9.381975199025871E+001,,,,
1.385695231743915E+011,-5.84E+00,5.414068394521192E+001,,,,
1.385895298432811E+011,-5.80E+00,1.488636956782958E+001,,,,
1.386095365121707E+011,-5.75E+00,-2.52E+01,,,,
1.386295431810604E+011,-5.76E+00,-6.52E+01,,,,
1.386495498499500E+011,-5.84E+00,-1.05E+02,,,,
1.386695565188396E+011,-5.92E+00,-1.44E+02,,,,
1.386895631877293E+011,-5.96E+00,1.771218787299782E+002,,,,
1.387095698566189E+011,-5.96E+00,1.380593722258349E+002,,,,
1.387295765255085E+011,-5.96E+00,9.916239796117618E+001,,,,
1.387495831943981E+011,-6.02E+00,5.977715684931376E+001,,,,
1.387695898632878E+011,-6.06E+00,2.096350533930066E+001,,,,
1.387895965321774E+011,-6.09E+00,-1.81E+01,,,,
1.388096032010670E+011,-6.09E+00,-5.71E+01,,,,
1.388296098699567E+011,-6.14E+00,-9.66E+01,,,,
1.388496165388463E+011,-6.27E+00,-1.36E+02,,,,
1.388696232077359E+011,-6.38E+00,-1.74E+02,,,,
1.388896298766256E+011,-6.30E+00,1.475817428462383E+002,,,,
1.389096365455152E+011,-6.08E+00,1.080369414539929E+002,,,,
1.389296432144048E+011,-5.99E+00,6.730522878097878E+001,,,,
1.389496498832944E+011,-6.09E+00,2.644887551661860E+001,,,,
1.389696565521841E+011,-6.26E+00,-1.36E+01,,,,
1.389896632210737E+011,-6.35E+00,-5.25E+01,,,,
1.390096698899633E+011,-6.25E+00,-9.21E+01,,,,
1.390296765588530E+011,-6.19E+00,-1.33E+02,,,,
1.390496832277426E+011,-6.32E+00,-1.74E+02,,,,
1.390696898966322E+011,-6.54E+00,1.465954240502213E+002,,,,
1.390896965655219E+011,-6.54E+00,1.081842364823106E+002,,,,
1.391097032344115E+011,-6.28E+00,6.851786355091907E+001,,,,
1.391297099033011E+011,-6.07E+00,2.752266280623233E+001,,,,
1.391497165721907E+011,-6.01E+00,-1.41E+01,,,,
1.391697232410804E+011,-6.05E+00,-5.52E+01,,,,
1.391897299099700E+011,-6.04E+00,-9.61E+01,,,,
1.392097365788596E+011,-6.05E+00,-1.37E+02,,,,
1.392297432477493E+011,-6.09E+00,-1.78E+02,,,,
1.392497499166389E+011,-6.14E+00,1.419320247136882E+002,,,,
1.392697565855285E+011,-6.12E+00,1.019018848264297E+002,,,,
1.392897632544182E+011,-6.10E+00,6.104880413462437E+001,,,,
1.393097699233078E+011,-6.15E+00,2.050681831671856E+001,,,,
1.393297765921974E+011,-6.24E+00,-1.94E+01,,,,
1.393497832610870E+011,-6.25E+00,-5.87E+01,,,,
1.393697899299767E+011,-6.16E+00,-9.84E+01,,,,
1.393897965988663E+011,-6.10E+00,-1.39E+02,,,,
1.394098032677559E+011,-6.24E+00,-1.80E+02,,,,
1.394298099366455E+011,-6.45E+00,1.410418822532896E+002,,,,
1.394498166055352E+011,-6.48E+00,1.031703257963873E+002,,,,
1.394698232744248E+011,-6.30E+00,6.405986817916735E+001,,,,
1.394898299433145E+011,-6.22E+00,2.355631814295498E+001,,,,
1.395098366122041E+011,-6.37E+00,-1.69E+01,,,,
1.395298432810937E+011,-6.76E+00,-5.59E+01,,,,
1.395498499499833E+011,-6.98E+00,-9.20E+01,,,,
1.395698566188730E+011,-6.62E+00,-1.28E+02,,,,
1.395898632877626E+011,-6.19E+00,-1.68E+02,,,,
1.396098699566522E+011,-6.05E+00,1.508206089241403E+002,,,,
1.396298766255418E+011,-6.14E+00,1.106694505163221E+002,,,,
1.396498832944315E+011,-6.13E+00,7.153614237666326E+001,,,,
1.396698899633211E+011,-6.00E+00,3.151741982943299E+001,,,,
1.396898966322108E+011,-5.96E+00,-9.35E+00,,,,
1.397099033011004E+011,-6.08E+00,-4.98E+01,,,,
1.397299099699900E+011,-6.30E+00,-8.94E+01,,,,
1.397499166388796E+011,-6.31E+00,-1.28E+02,,,,
1.397699233077693E+011,-6.11E+00,-1.67E+02,,,,
1.397899299766589E+011,-5.99E+00,1.522924132523316E+002,,,,
1.398099366455485E+011,-6.04E+00,1.115580750023191E+002,,,,
1.398299433144381E+011,-6.14E+00,7.157826475749803E+001,,,,
1.398499499833278E+011,-6.13E+00,3.195385797360707E+001,,,,
1.398699566522174E+011,-6.09E+00,-8.12E+00,,,,
1.398899633211070E+011,-6.13E+00,-4.88E+01,,,,
1.399099699899967E+011,-6.29E+00,-8.94E+01,,,,
1.399299766588863E+011,-6.40E+00,-1.29E+02,,,,
1.399499833277759E+011,-6.36E+00,-1.68E+02,,,,
1.399699899966656E+011,-6.28E+00,1.517734406724944E+002,,,,
1.399899966655552E+011,-6.29E+00,1.110191899590264E+002,,,,
1.400100033344448E+011,-6.33E+00,7.102923883765750E+001,,,,
1.400300100033344E+011,-6.25E+00,3.092865156631933E+001,,,,
1.400500166722241E+011,-6.15E+00,-9.89E+00,,,,
1.400700233411137E+011,-6.18E+00,-5.14E+01,,,,
1.400900300100033E+011,-6.42E+00,-9.25E+01,,,,
1.401100366788930E+011,-6.68E+00,-1.31E+02,,,,
1.401300433477826E+011,-6.51E+00,-1.69E+02,,,,
1.401500500166722E+011,-6.26E+00,1.502277190178494E+002,,,,
1.401700566855619E+011,-6.18E+00,1.091280118877232E+002,,,,
1.401900633544515E+011,-6.24E+00,6.878637414116112E+001,,,,
1.402100700233411E+011,-6.30E+00,2.912568519692152E+001,,,,
1.402300766922307E+011,-6.22E+00,-1.05E+01,,,,
1.402500833611204E+011,-6.14E+00,-5.05E+01,,,,
1.402700900300100E+011,-6.16E+00,-9.05E+01,,,,
1.402900966988996E+011,-6.21E+00,-1.30E+02,,,,
1.403101033677893E+011,-6.11E+00,-1.69E+02,,,,
1.403301100366789E+011,-5.97E+00,1.511481475125336E+002,,,,
1.403501167055685E+011,-5.91E+00,1.110782825365801E+002,,,,
1.403701233744582E+011,-5.93E+00,7.072049739219483E+001,,,,
1.403901300433478E+011,-6.00E+00,3.096591056893617E+001,,,,
1.404101367122374E+011,-6.01E+00,-8.27E+00,,,,
1.404301433811270E+011,-5.98E+00,-4.81E+01,,,,
1.404501500500167E+011,-6.00E+00,-8.79E+01,,,,
1.404701567189063E+011,-6.07E+00,-1.28E+02,,,,
1.404901633877959E+011,-6.11E+00,-1.67E+02,,,,
1.405101700566856E+011,-6.07E+00,1.533996696888227E+002,,,,
1.405301767255752E+011,-6.10E+00,1.133337787605882E+002,,,,
1.405501833944648E+011,-6.24E+00,7.335124178510399E+001,,,,
1.405701900633545E+011,-6.49E+00,3.451183948566317E+001,,,,
1.405901967322441E+011,-6.48E+00,-3.08E+00,,,,
1.406102034011337E+011,-6.26E+00,-4.21E+01,,,,
1.406302100700234E+011,-6.14E+00,-8.25E+01,,,,
1.406502167389130E+011,-6.13E+00,-1.23E+02,,,,
1.406702234078026E+011,-6.22E+00,-1.63E+02,,,,
1.406902300766922E+011,-6.28E+00,1.574364494811097E+002,,,,
1.407102367455819E+011,-6.28E+00,1.174483906577123E+002,,,,
1.407302434144715E+011,-6.30E+00,7.717546310144037E+001,,,,
1.407502500833611E+011,-6.42E+00,3.690517070577671E+001,,,,
1.407702567522508E+011,-6.51E+00,-1.84E+00,,,,
1.407902634211404E+011,-6.39E+00,-4.13E+01,,,,
1.408102700900300E+011,-6.24E+00,-8.16E+01,,,,
1.408302767589197E+011,-6.22E+00,-1.23E+02,,,,
1.408502834278093E+011,-6.30E+00,-1.63E+02,,,,
1.408702900966989E+011,-6.29E+00,1.574399508639143E+002,,,,
1.408902967655885E+011,-6.17E+00,1.170515006418411E+002,,,,
1.409103034344782E+011,-6.13E+00,7.610388304277620E+001,,,,
1.409303101033678E+011,-6.16E+00,3.530790956505016E+001,,,,
1.409503167722574E+011,-6.19E+00,-4.93E+00,,,,
1.409703234411471E+011,-6.22E+00,-4.48E+01,,,,
1.409903301100367E+011,-6.16E+00,-8.49E+01,,,,
1.410103367789263E+011,-6.09E+00,-1.25E+02,,,,
1.410303434478160E+011,-6.07E+00,-1.66E+02,,,,
1.410503501167056E+011,-6.10E+00,1.543333508711701E+002,,,,
1.410703567855952E+011,-6.11E+00,1.142375033362822E+002,,,,
1.410903634544848E+011,-6.09E+00,7.441335905558830E+001,,,,
1.411103701233745E+011,-6.08E+00,3.452767506048997E+001,,,,
1.411303767922641E+011,-6.11E+00,-4.97E+00,,,,
1.411503834611537E+011,-6.06E+00,-4.44E+01,,,,
1.411703901300433E+011,-5.95E+00,-8.41E+01,,,,
1.411903967989330E+011,-5.88E+00,-1.24E+02,,,,
1.412104034678226E+011,-5.83E+00,-1.64E+02,,,,
1.412304101367123E+011,-5.84E+00,1.555773395774529E+002,,,,
1.412504168056019E+011,-5.85E+00,1.158545638930180E+002,,,,
1.412704234744915E+011,-5.80E+00,7.587588446101105E+001,,,,
1.412904301433811E+011,-5.77E+00,3.569082777352320E+001,,,,
1.413104368122708E+011,-5.80E+00,-4.41E+00,,,,
1.413304434811604E+011,-5.87E+00,-4.42E+01,,,,
1.413504501500500E+011,-5.85E+00,-8.35E+01,,,,
1.413704568189396E+011,-5.76E+00,-1.24E+02,,,,
1.413904634878293E+011,-5.74E+00,-1.64E+02,,,,
1.414104701567189E+011,-5.80E+00,1.561056003821159E+002,,,,
1.414304768256086E+011,-5.86E+00,1.163968814694188E+002,,,,
1.414504834944982E+011,-5.84E+00,7.682903481263064E+001,,,,
1.414704901633878E+011,-5.85E+00,3.669210519136920E+001,,,,
1.414904968322774E+011,-5.95E+00,-3.37E+00,,,,
1.415105035011671E+011,-6.07E+00,-4.26E+01,,,,
1.415305101700567E+011,-6.05E+00,-8.13E+01,,,,
1.415505168389463E+011,-5.92E+00,-1.21E+02,,,,
1.415705235078359E+011,-5.82E+00,-1.61E+02,,,,
1.415905301767256E+011,-5.78E+00,1.581213601198088E+002,,,,
1.416105368456152E+011,-5.80E+00,1.178454091713887E+002,,,,
1.416305435145048E+011,-5.84E+00,7.747486076722173E+001,,,,
1.416505501833945E+011,-5.85E+00,3.726960667418407E+001,,,,
1.416705568522841E+011,-5.87E+00,-3.17E+00,,,,
1.416905635211737E+011,-5.91E+00,-4.34E+01,,,,
1.417105701900634E+011,-5.96E+00,-8.33E+01,,,,
1.417305768589530E+011,-5.94E+00,-1.24E+02,,,,
1.417505835278426E+011,-5.94E+00,-1.64E+02,,,,
1.417705901967322E+011,-5.99E+00,1.561044213727433E+002,,,,
1.417905968656219E+011,-6.06E+00,1.160044809868659E+002,,,,
1.418106035345115E+011,-6.10E+00,7.576051330528050E+001,,,,
1.418306102034011E+011,-6.08E+00,3.601087553435966E+001,,,,
1.418506168722908E+011,-6.07E+00,-3.86E+00,,,,
1.418706235411804E+011,-6.09E+00,-4.39E+01,,,,
1.418906302100700E+011,-6.09E+00,-8.38E+01,,,,
1.419106368789597E+011,-6.05E+00,-1.24E+02,,,,
1.419306435478493E+011,-5.99E+00,-1.63E+02,,,,
1.419506502167389E+011,-5.96E+00,1.561386677080362E+002,,,,
1.419706568856285E+011,-5.96E+00,1.159471190609399E+002,,,,
1.419906635545182E+011,-5.93E+00,7.622191016688302E+001,,,,
1.420106702234078E+011,-5.88E+00,3.632910066706405E+001,,,,
1.420306768922974E+011,-5.83E+00,-4.09E+00,,,,
1.420506835611871E+011,-5.80E+00,-4.45E+01,,,,
1.420706902300767E+011,-5.77E+00,-8.45E+01,,,,
1.420906968989663E+011,-5.73E+00,-1.25E+02,,,,
1.421107035678560E+011,-5.71E+00,-1.65E+02,,,,
1.421307102367456E+011,-5.71E+00,1.545280546673898E+002,,,,
1.421507169056352E+011,-5.73E+00,1.147627220474603E+002,,,,
1.421707235745248E+011,-5.72E+00,7.514853909735163E+001,,,,
1.421907302434145E+011,-5.66E+00,3.509330445231301E+001,,,,
1.422107369123041E+011,-5.61E+00,-4.99E+00,,,,
1.422307435811937E+011,-5.59E+00,-4.53E+01,,,,
1.422507502500834E+011,-5.63E+00,-8.53E+01,,,,
1.422707569189730E+011,-5.66E+00,-1.25E+02,,,,
1.422907635878626E+011,-5.68E+00,-1.65E+02,,,,
1.423107702567523E+011,-5.69E+00,1.548832616188190E+002,,,,
1.423307769256419E+011,-5.70E+00,1.152170568308444E+002,,,,
1.423507835945315E+011,-5.71E+00,7.549239716291083E+001,,,,
1.423707902634211E+011,-5.69E+00,3.571338946855017E+001,,,,
1.423907969323108E+011,-5.69E+00,-4.50E+00,,,,
1.424108036012004E+011,-5.71E+00,-4.46E+01,,,,
1.424308102700900E+011,-5.73E+00,-8.47E+01,,,,
1.424508169389797E+011,-5.79E+00,-1.25E+02,,,,
1.424708236078693E+011,-5.85E+00,-1.65E+02,,,,
1.424908302767589E+011,-5.88E+00,1.555092360019496E+002,,,,
1.425108369456486E+011,-5.89E+00,1.161460103654707E+002,,,,
1.425308436145382E+011,-5.84E+00,7.622902998100311E+001,,,,
1.425508502834278E+011,-5.82E+00,3.602520439076211E+001,,,,
1.425708569523174E+011,-5.83E+00,-4.13E+00,,,,
1.425908636212071E+011,-5.85E+00,-4.41E+01,,,,
1.426108702900967E+011,-5.83E+00,-8.41E+01,,,,
1.426308769589863E+011,-5.78E+00,-1.24E+02,,,,
1.426508836278760E+011,-5.77E+00,-1.65E+02,,,,
1.426708902967656E+011,-5.78E+00,1.551451833047589E+002,,,,
1.426908969656552E+011,-5.77E+00,1.148400074795379E+002,,,,
1.427109036345449E+011,-5.75E+00,7.447668754013672E+001,,,,
1.427309103034345E+011,-5.77E+00,3.378472069223404E+001,,,,
1.427509169723241E+011,-5.83E+00,-6.67E+00,,,,
1.427709236412138E+011,-5.86E+00,-4.67E+01,,,,
1.427909303101034E+011,-5.85E+00,-8.68E+01,,,,
1.428109369789930E+011,-5.80E+00,-1.27E+02,,,,
1.428309436478826E+011,-5.78E+00,-1.68E+02,,,,
1.428509503167723E+011,-5.81E+00,1.515776490625850E+002,,,,
1.428709569856619E+011,-5.87E+00,1.111728696251221E+002,,,,
1.428909636545515E+011,-5.91E+00,7.104011823331238E+001,,,,
1.429109703234412E+011,-5.91E+00,3.121604717899672E+001,,,,
1.429309769923308E+011,-5.86E+00,-9.08E+00,,,,
1.429509836612204E+011,-5.85E+00,-4.93E+01,,,,
1.429709903301101E+011,-5.89E+00,-8.98E+01,,,,
1.429909969989997E+011,-5.94E+00,-1.30E+02,,,,
1.430110036678893E+011,-5.93E+00,-1.69E+02,,,,
1.430310103367789E+011,-5.92E+00,1.504239716812174E+002,,,,
1.430510170056686E+011,-5.96E+00,1.105779343480829E+002,,,,
1.430710236745582E+011,-6.02E+00,7.120537419361288E+001,,,,
1.430910303434478E+011,-6.05E+00,3.192121884165399E+001,,,,
1.431110370123375E+011,-5.97E+00,-7.31E+00,,,,
1.431310436812271E+011,-5.89E+00,-4.70E+01,,,,
1.431510503501167E+011,-5.84E+00,-8.69E+01,,,,
1.431710570190064E+011,-5.84E+00,-1.27E+02,,,,
1.431910636878960E+011,-5.81E+00,-1.67E+02,,,,
1.432110703567856E+011,-5.76E+00,1.534272284883785E+002,,,,
1.432310770256752E+011,-5.74E+00,1.131154625015874E+002,,,,
1.432510836945649E+011,-5.76E+00,7.315967437540797E+001,,,,
1.432710903634545E+011,-5.76E+00,3.301494944215637E+001,,,,
1.432910970323441E+011,-5.74E+00,-6.70E+00,,,,
1.433111037012337E+011,-5.74E+00,-4.70E+01,,,,
1.433311103701234E+011,-5.75E+00,-8.71E+01,,,,
1.433511170390130E+011,-5.77E+00,-1.27E+02,,,,
1.433711237079027E+011,-5.77E+00,-1.68E+02,,,,
1.433911303767923E+011,-5.82E+00,1.518677300483728E+002,,,,
1.434111370456819E+011,-5.96E+00,1.114815450115255E+002,,,,
1.434311437145715E+011,-6.12E+00,7.181004402843099E+001,,,,
1.434511503834612E+011,-6.21E+00,3.232791105424924E+001,,,,
1.434711570523508E+011,-6.19E+00,-7.12E+00,,,,
1.434911637212404E+011,-6.16E+00,-4.74E+01,,,,
1.435111703901300E+011,-6.23E+00,-8.77E+01,,,,
1.435311770590197E+011,-6.33E+00,-1.28E+02,,,,
1.435511837279093E+011,-6.41E+00,-1.67E+02,,,,
1.435711903967990E+011,-6.39E+00,1.538596215020061E+002,,,,
1.435911970656886E+011,-6.29E+00,1.138579348293559E+002,,,,
1.436112037345782E+011,-6.26E+00,7.407618231494087E+001,,,,
1.436312104034678E+011,-6.27E+00,3.366548861246276E+001,,,,
1.436512170723575E+011,-6.27E+00,-5.87E+00,,,,
1.436712237412471E+011,-6.18E+00,-4.57E+01,,,,
1.436912304101367E+011,-6.16E+00,-8.62E+01,,,,
1.437112370790263E+011,-6.15E+00,-1.27E+02,,,,
1.437312437479160E+011,-6.15E+00,-1.67E+02,,,,
1.437512504168056E+011,-6.10E+00,1.535151830113810E+002,,,,
1.437712570856952E+011,-6.03E+00,1.132439937554392E+002,,,,
1.437912637545849E+011,-6.03E+00,7.278448723802049E+001,,,,
1.438112704234745E+011,-6.07E+00,3.232928306968473E+001,,,,
1.438312770923641E+011,-6.08E+00,-7.40E+00,,,,
1.438512837612538E+011,-6.01E+00,-4.74E+01,,,,
1.438712904301434E+011,-5.98E+00,-8.78E+01,,,,
1.438912970990330E+011,-6.02E+00,-1.28E+02,,,,
1.439113037679226E+011,-6.13E+00,-1.68E+02,,,,
1.439313104368123E+011,-6.22E+00,1.530341708311521E+002,,,,
1.439513171057019E+011,-6.05E+00,1.139396237827325E+002,,,,
1.439713237745915E+011,-5.89E+00,7.337044654770715E+001,,,,
1.439913304434812E+011,-5.86E+00,3.278427556532433E+001,,,,
1.440113371123708E+011,-5.94E+00,-7.86E+00,,,,
1.440313437812604E+011,-6.02E+00,-4.75E+01,,,,
1.440513504501501E+011,-5.99E+00,-8.69E+01,,,,
1.440713571190397E+011,-5.94E+00,-1.27E+02,,,,
1.440913637879293E+011,-5.98E+00,-1.67E+02,,,,
1.441113704568189E+011,-6.09E+00,1.528790979937900E+002,,,,
1.441313771257086E+011,-6.05E+00,1.135197602064801E+002,,,,
1.441513837945982E+011,-5.99E+00,7.367038469198843E+001,,,,
1.441713904634878E+011,-5.96E+00,3.325742397426843E+001,,,,
1.441913971323775E+011,-6.07E+00,-7.70E+00,,,,
1.442114038012671E+011,-6.25E+00,-4.70E+01,,,,
1.442314104701567E+011,-6.28E+00,-8.57E+01,,,,
1.442514171390464E+011,-6.24E+00,-1.26E+02,,,,
1.442714238079360E+011,-6.36E+00,-1.66E+02,,,,
1.442914304768256E+011,-6.57E+00,1.556204507161077E+002,,,,
1.443114371457152E+011,-6.53E+00,1.180631094459308E+002,,,,
1.443314438146049E+011,-6.27E+00,7.885220749887995E+001,,,,
1.443514504834945E+011,-6.09E+00,3.829118027446482E+001,,,,
1.443714571523841E+011,-6.08E+00,-2.44E+00,,,,
1.443914638212737E+011,-6.13E+00,-4.24E+01,,,,
1.444114704901634E+011,-6.16E+00,-8.20E+01,,,,
1.444314771590530E+011,-6.09E+00,-1.22E+02,,,,
1.444514838279427E+011,-6.02E+00,-1.62E+02,,,,
1.444714904968323E+011,-6.03E+00,1.576683815913054E+002,,,,
1.444914971657219E+011,-5.99E+00,1.178099538186673E+002,,,,
1.445115038346115E+011,-5.92E+00,7.759378298767430E+001,,,,
1.445315105035012E+011,-5.87E+00,3.659936193427335E+001,,,,
1.445515171723908E+011,-5.87E+00,-4.23E+00,,,,
1.445715238412804E+011,-5.92E+00,-4.47E+01,,,,
1.445915305101700E+011,-5.93E+00,-8.51E+01,,,,
1.446115371790597E+011,-5.90E+00,-1.26E+02,,,,
1.446315438479493E+011,-5.94E+00,-1.67E+02,,,,
1.446515505168390E+011,-6.10E+00,1.523644558485565E+002,,,,
1.446715571857286E+011,-6.28E+00,1.130260071257216E+002,,,,
1.446915638546182E+011,-6.22E+00,7.404550426520017E+001,,,,
1.447115705235078E+011,-6.04E+00,3.369279014233909E+001,,,,
1.447315771923975E+011,-6.02E+00,-7.30E+00,,,,
1.447515838612871E+011,-6.12E+00,-4.78E+01,,,,
1.447715905301767E+011,-6.21E+00,-8.75E+01,,,,
1.447915971990664E+011,-6.10E+00,-1.27E+02,,,,
1.448116038679560E+011,-5.98E+00,-1.68E+02,,,,
1.448316105368456E+011,-6.05E+00,1.514139745382370E+002,,,,
1.448516172057352E+011,-6.22E+00,1.113818684715016E+002,,,,
1.448716238746249E+011,-6.31E+00,7.276156615761113E+001,,,,
1.448916305435145E+011,-6.17E+00,3.395320795119181E+001,,,,
1.449116372124041E+011,-6.02E+00,-6.04E+00,,,,
1.449316438812938E+011,-6.01E+00,-4.61E+01,,,,
1.449516505501834E+011,-6.05E+00,-8.56E+01,,,,
1.449716572190730E+011,-6.01E+00,-1.24E+02,,,,
1.449916638879627E+011,-5.86E+00,-1.64E+02,,,,
1.450116705568523E+011,-5.83E+00,1.557548973899051E+002,,,,
1.450316772257419E+011,-5.89E+00,1.157800815269535E+002,,,,
1.450516838946315E+011,-5.96E+00,7.669402157320366E+001,,,,
1.450716905635212E+011,-5.87E+00,3.767000958560277E+001,,,,
1.450916972324108E+011,-5.80E+00,-2.51E+00,,,,
1.451117039013005E+011,-5.85E+00,-4.29E+01,,,,
1.451317105701901E+011,-6.03E+00,-8.25E+01,,,,
1.451517172390797E+011,-6.07E+00,-1.21E+02,,,,
1.451717239079693E+011,-5.89E+00,-1.60E+02,,,,
1.451917305768590E+011,-5.89E+00,1.584980771069012E+002,,,,
1.452117372457486E+011,-6.09E+00,1.173066510345640E+002,,,,
1.452317439146382E+011,-6.49E+00,7.813833587134286E+001,,,,
1.452517505835278E+011,-6.52E+00,4.087571022565149E+001,,,,
1.452717572524175E+011,-6.20E+00,9.211312692471416E-001,,,,
1.452917639213071E+011,-6.20E+00,-4.11E+01,,,,
1.453117705901967E+011,-6.60E+00,-8.16E+01,,,,
1.453317772590864E+011,-6.72E+00,-1.18E+02,,,,
1.453517839279760E+011,-6.28E+00,-1.58E+02,,,,
1.453717905968656E+011,-6.00E+00,1.609226846944500E+002,,,,
1.453917972657553E+011,-5.97E+00,1.188938489998283E+002,,,,
1.454118039346449E+011,-6.20E+00,7.729037414657176E+001,,,,
1.454318106035345E+011,-6.39E+00,3.887511282371769E+001,,,,
1.454518172724241E+011,-6.09E+00,-1.59E-01,,,,
1.454718239413138E+011,-5.81E+00,-4.18E+01,,,,
1.454918306102034E+011,-5.83E+00,-8.44E+01,,,,
1.455118372790930E+011,-6.11E+00,-1.25E+02,,,,
1.455318439479827E+011,-6.11E+00,-1.64E+02,,,,
1.455518506168723E+011,-5.95E+00,1.560672089158398E+002,,,,
1.455718572857619E+011,-5.85E+00,1.148453999322734E+002,,,,
1.455918639546516E+011,-5.90E+00,7.360597896880501E+001,,,,
1.456118706235412E+011,-6.09E+00,3.309192740135807E+001,,,,
1.456318772924308E+011,-6.19E+00,-6.00E+00,,,,
1.456518839613204E+011,-6.16E+00,-4.60E+01,,,,
1.456718906302101E+011,-6.21E+00,-8.61E+01,,,,
1.456918972990997E+011,-6.36E+00,-1.26E+02,,,,
1.457119039679893E+011,-6.36E+00,-1.64E+02,,,,
1.457319106368790E+011,-6.18E+00,1.565147913025650E+002,,,,
1.457519173057686E+011,-6.09E+00,1.156491800574036E+002,,,,
1.457719239746582E+011,-6.21E+00,7.494376099442256E+001,,,,
1.457919306435479E+011,-6.55E+00,3.591868696674595E+001,,,,
1.458119373124375E+011,-6.55E+00,-6.66E-01,,,,
1.458319439813271E+011,-6.21E+00,-3.97E+01,,,,
1.458519506502167E+011,-6.10E+00,-8.04E+01,,,,
1.458719573191064E+011,-6.23E+00,-1.21E+02,,,,
1.458919639879960E+011,-6.26E+00,-1.59E+02,,,,
1.459119706568856E+011,-6.00E+00,1.613608382771253E+002,,,,
1.459319773257753E+011,-5.97E+00,1.196572464969979E+002,,,,
1.459519839946649E+011,-6.28E+00,7.884800776823205E+001,,,,
1.459719906635545E+011,-6.66E+00,4.123353928681898E+001,,,,
1.459919973324442E+011,-6.39E+00,3.982447904510249E+000,,,,
1.460120040013338E+011,-6.04E+00,-3.65E+01,,,,
1.460320106702234E+011,-5.99E+00,-7.87E+01,,,,
1.460520173391130E+011,-6.34E+00,-1.20E+02,,,,
1.460720240080027E+011,-6.73E+00,-1.57E+02,,,,
1.460920306768923E+011,-6.35E+00,1.653511189845292E+002,,,,
1.461120373457819E+011,-5.96E+00,1.238745724704592E+002,,,,
1.461320440146716E+011,-6.00E+00,8.110799335777217E+001,,,,
1.461520506835612E+011,-6.47E+00,4.003847505877646E+001,,,,
1.461720573524508E+011,-6.82E+00,3.824919321366521E+000,,,,
1.461920640213405E+011,-6.32E+00,-3.39E+01,,,,
1.462120706902301E+011,-5.97E+00,-7.59E+01,,,,
1.462320773591197E+011,-6.02E+00,-1.18E+02,,,,
1.462520840280093E+011,-6.47E+00,-1.60E+02,,,,
1.462720906968990E+011,-6.78E+00,1.639102862315549E+002,,,,
1.462920973657886E+011,-6.40E+00,1.257838237902068E+002,,,,
1.463121040346782E+011,-6.16E+00,8.451140383171169E+001,,,,
1.463321107035679E+011,-6.23E+00,4.289657780921798E+001,,,,
1.463521173724575E+011,-6.53E+00,2.976071176776900E+000,,,,
1.463721240413471E+011,-6.47E+00,-3.49E+01,,,,
1.463921307102368E+011,-6.17E+00,-7.53E+01,,,,
1.464121373791264E+011,-6.13E+00,-1.17E+02,,,,
1.464321440480160E+011,-6.42E+00,-1.59E+02,,,,
1.464521507169056E+011,-6.80E+00,1.631613183572431E+002,,,,
1.464721573857953E+011,-6.57E+00,1.260409553046781E+002,,,,
1.464921640546849E+011,-6.20E+00,8.545279614534553E+001,,,,
1.465121707235745E+011,-6.13E+00,4.382636756759080E+001,,,,
1.465321773924642E+011,-6.37E+00,3.688388050664283E+000,,,,
1.465521840613538E+011,-6.31E+00,-3.47E+01,,,,
1.465721907302434E+011,-6.03E+00,-7.46E+01,,,,
1.465921973991331E+011,-5.87E+00,-1.16E+02,,,,
1.466122040680227E+011,-5.93E+00,-1.58E+02,,,,
1.466322107369123E+011,-6.13E+00,1.626692361824478E+002,,,,
1.466522174058019E+011,-6.07E+00,1.239130029883796E+002,,,,
1.466722240746916E+011,-5.91E+00,8.385098921075783E+001,,,,
1.466922307435812E+011,-5.85E+00,4.313541693829532E+001,,,,
1.467122374124708E+011,-5.98E+00,2.329555228163106E+000,,,,
1.467322440813605E+011,-6.15E+00,-3.63E+01,,,,
1.467522507502501E+011,-6.01E+00,-7.50E+01,,,,
1.467722574191397E+011,-5.89E+00,-1.15E+02,,,,
1.467922640880294E+011,-5.96E+00,-1.56E+02,,,,
1.468122707569190E+011,-6.17E+00,1.647631325526930E+002,,,,
1.468322774258086E+011,-6.24E+00,1.270006906773823E+002,,,,
1.468522840946982E+011,-6.03E+00,8.817957974638117E+001,,,,
1.468722907635879E+011,-5.93E+00,4.799043830301534E+001,,,,
1.468922974324775E+011,-5.95E+00,8.453305020068720E+000,,,,
1.469123041013671E+011,-5.99E+00,-3.08E+01,,,,
1.469323107702567E+011,-5.93E+00,-6.96E+01,,,,
1.469523174391464E+011,-5.86E+00,-1.10E+02,,,,
1.469723241080360E+011,-5.85E+00,-1.50E+02,,,,
1.469923307769257E+011,-5.98E+00,1.704531016535887E+002,,,,
1.470123374458153E+011,-6.05E+00,1.318119324715226E+002,,,,
1.470323441147049E+011,-5.95E+00,9.261383352081452E+001,,,,
1.470523507835945E+011,-5.88E+00,5.217730119860951E+001,,,,
1.470723574524842E+011,-5.91E+00,1.192168884160854E+001,,,,
1.470923641213738E+011,-5.97E+00,-2.79E+01,,,,
1.471123707902634E+011,-5.89E+00,-6.80E+01,,,,
1.471323774591531E+011,-5.86E+00,-1.09E+02,,,,
1.471523841280427E+011,-5.94E+00,-1.50E+02,,,,
1.471723907969323E+011,-6.22E+00,1.690864485893312E+002,,,,
1.471923974658220E+011,-6.37E+00,1.306700804419221E+002,,,,
1.472124041347116E+011,-6.17E+00,9.168873114540490E+001,,,,
1.472324108036012E+011,-5.98E+00,5.118679788622533E+001,,,,
1.472524174724908E+011,-5.91E+00,9.680146766256657E+000,,,,
1.472724241413805E+011,-5.98E+00,-3.16E+01,,,,
1.472924308102701E+011,-6.08E+00,-7.17E+01,,,,
1.473124374791597E+011,-6.04E+00,-1.12E+02,,,,
1.473324441480494E+011,-5.93E+00,-1.53E+02,,,,
1.473524508169390E+011,-5.99E+00,1.662770838686948E+002,,,,
1.473724574858286E+011,-6.09E+00,1.265958369979271E+002,,,,
1.473924641547182E+011,-6.04E+00,8.685322557423835E+001,,,,
1.474124708236079E+011,-5.98E+00,4.655219400186185E+001,,,,
1.474324774924975E+011,-5.98E+00,6.340912004718344E+000,,,,
1.474524841613872E+011,-6.15E+00,-3.39E+01,,,,
1.474724908302768E+011,-6.13E+00,-7.23E+01,,,,
1.474924974991664E+011,-5.98E+00,-1.12E+02,,,,
1.475125041680560E+011,-5.92E+00,-1.52E+02,,,,
1.475325108369457E+011,-6.00E+00,1.679690045495394E+002,,,,
1.475525175058353E+011,-6.08E+00,1.292344894873547E+002,,,,
1.475725241747249E+011,-5.98E+00,9.028056406419742E+001,,,,
1.475925308436145E+011,-5.93E+00,5.102995624348586E+001,,,,
1.476125375125042E+011,-5.88E+00,1.136589688078478E+001,,,,
1.476325441813938E+011,-5.92E+00,-2.81E+01,,,,
1.476525508502835E+011,-5.94E+00,-6.69E+01,,,,
1.476725575191731E+011,-5.94E+00,-1.06E+02,,,,
1.476925641880627E+011,-5.94E+00,-1.45E+02,,,,
1.477125708569523E+011,-5.87E+00,1.753807176685661E+002,,,,
1.477325775258420E+011,-5.93E+00,1.354297903611722E+002,,,,
1.477525841947316E+011,-6.03E+00,9.636116020884731E+001,,,,
1.477725908636212E+011,-6.06E+00,5.708032464560535E+001,,,,
1.477925975325108E+011,-6.06E+00,1.795045258402399E+001,,,,
1.478126042014005E+011,-6.08E+00,-2.12E+01,,,,
1.478326108702901E+011,-6.07E+00,-6.03E+01,,,,
1.478526175391797E+011,-5.91E+00,-9.96E+01,,,,
1.478726242080694E+011,-5.75E+00,-1.40E+02,,,,
1.478926308769590E+011,-5.70E+00,1.793635739798216E+002,,,,
1.479126375458486E+011,-5.77E+00,1.384549112779683E+002,,,,
1.479326442147383E+011,-5.80E+00,9.836404818882797E+001,,,,
1.479526508836279E+011,-5.78E+00,5.817754098404627E+001,,,,
1.479726575525175E+011,-5.72E+00,1.752324549007212E+001,,,,
1.479926642214071E+011,-5.74E+00,-2.34E+01,,,,
1.480126708902968E+011,-5.81E+00,-6.40E+01,,,,
1.480326775591864E+011,-5.83E+00,-1.04E+02,,,,
1.480526842280760E+011,-5.78E+00,-1.44E+02,,,,
1.480726908969657E+011,-5.67E+00,1.750185293662499E+002,,,,
1.480926975658553E+011,-5.72E+00,1.341269100824259E+002,,,,
1.481127042347449E+011,-5.77E+00,9.412587744755500E+001,,,,
1.481327109036346E+011,-5.75E+00,5.391482260020879E+001,,,,
1.481527175725242E+011,-5.67E+00,1.353599069791782E+001,,,,
1.481727242414138E+011,-5.68E+00,-2.74E+01,,,,
1.481927309103034E+011,-5.76E+00,-6.77E+01,,,,
1.482127375791931E+011,-5.79E+00,-1.08E+02,,,,
1.482327442480827E+011,-5.80E+00,-1.47E+02,,,,
1.482527509169723E+011,-5.72E+00,1.725106782996256E+002,,,,
1.482727575858619E+011,-5.78E+00,1.322461820743434E+002,,,,
1.482927642547516E+011,-5.84E+00,9.263525995822934E+001,,,,
1.483127709236412E+011,-5.81E+00,5.336635963905906E+001,,,,
1.483327775925309E+011,-5.76E+00,1.377682423292259E+001,,,,
1.483527842614205E+011,-5.76E+00,-2.64E+01,,,,
1.483727909303101E+011,-5.82E+00,-6.57E+01,,,,
1.483927975991997E+011,-5.77E+00,-1.05E+02,,,,
1.484128042680894E+011,-5.70E+00,-1.44E+02,,,,
1.484328109369790E+011,-5.59E+00,1.756915302507176E+002,,,,
1.484528176058686E+011,-5.56E+00,1.356514628761215E+002,,,,
1.484728242747582E+011,-5.58E+00,9.552919463008310E+001,,,,
1.484928309436479E+011,-5.61E+00,5.587700481298288E+001,,,,
1.485128376125375E+011,-5.61E+00,1.630484022158423E+001,,,,
1.485328442814272E+011,-5.61E+00,-2.34E+01,,,,
1.485528509503168E+011,-5.67E+00,-6.33E+01,,,,
1.485728576192064E+011,-5.75E+00,-1.02E+02,,,,
1.485928642880960E+011,-5.74E+00,-1.42E+02,,,,
1.486128709569857E+011,-5.66E+00,1.792706772345405E+002,,,,
1.486328776258753E+011,-5.63E+00,1.390310339371136E+002,,,,
1.486528842947649E+011,-5.71E+00,9.944862039001525E+001,,,,
1.486728909636545E+011,-5.74E+00,6.074946963417503E+001,,,,
1.486928976325442E+011,-5.67E+00,2.160397156426713E+001,,,,
1.487129043014338E+011,-5.56E+00,-1.82E+01,,,,
1.487329109703234E+011,-5.50E+00,-5.86E+01,,,,
1.487529176392131E+011,-5.51E+00,-9.89E+01,,,,
1.487729243081027E+011,-5.49E+00,-1.39E+02,,,,
1.487929309769923E+011,-5.50E+00,-1.80E+02,,,,
1.488129376458820E+011,-5.61E+00,1.394964777247419E+002,,,,
1.488329443147716E+011,-5.84E+00,9.986508816409047E+001,,,,
1.488529509836612E+011,-5.84E+00,6.113750717492396E+001,,,,
1.488729576525508E+011,-5.71E+00,2.118295831937375E+001,,,,
1.488929643214405E+011,-5.62E+00,-1.91E+01,,,,
1.489129709903301E+011,-5.65E+00,-6.03E+01,,,,
1.489329776592197E+011,-5.75E+00,-1.01E+02,,,,
1.489529843281094E+011,-5.80E+00,-1.41E+02,,,,
1.489729909969990E+011,-5.76E+00,1.795570295368100E+002,,,,
1.489929976658886E+011,-5.72E+00,1.387324134565834E+002,,,,
1.490130043347783E+011,-5.80E+00,9.784863585758970E+001,,,,
1.490330110036679E+011,-5.90E+00,5.804415583545451E+001,,,,
1.490530176725575E+011,-5.92E+00,1.853991670592199E+001,,,,
1.490730243414471E+011,-5.78E+00,-2.15E+01,,,,
1.490930310103368E+011,-5.64E+00,-6.24E+01,,,,
1.491130376792264E+011,-5.61E+00,-1.04E+02,,,,
1.491330443481160E+011,-5.68E+00,-1.45E+02,,,,
1.491530510170057E+011,-5.72E+00,1.749565884765264E+002,,,,
1.491730576858953E+011,-5.74E+00,1.349646364486976E+002,,,,
1.491930643547849E+011,-5.72E+00,9.506864220120774E+001,,,,
1.492130710236746E+011,-5.69E+00,5.467864563933848E+001,,,,
1.492330776925642E+011,-5.75E+00,1.424872077374210E+001,,,,
1.492530843614538E+011,-5.79E+00,-2.54E+01,,,,
1.492730910303434E+011,-5.84E+00,-6.52E+01,,,,
1.492930976992331E+011,-5.80E+00,-1.05E+02,,,,
1.493131043681227E+011,-5.78E+00,-1.44E+02,,,,
1.493331110370123E+011,-5.75E+00,1.764801939082800E+002,,,,
1.493531177059020E+011,-5.72E+00,1.366910862002156E+002,,,,
1.493731243747916E+011,-5.69E+00,9.722983807291806E+001,,,,
1.493931310436812E+011,-5.67E+00,5.750702537540813E+001,,,,
1.494131377125709E+011,-5.65E+00,1.819179244079030E+001,,,,
1.494331443814605E+011,-5.65E+00,-2.17E+01,,,,
1.494531510503501E+011,-5.67E+00,-6.13E+01,,,,
1.494731577192398E+011,-5.70E+00,-1.01E+02,,,,
1.494931643881294E+011,-5.72E+00,-1.40E+02,,,,
1.495131710570190E+011,-5.75E+00,1.794230920974509E+002,,,,
1.495331777259086E+011,-5.83E+00,1.394615386823662E+002,,,,
1.495531843947983E+011,-5.94E+00,1.002659703979209E+002,,,,
1.495731910636879E+011,-5.99E+00,6.130582248250324E+001,,,,
1.495931977325775E+011,-5.92E+00,2.198239082299739E+001,,,,
1.496132044014672E+011,-5.82E+00,-1.80E+01,,,,
1.496332110703568E+011,-5.86E+00,-5.85E+01,,,,
1.496532177392464E+011,-6.01E+00,-9.89E+01,,,,
1.496732244081361E+011,-6.17E+00,-1.38E+02,,,,
1.496932310770257E+011,-6.03E+00,-1.77E+02,,,,
1.497132377459153E+011,-5.90E+00,1.431548544120432E+002,,,,
1.497332444148049E+011,-5.86E+00,1.019196263726231E+002,,,,
1.497532510836946E+011,-5.95E+00,6.080670931554121E+001,,,,
1.497732577525842E+011,-6.04E+00,2.107708906180367E+001,,,,
1.497932644214738E+011,-6.02E+00,-1.91E+01,,,,
1.498132710903635E+011,-6.04E+00,-5.96E+01,,,,
1.498332777592531E+011,-6.10E+00,-9.98E+01,,,,
1.498532844281427E+011,-6.15E+00,-1.40E+02,,,,
1.498732910970324E+011,-6.10E+00,-1.80E+02,,,,
1.498932977659220E+011,-6.04E+00,1.397173972052397E+002,,,,
1.499133044348116E+011,-6.13E+00,9.883260034745227E+001,,,,
1.499333111037012E+011,-6.29E+00,5.937351416507872E+001,,,,
1.499533177725909E+011,-6.20E+00,2.037085071408971E+001,,,,
1.499733244414805E+011,-5.99E+00,-1.98E+01,,,,
1.499933311103701E+011,-5.95E+00,-6.12E+01,,,,
1.500133377792598E+011,-6.12E+00,-1.02E+02,,,,
1.500333444481494E+011,-6.33E+00,-1.40E+02,,,,
1.500533511170390E+011,-6.05E+00,-1.79E+02,,,,
1.500733577859287E+011,-5.80E+00,1.407837246037761E+002,,,,
1.500933644548183E+011,-5.70E+00,9.977664276025132E+001,,,,
1.501133711237079E+011,-5.71E+00,5.923651228363690E+001,,,,
1.501333777925975E+011,-5.74E+00,1.929085404854649E+001,,,,
1.501533844614872E+011,-5.67E+00,-2.09E+01,,,,
1.501733911303768E+011,-5.69E+00,-6.11E+01,,,,
1.501933977992664E+011,-5.75E+00,-1.02E+02,,,,
1.502134044681561E+011,-5.92E+00,-1.41E+02,,,,
1.502334111370457E+011,-5.98E+00,-1.79E+02,,,,
1.502534178059353E+011,-5.75E+00,1.413279039159421E+002,,,,
1.502734244748250E+011,-5.61E+00,1.009404170476950E+002,,,,
1.502934311437146E+011,-5.64E+00,6.028038161070247E+001,,,,
1.503134378126042E+011,-5.75E+00,2.059145366258428E+001,,,,
1.503334444814938E+011,-5.68E+00,-1.91E+01,,,,
1.503534511503835E+011,-5.64E+00,-5.92E+01,,,,
1.503734578192731E+011,-5.68E+00,-1.00E+02,,,,
1.503934644881627E+011,-5.93E+00,-1.41E+02,,,,
1.504134711570524E+011,-6.37E+00,-1.80E+02,,,,
1.504334778259420E+011,-6.28E+00,1.437430535101196E+002,,,,
1.504534844948316E+011,-5.89E+00,1.045996833965071E+002,,,,
1.504734911637213E+011,-5.77E+00,6.318239302368056E+001,,,,
1.504934978326109E+011,-5.91E+00,2.246851131477945E+001,,,,
1.505135045015005E+011,-6.03E+00,-1.64E+01,,,,
1.505335111703901E+011,-5.97E+00,-5.54E+01,,,,
1.505535178392798E+011,-5.80E+00,-9.59E+01,,,,
1.505735245081694E+011,-5.86E+00,-1.37E+02,,,,
1.505935311770590E+011,-6.02E+00,-1.76E+02,,,,
1.506135378459487E+011,-5.88E+00,1.451854307044718E+002,,,,
1.506335445148383E+011,-5.72E+00,1.049739170560439E+002,,,,
1.506535511837279E+011,-5.67E+00,6.350670324005991E+001,,,,
1.506735578526176E+011,-5.90E+00,2.218318775609095E+001,,,,
1.506935645215072E+011,-6.23E+00,-1.64E+01,,,,
1.507135711903968E+011,-5.97E+00,-5.43E+01,,,,
1.507335778592864E+011,-5.71E+00,-9.55E+01,,,,
1.507535845281761E+011,-5.71E+00,-1.38E+02,,,,
1.507735911970657E+011,-6.01E+00,-1.79E+02,,,,
1.507935978659553E+011,-6.31E+00,1.425371289505428E+002,,,,
1.508136045348449E+011,-6.14E+00,1.047676039572440E+002,,,,
1.508336112037346E+011,-5.88E+00,6.391492420488900E+001,,,,
1.508536178726242E+011,-5.86E+00,2.236702753990486E+001,,,,
1.508736245415139E+011,-6.06E+00,-1.79E+01,,,,
1.508936312104035E+011,-5.98E+00,-5.68E+01,,,,
1.509136378792931E+011,-5.73E+00,-9.71E+01,,,,
1.509336445481827E+011,-5.58E+00,-1.39E+02,,,,
1.509536512170724E+011,-5.61E+00,1.797658447755788E+002,,,,
1.509736578859620E+011,-5.74E+00,1.393175946205196E+002,,,,
1.509936645548516E+011,-5.69E+00,9.941457834562570E+001,,,,
1.510136712237412E+011,-5.58E+00,5.897508904081769E+001,,,,
1.510336778926309E+011,-5.55E+00,1.786129577181378E+001,,,,
1.510536845615205E+011,-5.70E+00,-2.32E+01,,,,
1.510736912304102E+011,-5.81E+00,-6.25E+01,,,,
1.510936978992998E+011,-5.76E+00,-1.02E+02,,,,
1.511137045681894E+011,-5.71E+00,-1.42E+02,,,,
1.511337112370790E+011,-5.75E+00,1.775111317872941E+002,,,,
1.511537179059687E+011,-5.83E+00,1.384598736549835E+002,,,,
1.511737245748583E+011,-5.69E+00,9.957725291019578E+001,,,,
1.511937312437479E+011,-5.56E+00,5.941921116690803E+001,,,,
1.512137379126375E+011,-5.52E+00,1.869599012750729E+001,,,,
1.512337445815272E+011,-5.54E+00,-2.08E+01,,,,
1.512537512504168E+011,-5.50E+00,-6.08E+01,,,,
1.512737579193065E+011,-5.46E+00,-1.01E+02,,,,
1.512937645881961E+011,-5.53E+00,-1.42E+02,,,,
1.513137712570857E+011,-5.78E+00,1.769721518832692E+002,,,,
1.513337779259753E+011,-6.24E+00,1.379340187293522E+002,,,,
1.513537845948650E+011,-6.39E+00,1.014253694685629E+002,,,,
1.513737912637546E+011,-6.19E+00,6.321345505564940E+001,,,,
1.513937979326442E+011,-6.06E+00,2.339920373602949E+001,,,,
1.514138046015338E+011,-6.07E+00,-1.66E+01,,,,
1.514338112704235E+011,-6.06E+00,-5.60E+01,,,,
1.514538179393131E+011,-5.99E+00,-9.58E+01,,,,
1.514738246082027E+011,-6.00E+00,-1.36E+02,,,,
1.514938312770924E+011,-6.12E+00,-1.77E+02,,,,
1.515138379459820E+011,-6.42E+00,1.438344140374879E+002,,,,
1.515338446148716E+011,-6.44E+00,1.065732813618682E+002,,,,
1.515538512837613E+011,-6.23E+00,6.741005809114866E+001,,,,
1.515738579526509E+011,-6.02E+00,2.757613849079852E+001,,,,
1.515938646215405E+011,-5.89E+00,-1.33E+01,,,,
1.516138712904302E+011,-5.91E+00,-5.46E+01,,,,
1.516338779593198E+011,-6.01E+00,-9.49E+01,,,,
1.516538846282094E+011,-6.08E+00,-1.35E+02,,,,
1.516738912970990E+011,-6.09E+00,-1.75E+02,,,,
1.516938979659887E+011,-6.09E+00,1.447060912224709E+002,,,,
1.517139046348783E+011,-6.01E+00,1.046349850946799E+002,,,,
1.517339113037679E+011,-5.94E+00,6.413541041733798E+001,,,,
1.517539179726576E+011,-5.87E+00,2.367974398839541E+001,,,,
1.517739246415472E+011,-5.79E+00,-1.69E+01,,,,
1.517939313104368E+011,-5.76E+00,-5.80E+01,,,,
1.518139379793265E+011,-5.77E+00,-9.88E+01,,,,
1.518339446482161E+011,-5.82E+00,-1.39E+02,,,,
1.518539513171057E+011,-5.86E+00,-1.79E+02,,,,
1.518739579859953E+011,-5.86E+00,1.407686598257240E+002,,,,
1.518939646548850E+011,-5.81E+00,1.008048350086032E+002,,,,
1.519139713237746E+011,-5.71E+00,6.052687617680453E+001,,,,
1.519339779926642E+011,-5.70E+00,1.997676908774763E+001,,,,
1.519539846615539E+011,-5.76E+00,-2.05E+01,,,,
1.519739913304435E+011,-5.87E+00,-5.98E+01,,,,
1.519939979993331E+011,-5.85E+00,-9.89E+01,,,,
1.520140046682228E+011,-5.81E+00,-1.38E+02,,,,
1.520340113371124E+011,-5.73E+00,-1.78E+02,,,,
1.520540180060020E+011,-5.64E+00,1.419262559806255E+002,,,,
1.520740246748916E+011,-5.66E+00,1.019579661057936E+002,,,,
1.520940313437813E+011,-5.73E+00,6.194437828996098E+001,,,,
1.521140380126709E+011,-5.78E+00,2.296019428102653E+001,,,,
1.521340446815605E+011,-5.75E+00,-1.61E+01,,,,
1.521540513504501E+011,-5.68E+00,-5.55E+01,,,,
1.521740580193398E+011,-5.62E+00,-9.53E+01,,,,
1.521940646882294E+011,-5.67E+00,-1.35E+02,,,,
1.522140713571191E+011,-5.75E+00,-1.75E+02,,,,
1.522340780260087E+011,-5.75E+00,1.461129012421641E+002,,,,
1.522540846948983E+011,-5.69E+00,1.068190687004198E+002,,,,
1.522740913637879E+011,-5.66E+00,6.685676095493015E+001,,,,
1.522940980326776E+011,-5.68E+00,2.660348204351975E+001,,,,
1.523141047015672E+011,-5.76E+00,-1.34E+01,,,,
1.523341113704568E+011,-5.82E+00,-5.26E+01,,,,
1.523541180393464E+011,-5.75E+00,-9.21E+01,,,,
1.523741247082361E+011,-5.74E+00,-1.33E+02,,,,
1.523941313771257E+011,-5.83E+00,-1.73E+02,,,,
1.524141380460154E+011,-5.96E+00,1.476229013717459E+002,,,,
1.524341447149050E+011,-5.96E+00,1.088902322823032E+002,,,,
1.524541513837946E+011,-5.85E+00,6.901077805256959E+001,,,,
1.524741580526842E+011,-5.84E+00,2.904506635881040E+001,,,,
1.524941647215739E+011,-5.84E+00,-1.08E+01,,,,
1.525141713904635E+011,-5.83E+00,-5.07E+01,,,,
1.525341780593531E+011,-5.74E+00,-9.07E+01,,,,
1.525541847282427E+011,-5.68E+00,-1.32E+02,,,,
1.525741913971324E+011,-5.66E+00,-1.72E+02,,,,
1.525941980660220E+011,-5.65E+00,1.476550324615868E+002,,,,
1.526142047349117E+011,-5.67E+00,1.073278360923213E+002,,,,
1.526342114038013E+011,-5.68E+00,6.670190858116969E+001,,,,
1.526542180726909E+011,-5.79E+00,2.616960952460369E+001,,,,
1.526742247415805E+011,-5.82E+00,-1.41E+01,,,,
1.526942314104702E+011,-5.99E+00,-5.42E+01,,,,
1.527142380793598E+011,-6.02E+00,-9.27E+01,,,,
1.527342447482494E+011,-5.91E+00,-1.33E+02,,,,
1.527542514171390E+011,-5.83E+00,-1.72E+02,,,,
1.527742580860287E+011,-5.67E+00,1.470543023482501E+002,,,,
1.527942647549183E+011,-5.65E+00,1.063909208336769E+002,,,,
1.528142714238079E+011,-5.67E+00,6.591654240590640E+001,,,,
1.528342780926976E+011,-5.70E+00,2.575708842560606E+001,,,,
1.528542847615872E+011,-5.65E+00,-1.41E+01,,,,
1.528742914304768E+011,-5.66E+00,-5.45E+01,,,,
1.528942980993665E+011,-5.73E+00,-9.47E+01,,,,
1.529143047682561E+011,-5.78E+00,-1.35E+02,,,,
1.529343114371457E+011,-5.77E+00,-1.74E+02,,,,
1.529543181060353E+011,-5.80E+00,1.453917744434048E+002,,,,
1.529743247749250E+011,-5.96E+00,1.055577272779951E+002,,,,
1.529943314438146E+011,-5.97E+00,6.715495898798312E+001,,,,
1.530143381127042E+011,-5.91E+00,2.774528925995247E+001,,,,
1.530343447815939E+011,-5.82E+00,-1.19E+01,,,,
1.530543514504835E+011,-5.84E+00,-5.25E+01,,,,
1.530743581193731E+011,-5.96E+00,-9.22E+01,,,,
1.530943647882628E+011,-6.03E+00,-1.31E+02,,,,
1.531143714571524E+011,-6.05E+00,-1.70E+02,,,,
1.531343781260420E+011,-6.00E+00,1.509299050909137E+002,,,,
1.531543847949316E+011,-5.98E+00,1.115828983760477E+002,,,,
1.531743914638213E+011,-5.95E+00,7.243048319274328E+001,,,,
1.531943981327109E+011,-5.96E+00,3.316244236561267E+001,,,,
1.532144048016005E+011,-5.89E+00,-5.53E+00,,,,
1.532344114704902E+011,-5.76E+00,-4.52E+01,,,,
1.532544181393798E+011,-5.69E+00,-8.52E+01,,,,
1.532744248082694E+011,-5.67E+00,-1.25E+02,,,,
1.532944314771591E+011,-5.65E+00,-1.65E+02,,,,
1.533144381460487E+011,-5.63E+00,1.544675744672387E+002,,,,
1.533344448149383E+011,-5.66E+00,1.143528260979938E+002,,,,
1.533544514838279E+011,-5.73E+00,7.400721521565136E+001,,,,
1.533744581527176E+011,-5.75E+00,3.409447710689020E+001,,,,
1.533944648216072E+011,-5.74E+00,-5.84E+00,,,,
1.534144714904968E+011,-5.71E+00,-4.65E+01,,,,
1.534344781593865E+011,-5.80E+00,-8.74E+01,,,,
1.534544848282761E+011,-5.90E+00,-1.28E+02,,,,
1.534744914971657E+011,-6.03E+00,-1.68E+02,,,,
1.534944981660554E+011,-6.16E+00,1.514091709127977E+002,,,,
1.535145048349450E+011,-6.32E+00,1.124709803700604E+002,,,,
1.535345115038346E+011,-6.08E+00,7.315101401382218E+001,,,,
1.535545181727242E+011,-6.00E+00,3.203669957193281E+001,,,,
1.535745248416139E+011,-6.01E+00,-8.81E+00,,,,
1.535945315105035E+011,-6.04E+00,-4.92E+01,,,,
1.536145381793931E+011,-6.07E+00,-8.88E+01,,,,
1.536345448482828E+011,-5.95E+00,-1.30E+02,,,,
1.536545515171724E+011,-6.00E+00,-1.70E+02,,,,
1.536745581860620E+011,-6.05E+00,1.493180537282860E+002,,,,
1.536945648549517E+011,-6.20E+00,1.093338321829192E+002,,,,
1.537145715238413E+011,-6.09E+00,7.103599332531726E+001,,,,
1.537345781927309E+011,-5.94E+00,3.063392880698599E+001,,,,
1.537545848616205E+011,-5.90E+00,-9.84E+00,,,,
1.537745915305102E+011,-5.94E+00,-5.05E+01,,,,
1.537945981993998E+011,-6.09E+00,-9.00E+01,,,,
1.538146048682894E+011,-5.97E+00,-1.29E+02,,,,
1.538346115371791E+011,-5.92E+00,-1.69E+02,,,,
1.538546182060687E+011,-5.93E+00,1.509659050304820E+002,,,,
1.538746248749583E+011,-5.95E+00,1.109831596939556E+002,,,,
1.538946315438480E+011,-6.04E+00,7.223677012344037E+001,,,,
1.539146382127376E+011,-5.98E+00,3.266860674806748E+001,,,,
1.539346448816272E+011,-6.01E+00,-7.02E+00,,,,
1.539546515505169E+011,-6.04E+00,-4.62E+01,,,,
1.539746582194065E+011,-6.11E+00,-8.57E+01,,,,
1.539946648882961E+011,-6.13E+00,-1.25E+02,,,,
1.540146715571857E+011,-6.15E+00,-1.64E+02,,,,
1.540346782260754E+011,-6.21E+00,1.562760811122600E+002,,,,
1.540546848949650E+011,-6.27E+00,1.171295640931275E+002,,,,
1.540746915638546E+011,-6.22E+00,7.851672529758558E+001,,,,
1.540946982327443E+011,-6.10E+00,3.883497014422296E+001,,,,
1.541147049016339E+011,-6.09E+00,-1.39E+00,,,,
1.541347115705235E+011,-6.18E+00,-4.15E+01,,,,
1.541547182394132E+011,-6.30E+00,-8.10E+01,,,,
1.541747249083028E+011,-6.34E+00,-1.20E+02,,,,
1.541947315771924E+011,-6.24E+00,-1.60E+02,,,,
1.542147382460820E+011,-6.20E+00,1.594886658056889E+002,,,,
1.542347449149717E+011,-6.32E+00,1.191357497110257E+002,,,,
1.542547515838613E+011,-6.48E+00,8.045692533408557E+001,,,,
1.542747582527509E+011,-6.28E+00,4.191865308605087E+001,,,,
1.542947649216406E+011,-5.99E+00,1.234822301486957E+000,,,,
1.543147715905302E+011,-5.94E+00,-4.04E+01,,,,
1.543347782594198E+011,-6.13E+00,-8.18E+01,,,,
1.543547849283095E+011,-6.41E+00,-1.21E+02,,,,
1.543747915971991E+011,-6.39E+00,-1.59E+02,,,,
1.543947982660887E+011,-6.12E+00,1.614915550229085E+002,,,,
1.544148049349783E+011,-5.96E+00,1.206292345979755E+002,,,,
1.544348116038680E+011,-5.90E+00,7.949504260932305E+001,,,,
1.544548182727576E+011,-5.87E+00,3.882423856723391E+001,,,,
1.544748249416472E+011,-5.86E+00,-2.06E+00,,,,
1.544948316105369E+011,-5.96E+00,-4.37E+01,,,,
1.545148382794265E+011,-6.27E+00,-8.41E+01,,,,
1.545348449483161E+011,-6.44E+00,-1.22E+02,,,,
1.545548516172058E+011,-6.20E+00,-1.61E+02,,,,
1.545748582860954E+011,-6.02E+00,1.581631702159060E+002,,,,
1.545948649549850E+011,-6.04E+00,1.170151450145174E+002,,,,
1.546148716238746E+011,-6.18E+00,7.673932603905455E+001,,,,
1.546348782927643E+011,-6.20E+00,3.756991294697600E+001,,,,
1.546548849616539E+011,-6.08E+00,-2.76E+00,,,,
1.546748916305435E+011,-6.02E+00,-4.36E+01,,,,
1.546948982994332E+011,-6.16E+00,-8.46E+01,,,,
1.547149049683228E+011,-6.44E+00,-1.25E+02,,,,
1.547349116372124E+011,-6.59E+00,-1.63E+02,,,,
1.547549183061021E+011,-6.46E+00,1.587036374678182E+002,,,,
1.547749249749917E+011,-6.31E+00,1.189876542281495E+002,,,,
1.547949316438813E+011,-6.25E+00,7.837976029017892E+001,,,,
1.548149383127709E+011,-6.34E+00,3.871047295911809E+001,,,,
1.548349449816606E+011,-6.31E+00,-6.74E-01,,,,
1.548549516505502E+011,-6.27E+00,-4.06E+01,,,,
1.548749583194398E+011,-6.31E+00,-8.07E+01,,,,
1.548949649883294E+011,-6.43E+00,-1.20E+02,,,,
1.549149716572191E+011,-6.37E+00,-1.58E+02,,,,
1.549349783261087E+011,-6.25E+00,1.627439529825470E+002,,,,
1.549549849949984E+011,-6.15E+00,1.231406147484766E+002,,,,
1.549749916638880E+011,-6.06E+00,8.323950842020122E+001,,,,
1.549949983327776E+011,-6.10E+00,4.295854904671666E+001,,,,
1.550150050016672E+011,-6.21E+00,3.423682108249145E+000,,,,
1.550350116705569E+011,-6.28E+00,-3.56E+01,,,,
1.550550183394465E+011,-6.26E+00,-7.45E+01,,,,
1.550750250083361E+011,-6.34E+00,-1.14E+02,,,,
1.550950316772257E+011,-6.43E+00,-1.53E+02,,,,
1.551150383461154E+011,-6.35E+00,1.682408148567489E+002,,,,
1.551350450150050E+011,-6.29E+00,1.288363575881582E+002,,,,
1.551550516838947E+011,-6.22E+00,8.893706636211415E+001,,,,
1.551750583527843E+011,-6.24E+00,4.873307459725123E+001,,,,
1.551950650216739E+011,-6.26E+00,9.017482737507820E+000,,,,
1.552150716905635E+011,-6.21E+00,-3.07E+01,,,,
1.552350783594532E+011,-6.12E+00,-7.10E+01,,,,
1.552550850283428E+011,-6.13E+00,-1.13E+02,,,,
1.552750916972324E+011,-6.36E+00,-1.53E+02,,,,
1.552950983661220E+011,-6.53E+00,1.669190831532031E+002,,,,
1.553151050350117E+011,-6.66E+00,1.276725792315993E+002,,,,
1.553351117039013E+011,-6.51E+00,8.895178203430061E+001,,,,
1.553551183727909E+011,-6.37E+00,4.848625671676592E+001,,,,
1.553751250416806E+011,-6.25E+00,7.791994793041426E+000,,,,
1.553951317105702E+011,-6.18E+00,-3.35E+01,,,,
1.554151383794598E+011,-6.17E+00,-7.42E+01,,,,
1.554351450483495E+011,-6.15E+00,-1.15E+02,,,,
1.554551517172391E+011,-6.04E+00,-1.55E+02,,,,
1.554751583861287E+011,-5.96E+00,1.633585659378875E+002,,,,
1.554951650550183E+011,-6.01E+00,1.221141230370614E+002,,,,
1.555151717239080E+011,-6.06E+00,8.137552855921059E+001,,,,
1.555351783927976E+011,-6.14E+00,4.097385960067466E+001,,,,
1.555551850616872E+011,-6.14E+00,1.296039224021615E+000,,,,
1.555751917305768E+011,-6.14E+00,-3.86E+01,,,,
1.555951983994665E+011,-6.14E+00,-7.78E+01,,,,
1.556152050683561E+011,-6.01E+00,-1.18E+02,,,,
1.556352117372458E+011,-5.97E+00,-1.58E+02,,,,
1.556552184061354E+011,-6.07E+00,1.613193992283835E+002,,,,
1.556752250750250E+011,-6.26E+00,1.222486363887382E+002,,,,
1.556952317439146E+011,-6.28E+00,8.414906614073190E+001,,,,
1.557152384128043E+011,-6.18E+00,4.544862864588590E+001,,,,
1.557352450816939E+011,-6.12E+00,6.199525036076765E+000,,,,
1.557552517505835E+011,-6.17E+00,-3.34E+01,,,,
1.557752584194731E+011,-6.22E+00,-7.18E+01,,,,
1.557952650883628E+011,-6.23E+00,-1.10E+02,,,,
1.558152717572524E+011,-6.22E+00,-1.49E+02,,,,
1.558352784261421E+011,-6.16E+00,1.721933560716760E+002,,,,
1.558552850950317E+011,-6.12E+00,1.328908752175058E+002,,,,
1.558752917639213E+011,-6.07E+00,9.345984834735762E+001,,,,
1.558952984328109E+011,-6.06E+00,5.385683767960563E+001,,,,
1.559153051017006E+011,-6.06E+00,1.400988866079207E+001,,,,
1.559353117705902E+011,-6.10E+00,-2.61E+01,,,,
1.559553184394798E+011,-6.19E+00,-6.60E+01,,,,
1.559753251083695E+011,-6.26E+00,-1.06E+02,,,,
1.559953317772591E+011,-6.30E+00,-1.45E+02,,,,
1.560153384461487E+011,-6.32E+00,1.752846419899688E+002,,,,
1.560353451150384E+011,-6.32E+00,1.356854793688057E+002,,,,
1.560553517839280E+011,-6.25E+00,9.577905376863771E+001,,,,
1.560753584528176E+011,-6.16E+00,5.544892021318708E+001,,,,
1.560953651217072E+011,-6.12E+00,1.464219270250474E+001,,,,
1.561153717905969E+011,-6.15E+00,-2.62E+01,,,,
1.561353784594865E+011,-6.26E+00,-6.70E+01,,,,
1.561553851283761E+011,-6.38E+00,-1.07E+02,,,,
1.561753917972658E+011,-6.43E+00,-1.46E+02,,,,
1.561953984661554E+011,-6.30E+00,1.740208024929754E+002,,,,
1.562154051350450E+011,-6.18E+00,1.337392426842040E+002,,,,
1.562354118039346E+011,-6.14E+00,9.310706021347180E+001,,,,
1.562554184728243E+011,-6.09E+00,5.273454296915725E+001,,,,
1.562754251417139E+011,-6.00E+00,1.227410324121927E+001,,,,
1.562954318106036E+011,-5.96E+00,-2.86E+01,,,,
1.563154384794932E+011,-5.98E+00,-6.93E+01,,,,
1.563354451483828E+011,-6.02E+00,-1.10E+02,,,,
1.563554518172724E+011,-6.06E+00,-1.50E+02,,,,
1.563754584861621E+011,-6.08E+00,1.704644116768967E+002,,,,
1.563954651550517E+011,-6.03E+00,1.308905778621252E+002,,,,
1.564154718239413E+011,-5.98E+00,9.074636895352333E+001,,,,
1.564354784928309E+011,-5.96E+00,5.074296486937128E+001,,,,
1.564554851617206E+011,-5.99E+00,1.085457801753750E+001,,,,
1.564754918306102E+011,-5.99E+00,-2.85E+01,,,,
1.564954984994999E+011,-5.95E+00,-6.81E+01,,,,
1.565155051683895E+011,-5.93E+00,-1.08E+02,,,,
1.565355118372791E+011,-5.96E+00,-1.48E+02,,,,
1.565555185061687E+011,-5.96E+00,1.729898411231979E+002,,,,
1.565755251750584E+011,-5.91E+00,1.336020063168234E+002,,,,
1.565955318439480E+011,-5.83E+00,9.376874353721343E+001,,,,
1.566155385128376E+011,-5.80E+00,5.397600804177034E+001,,,,
1.566355451817272E+011,-5.82E+00,1.414449384897157E+001,,,,
1.566555518506169E+011,-5.83E+00,-2.56E+01,,,,
1.566755585195065E+011,-5.82E+00,-6.54E+01,,,,
1.566955651883961E+011,-5.87E+00,-1.06E+02,,,,
1.567155718572858E+011,-5.99E+00,-1.45E+02,,,,
1.567355785261754E+011,-6.09E+00,1.756490830841465E+002,,,,
1.567555851950650E+011,-6.08E+00,1.368729479610066E+002,,,,
1.567755918639547E+011,-6.01E+00,9.771334163561008E+001,,,,
1.567955985328443E+011,-5.92E+00,5.824229197985881E+001,,,,
1.568156052017339E+011,-5.86E+00,1.823091140328140E+001,,,,
1.568356118706235E+011,-5.84E+00,-2.18E+01,,,,
1.568556185395132E+011,-5.83E+00,-6.18E+01,,,,
1.568756252084028E+011,-5.84E+00,-1.02E+02,,,,
1.568956318772924E+011,-5.87E+00,-1.42E+02,,,,
1.569156385461821E+011,-5.96E+00,1.779208471296797E+002,,,,
1.569356452150717E+011,-6.03E+00,1.382239169870258E+002,,,,
1.569556518839613E+011,-6.03E+00,9.872267314240986E+001,,,,
1.569756585528510E+011,-6.01E+00,5.871073077799856E+001,,,,
1.569956652217406E+011,-6.03E+00,1.877455672377178E+001,,,,
1.570156718906302E+011,-6.05E+00,-2.11E+01,,,,
1.570356785595198E+011,-6.08E+00,-6.08E+01,,,,
1.570556852284095E+011,-6.04E+00,-1.01E+02,,,,
1.570756918972991E+011,-6.01E+00,-1.41E+02,,,,
1.570956985661887E+011,-6.02E+00,1.790414948446359E+002,,,,
1.571157052350784E+011,-6.04E+00,1.389198269591707E+002,,,,
1.571357119039680E+011,-6.07E+00,9.913840862041187E+001,,,,
1.571557185728576E+011,-6.01E+00,5.935047506897355E+001,,,,
1.571757252417473E+011,-5.91E+00,1.920880405178260E+001,,,,
1.571957319106369E+011,-5.76E+00,-2.16E+01,,,,
1.572157385795265E+011,-5.74E+00,-6.31E+01,,,,
1.572357452484161E+011,-5.81E+00,-1.04E+02,,,,
1.572557519173058E+011,-5.90E+00,-1.45E+02,,,,
1.572757585861954E+011,-5.98E+00,1.751817427900056E+002,,,,
1.572957652550850E+011,-5.98E+00,1.345587370412213E+002,,,,
1.573157719239747E+011,-6.06E+00,9.429925592863287E+001,,,,
1.573357785928643E+011,-6.13E+00,5.426893735600973E+001,,,,
1.573557852617539E+011,-6.15E+00,1.454742513404946E+001,,,,
1.573757919306436E+011,-6.09E+00,-2.52E+01,,,,
1.573957985995332E+011,-6.00E+00,-6.52E+01,,,,
1.574158052684228E+011,-6.01E+00,-1.06E+02,,,,
1.574358119373124E+011,-6.14E+00,-1.46E+02,,,,
1.574558186062021E+011,-6.21E+00,1.747119966356542E+002,,,,
1.574758252750917E+011,-6.19E+00,1.354296675428837E+002,,,,
1.574958319439813E+011,-6.24E+00,9.595071867097789E+001,,,,
1.575158386128710E+011,-6.32E+00,5.704024962554144E+001,,,,
1.575358452817606E+011,-6.37E+00,1.873232161357922E+001,,,,
1.575558519506502E+011,-6.18E+00,-1.94E+01,,,,
1.575758586195399E+011,-5.98E+00,-5.87E+01,,,,
1.575958652884295E+011,-5.87E+00,-9.85E+01,,,,
1.576158719573191E+011,-5.84E+00,-1.38E+02,,,,
1.576358786262087E+011,-5.78E+00,-1.78E+02,,,,
1.576558852950984E+011,-5.70E+00,1.422446090529051E+002,,,,
1.576758919639880E+011,-5.71E+00,1.016103412036994E+002,,,,
1.576958986328776E+011,-5.82E+00,6.141299883758838E+001,,,,
1.577159053017673E+011,-6.01E+00,2.211586113019054E+001,,,,
1.577359119706569E+011,-5.99E+00,-1.63E+01,,,,
1.577559186395465E+011,-5.90E+00,-5.61E+01,,,,
1.577759253084362E+011,-5.91E+00,-9.65E+01,,,,
1.577959319773258E+011,-5.97E+00,-1.36E+02,,,,
1.578159386462154E+011,-6.00E+00,-1.76E+02,,,,
1.578359453151050E+011,-5.96E+00,1.441695713256673E+002,,,,
1.578559519839947E+011,-5.92E+00,1.033103063556472E+002,,,,
1.578759586528843E+011,-6.05E+00,6.231612185457601E+001,,,,
1.578959653217739E+011,-6.28E+00,2.230159880698914E+001,,,,
1.579159719906636E+011,-6.37E+00,-1.64E+01,,,,
1.579359786595532E+011,-6.22E+00,-5.59E+01,,,,
1.579559853284428E+011,-6.10E+00,-9.68E+01,,,,
1.579759919973325E+011,-6.22E+00,-1.38E+02,,,,
1.579959986662221E+011,-6.31E+00,-1.78E+02,,,,
1.580160053351117E+011,-6.27E+00,1.424323069036591E+002,,,,
1.580360120040013E+011,-6.21E+00,1.015392510360780E+002,,,,
1.580560186728910E+011,-6.34E+00,6.054797711139283E+001,,,,
1.580760253417806E+011,-6.55E+00,2.087416212784076E+001,,,,
1.580960320106702E+011,-6.58E+00,-1.76E+01,,,,
1.581160386795599E+011,-6.38E+00,-5.71E+01,,,,
1.581360453484495E+011,-6.20E+00,-9.80E+01,,,,
1.581560520173391E+011,-6.16E+00,-1.39E+02,,,,
1.581760586862288E+011,-6.14E+00,-1.79E+02,,,,
1.581960653551184E+011,-6.12E+00,1.402100231237287E+002,,,,
1.582160720240080E+011,-6.09E+00,9.966542493219782E+001,,,,
1.582360786928976E+011,-6.17E+00,5.864585515979406E+001,,,,
1.582560853617873E+011,-6.36E+00,1.868452792150810E+001,,,,
1.582760920306769E+011,-6.49E+00,-2.04E+01,,,,
1.582960986995665E+011,-6.46E+00,-5.93E+01,,,,
1.583161053684562E+011,-6.35E+00,-9.93E+01,,,,
1.583361120373458E+011,-6.40E+00,-1.39E+02,,,,
1.583561187062354E+011,-6.54E+00,-1.79E+02,,,,
1.583761253751251E+011,-6.60E+00,1.421994664323321E+002,,,,
1.583961320440147E+011,-6.47E+00,1.032864135348717E+002,,,,
1.584161387129043E+011,-6.34E+00,6.341197268629607E+001,,,,
1.584361453817940E+011,-6.32E+00,2.318606391065021E+001,,,,
1.584561520506836E+011,-6.39E+00,-1.68E+01,,,,
1.584761587195732E+011,-6.41E+00,-5.62E+01,,,,
1.584961653884628E+011,-6.41E+00,-9.59E+01,,,,
1.585161720573525E+011,-6.42E+00,-1.36E+02,,,,
1.585361787262421E+011,-6.57E+00,-1.76E+02,,,,
1.585561853951317E+011,-6.75E+00,1.449118119142478E+002,,,,
1.585761920640214E+011,-6.74E+00,1.067467665564116E+002,,,,
1.585961987329110E+011,-6.65E+00,6.771106107552328E+001,,,,
1.586162054018006E+011,-6.59E+00,2.767427794766864E+001,,,,
1.586362120706903E+011,-6.63E+00,-1.24E+01,,,,
1.586562187395799E+011,-6.68E+00,-5.22E+01,,,,
1.586762254084695E+011,-6.73E+00,-9.22E+01,,,,
1.586962320773591E+011,-6.80E+00,-1.31E+02,,,,
1.587162387462488E+011,-6.88E+00,-1.71E+02,,,,
1.587362454151384E+011,-6.96E+00,1.502124388079297E+002,,,,
1.587562520840280E+011,-6.92E+00,1.111919372370844E+002,,,,
1.587762587529176E+011,-6.79E+00,7.198392269752070E+001,,,,
1.587962654218073E+011,-6.65E+00,3.177396701098557E+001,,,,
1.588162720906969E+011,-6.61E+00,-8.97E+00,,,,
1.588362787595866E+011,-6.69E+00,-4.97E+01,,,,
1.588562854284762E+011,-6.80E+00,-8.97E+01,,,,
1.588762920973658E+011,-6.84E+00,-1.29E+02,,,,
1.588962987662554E+011,-6.85E+00,-1.69E+02,,,,
1.589163054351451E+011,-6.81E+00,1.515687859848932E+002,,,,
1.589363121040347E+011,-6.71E+00,1.115602959106370E+002,,,,
1.589563187729243E+011,-6.63E+00,7.088074522338458E+001,,,,
1.589763254418139E+011,-6.67E+00,2.950046058362711E+001,,,,
1.589963321107036E+011,-6.83E+00,-1.09E+01,,,,
1.590163387795932E+011,-6.97E+00,-5.05E+01,,,,
1.590363454484829E+011,-6.94E+00,-8.97E+01,,,,
1.590563521173725E+011,-6.82E+00,-1.30E+02,,,,
1.590763587862621E+011,-6.77E+00,-1.71E+02,,,,
1.590963654551517E+011,-6.89E+00,1.485618791508405E+002,,,,
1.591163721240414E+011,-7.10E+00,1.087072228335994E+002,,,,
1.591363787929310E+011,-7.08E+00,6.979819107193600E+001,,,,
1.591563854618206E+011,-7.02E+00,3.035670756427998E+001,,,,
1.591763921307102E+011,-6.99E+00,-9.57E+00,,,,
1.591963987995999E+011,-6.97E+00,-4.88E+01,,,,
1.592164054684895E+011,-6.82E+00,-8.81E+01,,,,
1.592364121373791E+011,-6.72E+00,-1.28E+02,,,,
1.592564188062688E+011,-6.73E+00,-1.69E+02,,,,
1.592764254751584E+011,-6.78E+00,1.515726540939120E+002,,,,
1.592964321440480E+011,-6.72E+00,1.123456167402480E+002,,,,
1.593164388129377E+011,-6.59E+00,7.248418470488576E+001,,,,
1.593364454818273E+011,-6.54E+00,3.211470703569898E+001,,,,
1.593564521507169E+011,-6.57E+00,-7.97E+00,,,,
1.593764588196065E+011,-6.62E+00,-4.78E+01,,,,
1.593964654884962E+011,-6.63E+00,-8.72E+01,,,,
1.594164721573858E+011,-6.66E+00,-1.27E+02,,,,
1.594364788262754E+011,-6.71E+00,-1.67E+02,,,,
1.594564854951651E+011,-6.72E+00,1.547971370529724E+002,,,,
1.594764921640547E+011,-6.61E+00,1.158125581203387E+002,,,,
1.594964988329443E+011,-6.51E+00,7.583762633006531E+001,,,,
1.595165055018340E+011,-6.55E+00,3.546164309324001E+001,,,,
1.595365121707236E+011,-6.68E+00,-4.12E+00,,,,
1.595565188396132E+011,-6.72E+00,-4.30E+01,,,,
1.595765255085028E+011,-6.69E+00,-8.20E+01,,,,
1.595965321773925E+011,-6.58E+00,-1.21E+02,,,,
1.596165388462821E+011,-6.51E+00,-1.61E+02,,,,
1.596365455151717E+011,-6.53E+00,1.582970321188321E+002,,,,
1.596565521840613E+011,-6.55E+00,1.187323542108245E+002,,,,
1.596765588529510E+011,-6.48E+00,7.860505718422503E+001,,,,
1.596965655218406E+011,-6.52E+00,3.793223410012321E+001,,,,
1.597165721907303E+011,-6.62E+00,-2.45E+00,,,,
1.597365788596199E+011,-6.66E+00,-4.23E+01,,,,
1.597565855285095E+011,-6.71E+00,-8.23E+01,,,,
1.597765921973991E+011,-6.72E+00,-1.22E+02,,,,
1.597965988662888E+011,-6.71E+00,-1.62E+02,,,,
1.598166055351784E+011,-6.75E+00,1.571752611804867E+002,,,,
1.598366122040680E+011,-6.80E+00,1.177292798686928E+002,,,,
1.598566188729576E+011,-6.71E+00,7.775212129112288E+001,,,,
1.598766255418473E+011,-6.60E+00,3.728906185327053E+001,,,,
1.598966322107369E+011,-6.56E+00,-3.69E+00,,,,
1.599166388796266E+011,-6.63E+00,-4.43E+01,,,,
1.599366455485162E+011,-6.63E+00,-8.43E+01,,,,
1.599566522174058E+011,-6.55E+00,-1.24E+02,,,,
1.599766588862954E+011,-6.51E+00,-1.65E+02,,,,
1.599966655551851E+011,-6.54E+00,1.541791513142353E+002,,,,
1.600166722240747E+011,-6.66E+00,1.141261156701352E+002,,,,
1.600366788929643E+011,-6.63E+00,7.456155924826453E+001,,,,
1.600566855618539E+011,-6.56E+00,3.460541259407389E+001,,,,
1.600766922307436E+011,-6.56E+00,-5.46E+00,,,,
1.600966988996332E+011,-6.62E+00,-4.56E+01,,,,
1.601167055685228E+011,-6.66E+00,-8.50E+01,,,,
1.601367122374125E+011,-6.64E+00,-1.24E+02,,,,
1.601567189063021E+011,-6.62E+00,-1.64E+02,,,,
1.601767255751917E+011,-6.64E+00,1.569410546966960E+002,,,,
1.601967322440814E+011,-6.59E+00,1.179326215489266E+002,,,,
1.602167389129710E+011,-6.45E+00,7.866020480151377E+001,,,,
1.602367455818606E+011,-6.30E+00,3.869896940390382E+001,,,,
1.602567522507502E+011,-6.24E+00,-1.67E+00,,,,
1.602767589196399E+011,-6.28E+00,-4.17E+01,,,,
1.602967655885295E+011,-6.32E+00,-7.10E+01,,,,
1.603167722574191E+011,-6.29E+00,-1.10E+02,,,,
1.603367789263088E+011,-6.26E+00,-1.50E+02,,,,
1.603567855951984E+011,-6.30E+00,1.702680862145322E+002,,,,
1.603767922640880E+011,-6.36E+00,1.305134719950433E+002,,,,
1.603967989329777E+011,-6.34E+00,9.114880165655272E+001,,,,
1.604168056018673E+011,-6.28E+00,5.163807784604463E+001,,,,
1.604368122707569E+011,-6.24E+00,1.129989877094726E+001,,,,
1.604568189396466E+011,-6.29E+00,-2.92E+01,,,,
1.604768256085362E+011,-6.38E+00,-6.90E+01,,,,
1.604968322774258E+011,-6.42E+00,-1.09E+02,,,,
1.605168389463154E+011,-6.41E+00,-1.48E+02,,,,
1.605368456152051E+011,-6.38E+00,1.718672388480275E+002,,,,
1.605568522840947E+011,-6.34E+00,1.314836819123004E+002,,,,
1.605768589529843E+011,-6.32E+00,9.143898517230831E+001,,,,
1.605968656218740E+011,-6.30E+00,5.119044314044068E+001,,,,
1.606168722907636E+011,-6.31E+00,1.064025284572957E+001,,,,
1.606368789596532E+011,-6.32E+00,-2.90E+01,,,,
1.606568856285429E+011,-6.31E+00,-6.92E+01,,,,
1.606768922974325E+011,-6.31E+00,-1.09E+02,,,,
1.606968989663221E+011,-6.31E+00,-1.49E+02,,,,
1.607169056352117E+011,-6.30E+00,1.712501742397734E+002,,,,
1.607369123041014E+011,-6.25E+00,1.305591712373888E+002,,,,
1.607569189729910E+011,-6.23E+00,8.989904575553511E+001,,,,
1.607769256418806E+011,-6.27E+00,4.970940646180745E+001,,,,
1.607969323107703E+011,-6.32E+00,9.413345571371940E+000,,,,
1.608169389796599E+011,-6.33E+00,-3.06E+01,,,,
1.608369456485495E+011,-6.32E+00,-7.09E+01,,,,
1.608569523174392E+011,-6.34E+00,-1.11E+02,,,,
1.608769589863288E+011,-6.40E+00,-1.51E+02,,,,
1.608969656552184E+011,-6.38E+00,1.689626659343152E+002,,,,
1.609169723241080E+011,-6.31E+00,1.291935521761539E+002,,,,
1.609369789929977E+011,-6.26E+00,8.880611331230077E+001,,,,
1.609569856618873E+011,-6.30E+00,4.800079014166973E+001,,,,
1.609769923307769E+011,-6.35E+00,7.807685756530879E+000,,,,
1.609969989996666E+011,-6.34E+00,-3.21E+01,,,,
1.610170056685562E+011,-6.38E+00,-7.26E+01,,,,
1.610370123374458E+011,-6.46E+00,-1.13E+02,,,,
1.610570190063355E+011,-6.58E+00,-1.53E+02,,,,
1.610770256752251E+011,-6.64E+00,1.677097865444459E+002,,,,
1.610970323441147E+011,-6.68E+00,1.282442844889125E+002,,,,
1.611170390130043E+011,-6.71E+00,8.875825249934312E+001,,,,
1.611370456818940E+011,-6.68E+00,4.953154384683420E+001,,,,
1.611570523507836E+011,-6.64E+00,9.961327416587073E+000,,,,
1.611770590196732E+011,-6.55E+00,-2.95E+01,,,,
1.611970656885629E+011,-6.49E+00,-6.99E+01,,,,
1.612170723574525E+011,-6.46E+00,-1.10E+02,,,,
1.612370790263421E+011,-6.48E+00,-1.50E+02,,,,
1.612570856952318E+011,-6.56E+00,1.696079027897258E+002,,,,
1.612770923641214E+011,-6.66E+00,1.303704382237382E+002,,,,
1.612970990330110E+011,-6.75E+00,9.169513584600561E+001,,,,
1.613171057019006E+011,-6.74E+00,5.270807660139283E+001,,,,
1.613371123707903E+011,-6.70E+00,1.352243129291610E+001,,,,
1.613571190396799E+011,-6.66E+00,-2.58E+01,,,,
1.613771257085695E+011,-6.68E+00,-6.52E+01,,,,
1.613971323774592E+011,-6.68E+00,-1.04E+02,,,,
1.614171390463488E+011,-6.69E+00,-1.44E+02,,,,
1.614371457152384E+011,-6.65E+00,1.770262404477393E+002,,,,
1.614571523841281E+011,-6.62E+00,1.376116903386206E+002,,,,
1.614771590530177E+011,-6.60E+00,9.738604568245948E+001,,,,
1.614971657219073E+011,-6.67E+00,5.750427632198316E+001,,,,
1.615171723907969E+011,-6.80E+00,1.804603964421842E+001,,,,
1.615371790596866E+011,-6.88E+00,-2.10E+01,,,,
1.615571857285762E+011,-6.87E+00,-5.98E+01,,,,
1.615771923974658E+011,-6.80E+00,-9.94E+01,,,,
1.615971990663555E+011,-6.74E+00,-1.39E+02,,,,
1.616172057352451E+011,-6.68E+00,-1.80E+02,,,,
1.616372124041347E+011,-6.71E+00,1.399608690735449E+002,,,,
1.616572190730244E+011,-6.77E+00,9.964798518443377E+001,,,,
1.616772257419140E+011,-6.81E+00,5.930383142039953E+001,,,,
1.616972324108036E+011,-6.87E+00,1.901672052327650E+001,,,,
1.617172390796932E+011,-6.93E+00,-2.11E+01,,,,
1.617372457485829E+011,-6.94E+00,-6.08E+01,,,,
1.617572524174725E+011,-6.90E+00,-1.01E+02,,,,
1.617772590863621E+011,-6.94E+00,-1.41E+02,,,,
1.617972657552518E+011,-6.91E+00,1.784637804780684E+002,,,,
1.618172724241414E+011,-6.93E+00,1.380165419933920E+002,,,,
1.618372790930310E+011,-6.92E+00,9.815521040655932E+001,,,,
1.618572857619207E+011,-6.89E+00,5.800578719819096E+001,,,,
1.618772924308103E+011,-6.77E+00,1.840865330123054E+001,,,,
1.618972990996999E+011,-6.72E+00,-2.24E+01,,,,
1.619173057685895E+011,-6.74E+00,-6.30E+01,,,,
1.619373124374792E+011,-6.77E+00,-1.03E+02,,,,
1.619573191063688E+011,-6.74E+00,-1.43E+02,,,,
1.619773257752584E+011,-6.73E+00,1.764999277450625E+002,,,,
1.619973324441481E+011,-6.88E+00,1.362917052436941E+002,,,,
1.620173391130377E+011,-7.02E+00,9.733426288011053E+001,,,,
1.620373457819273E+011,-7.07E+00,5.907723602386130E+001,,,,
1.620573524508170E+011,-6.99E+00,2.003390475005212E+001,,,,
1.620773591197066E+011,-6.97E+00,-1.92E+01,,,,
1.620973657885962E+011,-7.03E+00,-5.85E+01,,,,
1.621173724574858E+011,-7.08E+00,-9.74E+01,,,,
1.621373791263755E+011,-7.02E+00,-1.36E+02,,,,
1.621573857952651E+011,-6.92E+00,-1.75E+02,,,,
1.621773924641547E+011,-6.93E+00,1.455199861184196E+002,,,,
1.621973991330443E+011,-7.03E+00,1.063260168937679E+002,,,,
1.622174058019340E+011,-7.10E+00,6.793405938973663E+001,,,,
1.622374124708236E+011,-6.99E+00,2.916303885904198E+001,,,,
1.622574191397133E+011,-6.94E+00,-1.09E+01,,,,
1.622774258086029E+011,-7.10E+00,-5.05E+01,,,,
1.622974324774925E+011,-7.33E+00,-8.88E+01,,,,
1.623174391463821E+011,-7.22E+00,-1.26E+02,,,,
1.623374458152718E+011,-7.00E+00,-1.66E+02,,,,
1.623574524841614E+011,-6.93E+00,1.536616790392393E+002,,,,
1.623774591530510E+011,-6.98E+00,1.136341278189430E+002,,,,
1.623974658219406E+011,-7.02E+00,7.430946098292229E+001,,,,
1.624174724908303E+011,-6.97E+00,3.417708169121860E+001,,,,
1.624374791597199E+011,-6.97E+00,-6.56E+00,,,,
1.624574858286096E+011,-7.04E+00,-4.68E+01,,,,
1.624774924974992E+011,-7.16E+00,-8.68E+01,,,,
1.624974991663888E+011,-7.14E+00,-1.27E+02,,,,
1.625175058352784E+011,-7.05E+00,-1.67E+02,,,,
1.625375125041681E+011,-7.07E+00,1.523421032753457E+002,,,,
1.625575191730577E+011,-7.19E+00,1.123635594492185E+002,,,,
1.625775258419473E+011,-7.16E+00,7.295987858197736E+001,,,,
1.625975325108369E+011,-7.02E+00,3.286030974445708E+001,,,,
1.626175391797266E+011,-6.95E+00,-7.87E+00,,,,
1.626375458486162E+011,-6.99E+00,-4.87E+01,,,,
1.626575525175058E+011,-7.05E+00,-8.86E+01,,,,
1.626775591863955E+011,-6.96E+00,-1.29E+02,,,,
1.626975658552851E+011,-6.89E+00,-1.69E+02,,,,
1.627175725241747E+011,-6.93E+00,1.500212694373147E+002,,,,
1.627375791930644E+011,-7.09E+00,1.100047339221420E+002,,,,
1.627575858619540E+011,-7.13E+00,7.133103417434033E+001,,,,
1.627775925308436E+011,-7.03E+00,3.139424072254654E+001,,,,
1.627975991997333E+011,-6.97E+00,-8.95E+00,,,,
1.628176058686229E+011,-7.04E+00,-4.94E+01,,,,
1.628376125375125E+011,-7.13E+00,-8.85E+01,,,,
1.628576192064021E+011,-7.10E+00,-1.28E+02,,,,
1.628776258752918E+011,-7.03E+00,-1.69E+02,,,,
1.628976325441814E+011,-7.12E+00,1.504638667629132E+002,,,,
1.629176392130710E+011,-7.41E+00,1.110206687489749E+002,,,,
1.629376458819607E+011,-7.46E+00,7.281235039132822E+001,,,,
1.629576525508503E+011,-7.39E+00,3.434582602437229E+001,,,,
1.629776592197399E+011,-7.24E+00,-4.85E+00,,,,
1.629976658886296E+011,-7.14E+00,-4.49E+01,,,,
1.630176725575192E+011,-7.09E+00,-8.46E+01,,,,
1.630376792264088E+011,-7.06E+00,-1.24E+02,,,,
1.630576858952984E+011,-7.04E+00,-1.64E+02,,,,
1.630776925641881E+011,-7.14E+00,1.552827625767902E+002,,,,
1.630976992330777E+011,-7.42E+00,1.164696268457571E+002,,,,
1.631177059019673E+011,-7.43E+00,7.886863645703978E+001,,,,
1.631377125708570E+011,-7.39E+00,4.077850033770269E+001,,,,
1.631577192397466E+011,-7.25E+00,2.236217258128848E+000,,,,
1.631777259086362E+011,-7.06E+00,-3.68E+01,,,,
1.631977325775259E+011,-6.92E+00,-7.68E+01,,,,
1.632177392464155E+011,-6.87E+00,-1.17E+02,,,,
1.632377459153051E+011,-6.89E+00,-1.57E+02,,,,
1.632577525841947E+011,-6.96E+00,1.631296837817258E+002,,,,
1.632777592530844E+011,-7.05E+00,1.237943371514915E+002,,,,
1.632977659219740E+011,-7.05E+00,8.442535191447769E+001,,,,
1.633177725908636E+011,-7.07E+00,4.473808391557093E+001,,,,
1.633377792597533E+011,-7.06E+00,5.340787972477861E+000,,,,
1.633577859286429E+011,-7.05E+00,-3.42E+01,,,,
1.633777925975325E+011,-6.98E+00,-7.43E+01,,,,
1.633977992664222E+011,-7.00E+00,-1.15E+02,,,,
1.634178059353118E+011,-7.08E+00,-1.55E+02,,,,
1.634378126042014E+011,-7.09E+00,1.650838061611362E+002,,,,
1.634578192730910E+011,-7.05E+00,1.250076717387568E+002,,,,
1.634778259419807E+011,-6.95E+00,8.483846797738072E+001,,,,
1.634978326108703E+011,-6.85E+00,4.431754128939108E+001,,,,
1.635178392797599E+011,-6.78E+00,3.173045725653461E+000,,,,
1.635378459486495E+011,-6.79E+00,-3.79E+01,,,,
1.635578526175392E+011,-6.74E+00,-7.84E+01,,,,
1.635778592864288E+011,-6.70E+00,-1.20E+02,,,,
1.635978659553185E+011,-6.77E+00,-1.61E+02,,,,
1.636178726242081E+011,-6.93E+00,1.578522806643773E+002,,,,
1.636378792930977E+011,-7.10E+00,1.180082397127362E+002,,,,
1.636578859619873E+011,-7.09E+00,7.860873784559023E+001,,,,
1.636778926308770E+011,-7.01E+00,3.883849425048294E+001,,,,
1.636978992997666E+011,-6.93E+00,-1.37E+00,,,,
1.637179059686562E+011,-6.80E+00,-4.15E+01,,,,
1.637379126375458E+011,-6.76E+00,-8.23E+01,,,,
1.637579193064355E+011,-6.80E+00,-1.23E+02,,,,
1.637779259753251E+011,-6.90E+00,-1.62E+02,,,,
1.637979326442148E+011,-6.94E+00,1.584053265095046E+002,,,,
1.638179393131044E+011,-6.89E+00,1.195285194473653E+002,,,,
1.638379459819940E+011,-6.79E+00,8.054655682816551E+001,,,,
1.638579526508836E+011,-6.72E+00,4.117317759630309E+001,,,,
1.638779593197733E+011,-6.72E+00,1.347016708727394E+000,,,,
1.638979659886629E+011,-6.77E+00,-3.78E+01,,,,
1.639179726575525E+011,-6.76E+00,-7.65E+01,,,,
1.639379793264421E+011,-6.74E+00,-1.16E+02,,,,
1.639579859953318E+011,-6.78E+00,-1.55E+02,,,,
1.639779926642214E+011,-6.90E+00,1.664230984040427E+002,,,,
1.639979993331110E+011,-6.92E+00,1.286044733248133E+002,,,,
1.640180060020007E+011,-6.84E+00,9.001114098428056E+001,,,,
1.640380126708903E+011,-6.76E+00,5.074396314300520E+001,,,,
1.640580193397799E+011,-6.75E+00,1.091566396893300E+001,,,,
1.640780260086696E+011,-6.82E+00,-2.85E+01,,,,
1.640980326775592E+011,-6.84E+00,-6.80E+01,,,,
1.641180393464488E+011,-6.84E+00,-1.07E+02,,,,
1.641380460153384E+011,-6.82E+00,-1.47E+02,,,,
1.641580526842281E+011,-6.79E+00,1.729307014943692E+002,,,,
1.641780593531177E+011,-6.78E+00,1.329010172219334E+002,,,,
1.641980660220073E+011,-6.80E+00,9.222617849503203E+001,,,,
1.642180726908970E+011,-6.80E+00,5.210857282557832E+001,,,,
1.642380793597866E+011,-6.76E+00,1.178975510684750E+001,,,,
1.642580860286762E+011,-6.68E+00,-2.88E+01,,,,
1.642780926975659E+011,-6.62E+00,-6.98E+01,,,,
1.642980993664555E+011,-6.62E+00,-1.11E+02,,,,
1.643181060353451E+011,-6.64E+00,-1.52E+02,,,,
1.643381127042347E+011,-6.69E+00,1.666727292220127E+002,,,,
1.643581193731244E+011,-6.74E+00,1.256384052559998E+002,,,,
1.643781260420140E+011,-6.81E+00,8.457143468358252E+001,,,,
1.643981327109036E+011,-6.87E+00,4.353324763359696E+001,,,,
1.644181393797933E+011,-6.96E+00,2.992166921926616E+000,,,,
1.644381460486829E+011,-6.96E+00,-3.73E+01,,,,
1.644581527175725E+011,-6.91E+00,-7.74E+01,,,,
1.644781593864622E+011,-6.92E+00,-1.18E+02,,,,
1.644981660553518E+011,-7.07E+00,-1.60E+02,,,,
1.645181727242414E+011,-7.32E+00,1.605498076326986E+002,,,,
1.645381793931310E+011,-7.49E+00,1.219733771226054E+002,,,,
1.645581860620207E+011,-7.53E+00,8.361833681667274E+001,,,,
1.645781927309103E+011,-7.47E+00,4.535168173574376E+001,,,,
1.645981993997999E+011,-7.38E+00,6.329189067239957E+000,,,,
1.646182060686896E+011,-7.30E+00,-3.26E+01,,,,
1.646382127375792E+011,-7.23E+00,-7.23E+01,,,,
1.646582194064688E+011,-7.19E+00,-1.12E+02,,,,
1.646782260753585E+011,-7.26E+00,-1.52E+02,,,,
1.646982327442481E+011,-7.36E+00,1.694758835991626E+002,,,,
1.647182394131377E+011,-7.44E+00,1.309656773065611E+002,,,,
1.647382460820273E+011,-7.45E+00,9.221289398410910E+001,,,,
1.647582527509170E+011,-7.40E+00,5.360972893728877E+001,,,,
1.647782594198066E+011,-7.37E+00,1.468792185074185E+001,,,,
1.647982660886962E+011,-7.33E+00,-2.49E+01,,,,
1.648182727575859E+011,-7.30E+00,-6.44E+01,,,,
1.648382794264755E+011,-7.27E+00,-1.04E+02,,,,
1.648582860953651E+011,-7.24E+00,-1.44E+02,,,,
1.648782927642548E+011,-7.21E+00,1.763677787074690E+002,,,,
1.648982994331444E+011,-7.23E+00,1.363941308597716E+002,,,,
1.649183061020340E+011,-7.25E+00,9.720735545621467E+001,,,,
1.649383127709237E+011,-7.24E+00,5.732226159671892E+001,,,,
1.649583194398133E+011,-7.24E+00,1.722092925412153E+001,,,,
1.649783261087029E+011,-7.27E+00,-2.23E+01,,,,
1.649983327775925E+011,-7.31E+00,-6.21E+01,,,,
1.650183394464822E+011,-7.32E+00,-1.02E+02,,,,
1.650383461153718E+011,-7.31E+00,-1.41E+02,,,,
1.650583527842614E+011,-7.21E+00,1.796796988384753E+002,,,,
1.650783594531511E+011,-7.13E+00,1.395219565902552E+002,,,,
1.650983661220407E+011,-7.14E+00,9.947956105652672E+001,,,,
1.651183727909303E+011,-7.12E+00,5.959528253670691E+001,,,,
1.651383794598200E+011,-7.09E+00,1.995689410638000E+001,,,,
1.651583861287096E+011,-7.02E+00,-2.00E+01,,,,
1.651783927975992E+011,-6.96E+00,-6.02E+01,,,,
1.651983994664888E+011,-6.92E+00,-1.01E+02,,,,
1.652184061353785E+011,-6.94E+00,-1.41E+02,,,,
1.652384128042681E+011,-6.89E+00,1.790980457082549E+002,,,,
1.652584194731577E+011,-6.88E+00,1.384126042206512E+002,,,,
1.652784261420474E+011,-6.93E+00,9.741780547333656E+001,,,,
1.652984328109370E+011,-7.02E+00,5.714114301070092E+001,,,,
1.653184394798266E+011,-7.04E+00,1.751817417772585E+001,,,,
1.653384461487163E+011,-6.96E+00,-2.32E+01,,,,
1.653584528176059E+011,-6.94E+00,-6.41E+01,,,,
1.653784594864955E+011,-7.01E+00,-1.05E+02,,,,
1.653984661553851E+011,-7.09E+00,-1.45E+02,,,,
1.654184728242748E+011,-7.16E+00,1.740090063622452E+002,,,,
1.654384794931644E+011,-7.25E+00,1.336692054992519E+002,,,,
1.654584861620540E+011,-7.34E+00,9.364332028869745E+001,,,,
1.654784928309437E+011,-7.43E+00,5.441001794697651E+001,,,,
1.654984994998333E+011,-7.37E+00,1.540568421541217E+001,,,,
1.655185061687229E+011,-7.19E+00,-2.45E+01,,,,
1.655385128376126E+011,-7.12E+00,-6.56E+01,,,,
1.655585195065022E+011,-7.28E+00,-1.07E+02,,,,
1.655785261753918E+011,-7.49E+00,-1.45E+02,,,,
1.655985328442814E+011,-7.50E+00,1.762613424241093E+002,,,,
1.656185395131711E+011,-7.38E+00,1.376512796819155E+002,,,,
1.656385461820607E+011,-7.34E+00,9.788525248906909E+001,,,,
1.656585528509503E+011,-7.33E+00,5.915693984655825E+001,,,,
1.656785595198400E+011,-7.26E+00,2.007152016969550E+001,,,,
1.656985661887296E+011,-7.24E+00,-1.94E+01,,,,
1.657185728576192E+011,-7.29E+00,-5.89E+01,,,,
1.657385795265089E+011,-7.43E+00,-9.78E+01,,,,
1.657585861953985E+011,-7.56E+00,-1.36E+02,,,,
1.657785928642881E+011,-7.48E+00,-1.74E+02,,,,
1.657985995331777E+011,-7.30E+00,1.477679385679914E+002,,,,
1.658186062020674E+011,-7.23E+00,1.080429498232766E+002,,,,
1.658386128709570E+011,-7.25E+00,6.852614398874886E+001,,,,
1.658586195398466E+011,-7.20E+00,3.002138885737392E+001,,,,
1.658786262087363E+011,-7.06E+00,-9.62E+00,,,,
1.658986328776259E+011,-6.98E+00,-4.98E+01,,,,
1.659186395465155E+011,-7.07E+00,-9.01E+01,,,,
1.659386462154052E+011,-7.14E+00,-1.29E+02,,,,
1.659586528842948E+011,-7.02E+00,-1.69E+02,,,,
1.659786595531844E+011,-6.90E+00,1.504731545415204E+002,,,,
1.659986662220740E+011,-6.89E+00,1.091637033138829E+002,,,,
1.660186728909637E+011,-6.99E+00,6.812262483016711E+001,,,,
1.660386795598533E+011,-7.06E+00,2.785770212735267E+001,,,,
1.660586862287429E+011,-7.06E+00,-1.28E+01,,,,
1.660786928976325E+011,-7.07E+00,-5.38E+01,,,,
1.660986995665222E+011,-7.14E+00,-9.42E+01,,,,
1.661187062354118E+011,-7.11E+00,-1.35E+02,,,,
1.661387129043015E+011,-7.09E+00,-1.76E+02,,,,
1.661587195731911E+011,-7.14E+00,1.432012552539643E+002,,,,
1.661787262420807E+011,-7.16E+00,1.027276609422784E+002,,,,
1.661987329109703E+011,-7.12E+00,6.236433925920753E+001,,,,
1.662187395798600E+011,-7.08E+00,2.178409126614787E+001,,,,
1.662387462487496E+011,-7.07E+00,-1.88E+01,,,,
1.662587529176392E+011,-7.08E+00,-5.93E+01,,,,
1.662787595865288E+011,-7.05E+00,-9.98E+01,,,,
1.662987662554185E+011,-7.05E+00,-1.41E+02,,,,
1.663187729243081E+011,-7.17E+00,1.789183620912687E+002,,,,
1.663387795931978E+011,-7.29E+00,1.393400430393915E+002,,,,
1.663587862620874E+011,-7.32E+00,1.007478711599866E+002,,,,
1.663787929309770E+011,-7.17E+00,6.195201909679146E+001,,,,
1.663987995998666E+011,-7.06E+00,2.179540707681375E+001,,,,
1.664188062687563E+011,-7.12E+00,-1.86E+01,,,,
1.664388129376459E+011,-7.34E+00,-5.79E+01,,,,
1.664588196065355E+011,-7.47E+00,-9.59E+01,,,,
1.664788262754251E+011,-7.50E+00,-1.34E+02,,,,
1.664988329443148E+011,-7.32E+00,-1.71E+02,,,,
1.665188396132044E+011,-7.02E+00,1.501027545491743E+002,,,,
1.665388462820940E+011,-6.84E+00,1.101383482253506E+002,,,,
1.665588529509837E+011,-6.83E+00,7.008950551980587E+001,,,,
1.665788596198733E+011,-6.82E+00,3.104654661682482E+001,,,,
1.665988662887629E+011,-6.73E+00,-8.49E+00,,,,
1.666188729576526E+011,-6.69E+00,-4.84E+01,,,,
1.666388796265422E+011,-6.65E+00,-8.85E+01,,,,
1.666588862954318E+011,-6.67E+00,-1.28E+02,,,,
1.666788929643214E+011,-6.68E+00,-1.69E+02,,,,
1.666988996332111E+011,-6.70E+00,1.508571304425809E+002,,,,
1.667189063021007E+011,-6.81E+00,1.106568599900287E+002,,,,
1.667389129709903E+011,-6.88E+00,7.064943140885482E+001,,,,
1.667589196398800E+011,-6.98E+00,3.079266976520415E+001,,,,
1.667789263087696E+011,-7.05E+00,-8.93E+00,,,,
1.667989329776592E+011,-7.08E+00,-4.84E+01,,,,
1.668189396465489E+011,-7.09E+00,-8.85E+01,,,,
1.668389463154385E+011,-7.08E+00,-1.28E+02,,,,
1.668589529843281E+011,-7.04E+00,-1.69E+02,,,,
1.668789596532177E+011,-7.02E+00,1.511494622598745E+002,,,,
1.668989663221074E+011,-7.03E+00,1.110318099746882E+002,,,,
1.669189729909970E+011,-7.02E+00,7.120192807272434E+001,,,,
1.669389796598866E+011,-6.92E+00,3.132163326833163E+001,,,,
1.669589863287763E+011,-6.82E+00,-9.37E+00,,,,
1.669789929976659E+011,-6.80E+00,-5.00E+01,,,,
1.669989996665555E+011,-6.80E+00,-9.05E+01,,,,
1.670190063354452E+011,-6.81E+00,-1.30E+02,,,,
1.670390130043348E+011,-6.80E+00,-1.70E+02,,,,
1.670590196732244E+011,-6.81E+00,1.494187715936786E+002,,,,
1.670790263421140E+011,-6.78E+00,1.092535194964999E+002,,,,
1.670990330110037E+011,-6.75E+00,6.940948562743056E+001,,,,
1.671190396798933E+011,-6.74E+00,2.937856861914146E+001,,,,
1.671390463487829E+011,-6.75E+00,-1.07E+01,,,,
1.671590530176726E+011,-6.77E+00,-5.07E+01,,,,
1.671790596865622E+011,-6.77E+00,-9.03E+01,,,,
1.671990663554518E+011,-6.77E+00,-1.30E+02,,,,
1.672190730243415E+011,-6.73E+00,-1.70E+02,,,,
1.672390796932311E+011,-6.72E+00,1.497990786501250E+002,,,,
1.672590863621207E+011,-6.78E+00,1.092335329913358E+002,,,,
1.672790930310104E+011,-6.92E+00,6.900871483914133E+001,,,,
1.672990996999000E+011,-7.13E+00,2.982809908225845E+001,,,,
1.673191063687896E+011,-7.15E+00,-8.40E+00,,,,
1.673391130376792E+011,-6.95E+00,-4.75E+01,,,,
1.673591197065689E+011,-6.84E+00,-8.74E+01,,,,
1.673791263754585E+011,-6.86E+00,-1.28E+02,,,,
1.673991330443481E+011,-6.85E+00,-1.67E+02,,,,
1.674191397132377E+011,-6.79E+00,1.530523825992049E+002,,,,
1.674391463821274E+011,-6.70E+00,1.132229492009847E+002,,,,
1.674591530510170E+011,-6.73E+00,7.269366772297299E+001,,,,
1.674791597199067E+011,-6.82E+00,3.304841840800454E+001,,,,
1.674991663887963E+011,-6.82E+00,-5.86E+00,,,,
1.675191730576859E+011,-6.78E+00,-4.57E+01,,,,
1.675391797265755E+011,-6.78E+00,-8.57E+01,,,,
1.675591863954652E+011,-6.87E+00,-1.25E+02,,,,
1.675791930643548E+011,-6.91E+00,-1.64E+02,,,,
1.675991997332444E+011,-6.85E+00,1.570556701874505E+002,,,,
1.676192064021340E+011,-6.74E+00,1.173238543883989E+002,,,,
1.676392130710237E+011,-6.67E+00,7.752285047290171E+001,,,,
1.676592197399133E+011,-6.68E+00,3.752674614873541E+001,,,,
1.676792264088030E+011,-6.65E+00,-1.79E+00,,,,
1.676992330776926E+011,-6.54E+00,-4.13E+01,,,,
1.677192397465822E+011,-6.48E+00,-8.21E+01,,,,
1.677392464154718E+011,-6.62E+00,-1.23E+02,,,,
1.677592530843615E+011,-6.74E+00,-1.62E+02,,,,
1.677792597532511E+011,-6.66E+00,1.587353445301148E+002,,,,
1.677992664221407E+011,-6.50E+00,1.187425027454330E+002,,,,
1.678192730910303E+011,-6.44E+00,7.773260414015195E+001,,,,
1.678392797599200E+011,-6.52E+00,3.702321778166252E+001,,,,
1.678592864288096E+011,-6.59E+00,-3.07E+00,,,,
1.678792930976992E+011,-6.56E+00,-4.28E+01,,,,
1.678992997665889E+011,-6.49E+00,-8.36E+01,,,,
1.679193064354785E+011,-6.47E+00,-1.25E+02,,,,
1.679393131043681E+011,-6.53E+00,-1.66E+02,,,,
1.679593197732578E+011,-6.61E+00,1.539880720793943E+002,,,,
1.679793264421474E+011,-6.63E+00,1.131835202672659E+002,,,,
1.679993331110370E+011,-6.78E+00,7.233998750212669E+001,,,,
1.680193397799266E+011,-6.88E+00,3.314423246228049E+001,,,,
1.680393464488163E+011,-6.78E+00,-6.88E+00,,,,
1.680593531177059E+011,-6.69E+00,-4.73E+01,,,,
1.680793597865955E+011,-6.67E+00,-8.85E+01,,,,
1.680993664554852E+011,-6.77E+00,-1.29E+02,,,,
1.681193731243748E+011,-6.86E+00,-1.69E+02,,,,
1.681393797932644E+011,-6.88E+00,1.513588361285524E+002,,,,
1.681593864621541E+011,-6.80E+00,1.116126102901391E+002,,,,
1.681793931310437E+011,-6.75E+00,7.135654739519863E+001,,,,
1.681993997999333E+011,-6.85E+00,3.085914166657252E+001,,,,
1.682194064688229E+011,-6.99E+00,-8.42E+00,,,,
1.682394131377126E+011,-6.99E+00,-4.68E+01,,,,
1.682594198066022E+011,-6.90E+00,-8.65E+01,,,,
1.682794264754918E+011,-6.90E+00,-1.26E+02,,,,
1.682994331443815E+011,-6.98E+00,-1.66E+02,,,,
1.683194398132711E+011,-7.02E+00,1.551166887465717E+002,,,,
1.683394464821607E+011,-6.93E+00,1.160459966421902E+002,,,,
1.683594531510504E+011,-6.86E+00,7.581590782305328E+001,,,,
1.683794598199400E+011,-7.01E+00,3.506619765953931E+001,,,,
1.683994664888296E+011,-7.23E+00,-3.71E+00,,,,
1.684194731577192E+011,-7.22E+00,-4.20E+01,,,,
1.684394798266089E+011,-7.21E+00,-8.15E+01,,,,
1.684594864954985E+011,-7.33E+00,-1.22E+02,,,,
1.684794931643881E+011,-7.53E+00,-1.60E+02,,,,
1.684994998332778E+011,-7.52E+00,1.617392048247493E+002,,,,
1.685195065021674E+011,-7.43E+00,1.225611093088449E+002,,,,
1.685395131710570E+011,-7.41E+00,8.297980154472904E+001,,,,
1.685595198399467E+011,-7.50E+00,4.393827813143585E+001,,,,
1.685795265088363E+011,-7.36E+00,5.257820291454160E+000,,,,
1.685995331777259E+011,-7.16E+00,-3.50E+01,,,,
1.686195398466155E+011,-7.12E+00,-7.57E+01,,,,
1.686395465155052E+011,-7.22E+00,-1.16E+02,,,,
1.686595531843948E+011,-7.20E+00,-1.55E+02,,,,
1.686795598532844E+011,-7.06E+00,1.643106231650458E+002,,,,
1.686995665221741E+011,-7.06E+00,1.235749529283707E+002,,,,
1.687195731910637E+011,-7.09E+00,8.326053467179311E+001,,,,
1.687395798599533E+011,-7.05E+00,4.307842147941951E+001,,,,
1.687595865288430E+011,-6.97E+00,2.126046213736025E+000,,,,
1.687795931977326E+011,-6.99E+00,-3.90E+01,,,,
1.687995998666222E+011,-7.06E+00,-7.96E+01,,,,
1.688196065355118E+011,-7.18E+00,-1.20E+02,,,,
1.688396132044015E+011,-7.13E+00,-1.59E+02,,,,
1.688596198732911E+011,-6.92E+00,1.605320776725343E+002,,,,
1.688796265421807E+011,-6.87E+00,1.191232664541566E+002,,,,
1.688996332110704E+011,-6.96E+00,7.786628784431373E+001,,,,
1.689196398799600E+011,-7.05E+00,3.822725199719134E+001,,,,
1.689396465488496E+011,-6.99E+00,-2.03E+00,,,,
1.689596532177393E+011,-7.02E+00,-4.25E+01,,,,
1.689796598866289E+011,-7.13E+00,-8.27E+01,,,,
1.689996665555185E+011,-7.23E+00,-1.22E+02,,,,
1.690196732244081E+011,-7.18E+00,-1.61E+02,,,,
1.690396798932978E+011,-7.12E+00,1.583821122587228E+002,,,,
1.690596865621874E+011,-7.20E+00,1.182225604662298E+002,,,,
1.690796932310770E+011,-7.35E+00,7.818832910677446E+001,,,,
1.690996998999667E+011,-7.56E+00,3.920553565058770E+001,,,,
1.691197065688563E+011,-7.63E+00,1.203290772371096E+000,,,,
1.691397132377459E+011,-7.43E+00,-3.72E+01,,,,
1.691597199066356E+011,-7.36E+00,-7.74E+01,,,,
1.691797265755252E+011,-7.52E+00,-1.17E+02,,,,
1.691997332444148E+011,-7.49E+00,-1.55E+02,,,,
1.692197399133044E+011,-7.37E+00,1.654023261533533E+002,,,,
1.692397465821941E+011,-7.35E+00,1.252818055770083E+002,,,,
1.692597532510837E+011,-7.45E+00,8.566025605808737E+001,,,,
1.692797599199733E+011,-7.53E+00,4.739768224642180E+001,,,,
1.692997665888630E+011,-7.43E+00,8.190235329726399E+000,,,,
1.693197732577526E+011,-7.38E+00,-3.10E+01,,,,
1.693397799266422E+011,-7.30E+00,-7.07E+01,,,,
1.693597865955319E+011,-7.31E+00,-1.11E+02,,,,
1.693797932644215E+011,-7.39E+00,-1.51E+02,,,,
1.693997999333111E+011,-7.45E+00,1.698551221837520E+002,,,,
1.694198066022007E+011,-7.47E+00,1.306107799979629E+002,,,,
1.694398132710904E+011,-7.43E+00,9.088356934179593E+001,,,,
1.694598199399800E+011,-7.40E+00,5.152001980818871E+001,,,,
1.694798266088696E+011,-7.37E+00,1.145680296120669E+001,,,,
1.694998332777593E+011,-7.41E+00,-2.89E+01,,,,
1.695198399466489E+011,-7.45E+00,-6.88E+01,,,,
1.695398466155385E+011,-7.54E+00,-1.09E+02,,,,
1.695598532844282E+011,-7.60E+00,-1.47E+02,,,,
1.695798599533178E+011,-7.46E+00,1.731420691487553E+002,,,,
1.695998666222074E+011,-7.42E+00,1.328672775015151E+002,,,,
1.696198732910971E+011,-7.49E+00,9.269521803608832E+001,,,,
1.696398799599867E+011,-7.36E+00,5.358428994131999E+001,,,,
1.696598866288763E+011,-7.21E+00,1.312679794642591E+001,,,,
1.696798932977659E+011,-7.17E+00,-2.77E+01,,,,
1.696998999666556E+011,-7.17E+00,-6.87E+01,,,,
1.697199066355452E+011,-7.26E+00,-1.10E+02,,,,
1.697399133044348E+011,-7.39E+00,-1.50E+02,,,,
1.697599199733245E+011,-7.45E+00,1.701735353681744E+002,,,,
1.697799266422141E+011,-7.52E+00,1.296196578253478E+002,,,,
1.697999333111037E+011,-7.65E+00,8.968765483574900E+001,,,,
1.698199399799934E+011,-7.62E+00,5.056511429934650E+001,,,,
1.698399466488830E+011,-7.58E+00,1.014142998872910E+001,,,,
1.698599533177726E+011,-7.62E+00,-2.99E+01,,,,
1.698799599866622E+011,-7.62E+00,-6.99E+01,,,,
1.698999666555519E+011,-7.60E+00,-1.10E+02,,,,
1.699199733244415E+011,-7.54E+00,-1.50E+02,,,,
1.699399799933311E+011,-7.57E+00,1.698421177141819E+002,,,,
1.699599866622207E+011,-7.65E+00,1.299188379243225E+002,,,,
1.699799933311104E+011,-7.66E+00,9.094984888162713E+001,,,,
1.700000000000000E+011,-7.52E+00,5.177614452482742E+001,,,,